ISO-10303-21;
HEADER;
FILE_DESCRIPTION(('FreeCAD Model'),'2;1');
FILE_NAME('Open CASCADE Shape Model','2025-05-14T10:35:44',('Author'),(
    ''),'Open CASCADE STEP processor 7.7','FreeCAD','Unknown');
FILE_SCHEMA(('AUTOMOTIVE_DESIGN { 1 0 10303 214 1 1 1 1 }'));
ENDSEC;
DATA;
#1 = APPLICATION_PROTOCOL_DEFINITION('international standard',
  'automotive_design',2000,#2);
#2 = APPLICATION_CONTEXT(
  'core data for automotive mechanical design processes');
#3 = SHAPE_DEFINITION_REPRESENTATION(#4,#10);
#4 = PRODUCT_DEFINITION_SHAPE('','',#5);
#5 = PRODUCT_DEFINITION('design','',#6,#9);
#6 = PRODUCT_DEFINITION_FORMATION('','',#7);
#7 = PRODUCT('COMPOUND077','COMPOUND077','',(#8));
#8 = PRODUCT_CONTEXT('',#2,'mechanical');
#9 = PRODUCT_DEFINITION_CONTEXT('part definition',#2,'design');
#10 = SHAPE_REPRESENTATION('',(#11,#15,#19,#23),#27);
#11 = AXIS2_PLACEMENT_3D('',#12,#13,#14);
#12 = CARTESIAN_POINT('',(0.,0.,0.));
#13 = DIRECTION('',(0.,0.,1.));
#14 = DIRECTION('',(1.,0.,-0.));
#15 = AXIS2_PLACEMENT_3D('',#16,#17,#18);
#16 = CARTESIAN_POINT('',(0.,0.,0.));
#17 = DIRECTION('',(0.,0.,1.));
#18 = DIRECTION('',(1.,0.,0.));
#19 = AXIS2_PLACEMENT_3D('',#20,#21,#22);
#20 = CARTESIAN_POINT('',(0.,0.,0.));
#21 = DIRECTION('',(0.,0.,1.));
#22 = DIRECTION('',(1.,0.,0.));
#23 = AXIS2_PLACEMENT_3D('',#24,#25,#26);
#24 = CARTESIAN_POINT('',(0.,0.,0.));
#25 = DIRECTION('',(0.,0.,1.));
#26 = DIRECTION('',(1.,0.,0.));
#27 = ( GEOMETRIC_REPRESENTATION_CONTEXT(3) 
GLOBAL_UNCERTAINTY_ASSIGNED_CONTEXT((#31)) GLOBAL_UNIT_ASSIGNED_CONTEXT(
(#28,#29,#30)) REPRESENTATION_CONTEXT('Context #1',
  '3D Context with UNIT and UNCERTAINTY') );
#28 = ( LENGTH_UNIT() NAMED_UNIT(*) SI_UNIT(.MILLI.,.METRE.) );
#29 = ( NAMED_UNIT(*) PLANE_ANGLE_UNIT() SI_UNIT($,.RADIAN.) );
#30 = ( NAMED_UNIT(*) SI_UNIT($,.STERADIAN.) SOLID_ANGLE_UNIT() );
#31 = UNCERTAINTY_MEASURE_WITH_UNIT(LENGTH_MEASURE(1.E-07),#28,
  'distance_accuracy_value','confusion accuracy');
#32 = PRODUCT_RELATED_PRODUCT_CATEGORY('part',$,(#7));
#33 = SHAPE_DEFINITION_REPRESENTATION(#34,#40);
#34 = PRODUCT_DEFINITION_SHAPE('','',#35);
#35 = PRODUCT_DEFINITION('design','',#36,#39);
#36 = PRODUCT_DEFINITION_FORMATION('','',#37);
#37 = PRODUCT('COMPOUND074','COMPOUND074','',(#38));
#38 = PRODUCT_CONTEXT('',#2,'mechanical');
#39 = PRODUCT_DEFINITION_CONTEXT('part definition',#2,'design');
#40 = ADVANCED_BREP_SHAPE_REPRESENTATION('',(#11,#41),#1057);
#41 = MANIFOLD_SOLID_BREP('',#42);
#42 = CLOSED_SHELL('',(#43,#109,#189,#205,#230,#297,#320,#424,#452,#477,
    #519,#568,#617,#642,#694,#727,#747,#795,#807,#871,#888,#905,#922,
    #939,#956,#973,#990,#1002,#1019,#1045));
#43 = ADVANCED_FACE('',(#44),#104,.F.);
#44 = FACE_BOUND('',#45,.F.);
#45 = EDGE_LOOP('',(#46,#57,#65,#73,#80,#81,#89,#98));
#46 = ORIENTED_EDGE('',*,*,#47,.F.);
#47 = EDGE_CURVE('',#48,#50,#52,.T.);
#48 = VERTEX_POINT('',#49);
#49 = CARTESIAN_POINT('',(10.,32.916515138991,9.5));
#50 = VERTEX_POINT('',#51);
#51 = CARTESIAN_POINT('',(7.083484861009,30.,9.5));
#52 = CIRCLE('',#53,2.2);
#53 = AXIS2_PLACEMENT_3D('',#54,#55,#56);
#54 = CARTESIAN_POINT('',(8.,32.,9.5));
#55 = DIRECTION('',(0.,0.,1.));
#56 = DIRECTION('',(-1.,0.,0.));
#57 = ORIENTED_EDGE('',*,*,#58,.F.);
#58 = EDGE_CURVE('',#59,#48,#61,.T.);
#59 = VERTEX_POINT('',#60);
#60 = CARTESIAN_POINT('',(10.,32.,9.3));
#61 = ( BOUNDED_CURVE() B_SPLINE_CURVE(2,(#62,#63,#64),.UNSPECIFIED.,.F.
,.F.) B_SPLINE_CURVE_WITH_KNOTS((3,3),(9.380831519647E-02,0.187616630393
),.PIECEWISE_BEZIER_KNOTS.) CURVE() GEOMETRIC_REPRESENTATION_ITEM() 
RATIONAL_B_SPLINE_CURVE((1.05,1.05,1.)) REPRESENTATION_ITEM('') );
#62 = CARTESIAN_POINT('',(10.,32.,9.3));
#63 = CARTESIAN_POINT('',(10.,32.436435780472,9.3));
#64 = CARTESIAN_POINT('',(10.,32.916515138991,9.5));
#65 = ORIENTED_EDGE('',*,*,#66,.T.);
#66 = EDGE_CURVE('',#59,#67,#69,.T.);
#67 = VERTEX_POINT('',#68);
#68 = CARTESIAN_POINT('',(9.,32.,8.3));
#69 = LINE('',#70,#71);
#70 = CARTESIAN_POINT('',(9.6,32.,8.9));
#71 = VECTOR('',#72,1.);
#72 = DIRECTION('',(-0.707106781187,-8.659560562355E-17,-0.707106781187)
  );
#73 = ORIENTED_EDGE('',*,*,#74,.F.);
#74 = EDGE_CURVE('',#67,#67,#75,.T.);
#75 = CIRCLE('',#76,1.);
#76 = AXIS2_PLACEMENT_3D('',#77,#78,#79);
#77 = CARTESIAN_POINT('',(8.,32.,8.3));
#78 = DIRECTION('',(0.,0.,-1.));
#79 = DIRECTION('',(-1.,0.,0.));
#80 = ORIENTED_EDGE('',*,*,#66,.F.);
#81 = ORIENTED_EDGE('',*,*,#82,.F.);
#82 = EDGE_CURVE('',#83,#59,#85,.T.);
#83 = VERTEX_POINT('',#84);
#84 = CARTESIAN_POINT('',(10.,31.083484861009,9.5));
#85 = ( BOUNDED_CURVE() B_SPLINE_CURVE(2,(#86,#87,#88),.UNSPECIFIED.,.F.
,.F.) B_SPLINE_CURVE_WITH_KNOTS((3,3),(0.,9.380831519647E-02),
.PIECEWISE_BEZIER_KNOTS.) CURVE() GEOMETRIC_REPRESENTATION_ITEM() 
RATIONAL_B_SPLINE_CURVE((1.,1.05,1.05)) REPRESENTATION_ITEM('') );
#86 = CARTESIAN_POINT('',(10.,31.083484861009,9.5));
#87 = CARTESIAN_POINT('',(10.,31.563564219528,9.3));
#88 = CARTESIAN_POINT('',(10.,32.,9.3));
#89 = ORIENTED_EDGE('',*,*,#90,.F.);
#90 = EDGE_CURVE('',#91,#83,#93,.T.);
#91 = VERTEX_POINT('',#92);
#92 = CARTESIAN_POINT('',(8.916515138991,30.,9.5));
#93 = CIRCLE('',#94,2.2);
#94 = AXIS2_PLACEMENT_3D('',#95,#96,#97);
#95 = CARTESIAN_POINT('',(8.,32.,9.5));
#96 = DIRECTION('',(0.,0.,1.));
#97 = DIRECTION('',(-1.,0.,0.));
#98 = ORIENTED_EDGE('',*,*,#99,.F.);
#99 = EDGE_CURVE('',#50,#91,#100,.T.);
#100 = B_SPLINE_CURVE_WITH_KNOTS('',2,(#101,#102,#103),.UNSPECIFIED.,.F.
  ,.F.,(3,3),(0.,0.18547236991),.PIECEWISE_BEZIER_KNOTS.);
#101 = CARTESIAN_POINT('',(7.083484861009,30.,9.5));
#102 = CARTESIAN_POINT('',(8.,29.8,9.3));
#103 = CARTESIAN_POINT('',(8.916515138991,30.,9.5));
#104 = CONICAL_SURFACE('',#105,1.6,0.785398163397);
#105 = AXIS2_PLACEMENT_3D('',#106,#107,#108);
#106 = CARTESIAN_POINT('',(8.,32.,8.9));
#107 = DIRECTION('',(0.,0.,1.));
#108 = DIRECTION('',(-1.,0.,0.));
#109 = ADVANCED_FACE('',(#110),#184,.T.);
#110 = FACE_BOUND('',#111,.T.);
#111 = EDGE_LOOP('',(#112,#113,#121,#129,#137,#145,#153,#161,#169,#177,
    #183));
#112 = ORIENTED_EDGE('',*,*,#82,.F.);
#113 = ORIENTED_EDGE('',*,*,#114,.F.);
#114 = EDGE_CURVE('',#115,#83,#117,.T.);
#115 = VERTEX_POINT('',#116);
#116 = CARTESIAN_POINT('',(10.,30.,9.5));
#117 = LINE('',#118,#119);
#118 = CARTESIAN_POINT('',(10.,37.5,9.5));
#119 = VECTOR('',#120,1.);
#120 = DIRECTION('',(-1.479114197289E-31,1.,0.));
#121 = ORIENTED_EDGE('',*,*,#122,.F.);
#122 = EDGE_CURVE('',#123,#115,#125,.T.);
#123 = VERTEX_POINT('',#124);
#124 = CARTESIAN_POINT('',(10.,27.,6.5));
#125 = LINE('',#126,#127);
#126 = CARTESIAN_POINT('',(10.,25.375,4.875));
#127 = VECTOR('',#128,1.);
#128 = DIRECTION('',(-1.045891679053E-31,0.707106781187,0.707106781187)
  );
#129 = ORIENTED_EDGE('',*,*,#130,.T.);
#130 = EDGE_CURVE('',#123,#131,#133,.T.);
#131 = VERTEX_POINT('',#132);
#132 = CARTESIAN_POINT('',(10.,19.5,6.5));
#133 = LINE('',#134,#135);
#134 = CARTESIAN_POINT('',(10.,21.125,6.5));
#135 = VECTOR('',#136,1.);
#136 = DIRECTION('',(1.479114197289E-31,-1.,0.));
#137 = ORIENTED_EDGE('',*,*,#138,.F.);
#138 = EDGE_CURVE('',#139,#131,#141,.T.);
#139 = VERTEX_POINT('',#140);
#140 = CARTESIAN_POINT('',(10.,19.5,3.5));
#141 = LINE('',#142,#143);
#142 = CARTESIAN_POINT('',(10.,19.5,6.5));
#143 = VECTOR('',#144,1.);
#144 = DIRECTION('',(0.,0.,1.));
#145 = ORIENTED_EDGE('',*,*,#146,.T.);
#146 = EDGE_CURVE('',#139,#147,#149,.T.);
#147 = VERTEX_POINT('',#148);
#148 = CARTESIAN_POINT('',(10.,34.,3.5));
#149 = LINE('',#150,#151);
#150 = CARTESIAN_POINT('',(10.,32.,3.5));
#151 = VECTOR('',#152,1.);
#152 = DIRECTION('',(0.,1.,0.));
#153 = ORIENTED_EDGE('',*,*,#154,.F.);
#154 = EDGE_CURVE('',#155,#147,#157,.T.);
#155 = VERTEX_POINT('',#156);
#156 = CARTESIAN_POINT('',(10.,37.,6.5));
#157 = LINE('',#158,#159);
#158 = CARTESIAN_POINT('',(10.,31.375,0.875));
#159 = VECTOR('',#160,1.);
#160 = DIRECTION('',(1.045891679053E-31,-0.707106781187,-0.707106781187)
  );
#161 = ORIENTED_EDGE('',*,*,#162,.F.);
#162 = EDGE_CURVE('',#163,#155,#165,.T.);
#163 = VERTEX_POINT('',#164);
#164 = CARTESIAN_POINT('',(10.,37.5,6.5));
#165 = LINE('',#166,#167);
#166 = CARTESIAN_POINT('',(10.,37.5,6.5));
#167 = VECTOR('',#168,1.);
#168 = DIRECTION('',(1.479114197289E-31,-1.,0.));
#169 = ORIENTED_EDGE('',*,*,#170,.T.);
#170 = EDGE_CURVE('',#163,#171,#173,.T.);
#171 = VERTEX_POINT('',#172);
#172 = CARTESIAN_POINT('',(10.,37.5,9.5));
#173 = LINE('',#174,#175);
#174 = CARTESIAN_POINT('',(10.,37.5,6.5));
#175 = VECTOR('',#176,1.);
#176 = DIRECTION('',(0.,0.,1.));
#177 = ORIENTED_EDGE('',*,*,#178,.F.);
#178 = EDGE_CURVE('',#48,#171,#179,.T.);
#179 = LINE('',#180,#181);
#180 = CARTESIAN_POINT('',(10.,37.5,9.5));
#181 = VECTOR('',#182,1.);
#182 = DIRECTION('',(-1.479114197289E-31,1.,0.));
#183 = ORIENTED_EDGE('',*,*,#58,.F.);
#184 = PLANE('',#185);
#185 = AXIS2_PLACEMENT_3D('',#186,#187,#188);
#186 = CARTESIAN_POINT('',(10.,17.5,6.5));
#187 = DIRECTION('',(1.,1.479114197289E-31,0.));
#188 = DIRECTION('',(-1.479114197289E-31,1.,0.));
#189 = ADVANCED_FACE('',(#190),#200,.T.);
#190 = FACE_BOUND('',#191,.T.);
#191 = EDGE_LOOP('',(#192,#193,#199));
#192 = ORIENTED_EDGE('',*,*,#90,.F.);
#193 = ORIENTED_EDGE('',*,*,#194,.F.);
#194 = EDGE_CURVE('',#115,#91,#195,.T.);
#195 = LINE('',#196,#197);
#196 = CARTESIAN_POINT('',(5.,30.,9.5));
#197 = VECTOR('',#198,1.);
#198 = DIRECTION('',(-1.,-1.479114197289E-31,0.));
#199 = ORIENTED_EDGE('',*,*,#114,.T.);
#200 = PLANE('',#201);
#201 = AXIS2_PLACEMENT_3D('',#202,#203,#204);
#202 = CARTESIAN_POINT('',(-1.294963944177E-22,37.925,9.5));
#203 = DIRECTION('',(0.,0.,1.));
#204 = DIRECTION('',(-1.,-1.479114197289E-31,0.));
#205 = ADVANCED_FACE('',(#206),#225,.F.);
#206 = FACE_BOUND('',#207,.F.);
#207 = EDGE_LOOP('',(#208,#216,#217,#218));
#208 = ORIENTED_EDGE('',*,*,#209,.T.);
#209 = EDGE_CURVE('',#210,#67,#212,.T.);
#210 = VERTEX_POINT('',#211);
#211 = CARTESIAN_POINT('',(9.,32.,3.5));
#212 = LINE('',#213,#214);
#213 = CARTESIAN_POINT('',(9.,32.,3.5));
#214 = VECTOR('',#215,1.);
#215 = DIRECTION('',(0.,0.,1.));
#216 = ORIENTED_EDGE('',*,*,#74,.T.);
#217 = ORIENTED_EDGE('',*,*,#209,.F.);
#218 = ORIENTED_EDGE('',*,*,#219,.T.);
#219 = EDGE_CURVE('',#210,#210,#220,.T.);
#220 = CIRCLE('',#221,1.);
#221 = AXIS2_PLACEMENT_3D('',#222,#223,#224);
#222 = CARTESIAN_POINT('',(8.,32.,3.5));
#223 = DIRECTION('',(0.,0.,1.));
#224 = DIRECTION('',(-1.,0.,0.));
#225 = CYLINDRICAL_SURFACE('',#226,1.);
#226 = AXIS2_PLACEMENT_3D('',#227,#228,#229);
#227 = CARTESIAN_POINT('',(8.,32.,3.5));
#228 = DIRECTION('',(0.,0.,1.));
#229 = DIRECTION('',(-1.,0.,0.));
#230 = ADVANCED_FACE('',(#231),#292,.F.);
#231 = FACE_BOUND('',#232,.F.);
#232 = EDGE_LOOP('',(#233,#244,#252,#261,#269,#276,#277,#286));
#233 = ORIENTED_EDGE('',*,*,#234,.F.);
#234 = EDGE_CURVE('',#235,#237,#239,.T.);
#235 = VERTEX_POINT('',#236);
#236 = CARTESIAN_POINT('',(-10.,31.083484861009,9.5));
#237 = VERTEX_POINT('',#238);
#238 = CARTESIAN_POINT('',(-8.916515138991,30.,9.5));
#239 = CIRCLE('',#240,2.2);
#240 = AXIS2_PLACEMENT_3D('',#241,#242,#243);
#241 = CARTESIAN_POINT('',(-8.,32.,9.5));
#242 = DIRECTION('',(0.,0.,1.));
#243 = DIRECTION('',(-1.,0.,0.));
#244 = ORIENTED_EDGE('',*,*,#245,.F.);
#245 = EDGE_CURVE('',#246,#235,#248,.T.);
#246 = VERTEX_POINT('',#247);
#247 = CARTESIAN_POINT('',(-10.,32.916515138991,9.5));
#248 = ( BOUNDED_CURVE() B_SPLINE_CURVE(2,(#249,#250,#251),
.UNSPECIFIED.,.F.,.F.) B_SPLINE_CURVE_WITH_KNOTS((3,3),(0.,
0.187616630393),.PIECEWISE_BEZIER_KNOTS.) CURVE() 
GEOMETRIC_REPRESENTATION_ITEM() RATIONAL_B_SPLINE_CURVE((1.,1.1,1.)) 
REPRESENTATION_ITEM('') );
#249 = CARTESIAN_POINT('',(-10.,32.916515138991,9.5));
#250 = CARTESIAN_POINT('',(-10.,32.,9.118181818182));
#251 = CARTESIAN_POINT('',(-10.,31.083484861009,9.5));
#252 = ORIENTED_EDGE('',*,*,#253,.F.);
#253 = EDGE_CURVE('',#254,#246,#256,.T.);
#254 = VERTEX_POINT('',#255);
#255 = CARTESIAN_POINT('',(-5.8,32.,9.5));
#256 = CIRCLE('',#257,2.2);
#257 = AXIS2_PLACEMENT_3D('',#258,#259,#260);
#258 = CARTESIAN_POINT('',(-8.,32.,9.5));
#259 = DIRECTION('',(0.,0.,1.));
#260 = DIRECTION('',(-1.,0.,0.));
#261 = ORIENTED_EDGE('',*,*,#262,.T.);
#262 = EDGE_CURVE('',#254,#263,#265,.T.);
#263 = VERTEX_POINT('',#264);
#264 = CARTESIAN_POINT('',(-7.,32.,8.3));
#265 = LINE('',#266,#267);
#266 = CARTESIAN_POINT('',(-6.4,32.,8.9));
#267 = VECTOR('',#268,1.);
#268 = DIRECTION('',(-0.707106781187,-8.659560562355E-17,-0.707106781187
    ));
#269 = ORIENTED_EDGE('',*,*,#270,.F.);
#270 = EDGE_CURVE('',#263,#263,#271,.T.);
#271 = CIRCLE('',#272,1.);
#272 = AXIS2_PLACEMENT_3D('',#273,#274,#275);
#273 = CARTESIAN_POINT('',(-8.,32.,8.3));
#274 = DIRECTION('',(0.,0.,-1.));
#275 = DIRECTION('',(-1.,0.,0.));
#276 = ORIENTED_EDGE('',*,*,#262,.F.);
#277 = ORIENTED_EDGE('',*,*,#278,.F.);
#278 = EDGE_CURVE('',#279,#254,#281,.T.);
#279 = VERTEX_POINT('',#280);
#280 = CARTESIAN_POINT('',(-7.083484861009,30.,9.5));
#281 = CIRCLE('',#282,2.2);
#282 = AXIS2_PLACEMENT_3D('',#283,#284,#285);
#283 = CARTESIAN_POINT('',(-8.,32.,9.5));
#284 = DIRECTION('',(0.,0.,1.));
#285 = DIRECTION('',(-1.,0.,0.));
#286 = ORIENTED_EDGE('',*,*,#287,.F.);
#287 = EDGE_CURVE('',#237,#279,#288,.T.);
#288 = B_SPLINE_CURVE_WITH_KNOTS('',2,(#289,#290,#291),.UNSPECIFIED.,.F.
  ,.F.,(3,3),(0.,0.18547236991),.PIECEWISE_BEZIER_KNOTS.);
#289 = CARTESIAN_POINT('',(-8.916515138991,30.,9.5));
#290 = CARTESIAN_POINT('',(-8.,29.8,9.3));
#291 = CARTESIAN_POINT('',(-7.083484861009,30.,9.5));
#292 = CONICAL_SURFACE('',#293,1.6,0.785398163397);
#293 = AXIS2_PLACEMENT_3D('',#294,#295,#296);
#294 = CARTESIAN_POINT('',(-8.,32.,8.9));
#295 = DIRECTION('',(0.,0.,1.));
#296 = DIRECTION('',(-1.,0.,0.));
#297 = ADVANCED_FACE('',(#298),#315,.T.);
#298 = FACE_BOUND('',#299,.T.);
#299 = EDGE_LOOP('',(#300,#301,#309));
#300 = ORIENTED_EDGE('',*,*,#234,.F.);
#301 = ORIENTED_EDGE('',*,*,#302,.T.);
#302 = EDGE_CURVE('',#235,#303,#305,.T.);
#303 = VERTEX_POINT('',#304);
#304 = CARTESIAN_POINT('',(-10.,30.,9.5));
#305 = LINE('',#306,#307);
#306 = CARTESIAN_POINT('',(-10.,32.,9.5));
#307 = VECTOR('',#308,1.);
#308 = DIRECTION('',(0.,-1.,0.));
#309 = ORIENTED_EDGE('',*,*,#310,.F.);
#310 = EDGE_CURVE('',#237,#303,#311,.T.);
#311 = LINE('',#312,#313);
#312 = CARTESIAN_POINT('',(5.,30.,9.5));
#313 = VECTOR('',#314,1.);
#314 = DIRECTION('',(-1.,-1.479114197289E-31,0.));
#315 = PLANE('',#316);
#316 = AXIS2_PLACEMENT_3D('',#317,#318,#319);
#317 = CARTESIAN_POINT('',(-1.294963944177E-22,37.925,9.5));
#318 = DIRECTION('',(0.,0.,1.));
#319 = DIRECTION('',(-1.,-1.479114197289E-31,0.));
#320 = ADVANCED_FACE('',(#321,#364,#375,#386,#397,#408),#419,.T.);
#321 = FACE_BOUND('',#322,.T.);
#322 = EDGE_LOOP('',(#323,#324,#325,#333,#342,#350,#356,#357,#358));
#323 = ORIENTED_EDGE('',*,*,#47,.F.);
#324 = ORIENTED_EDGE('',*,*,#178,.T.);
#325 = ORIENTED_EDGE('',*,*,#326,.T.);
#326 = EDGE_CURVE('',#171,#327,#329,.T.);
#327 = VERTEX_POINT('',#328);
#328 = CARTESIAN_POINT('',(9.335746228266,49.516083676753,9.5));
#329 = LINE('',#330,#331);
#330 = CARTESIAN_POINT('',(10.,37.5,9.5));
#331 = VECTOR('',#332,1.);
#332 = DIRECTION('',(-5.519611516078E-02,0.998475532435,0.));
#333 = ORIENTED_EDGE('',*,*,#334,.T.);
#334 = EDGE_CURVE('',#327,#335,#337,.T.);
#335 = VERTEX_POINT('',#336);
#336 = CARTESIAN_POINT('',(-9.335746228266,49.516083676753,9.5));
#337 = CIRCLE('',#338,9.35);
#338 = AXIS2_PLACEMENT_3D('',#339,#340,#341);
#339 = CARTESIAN_POINT('',(5.551113828162E-16,49.,9.5));
#340 = DIRECTION('',(0.,0.,1.));
#341 = DIRECTION('',(-1.,-1.479114197289E-31,0.));
#342 = ORIENTED_EDGE('',*,*,#343,.T.);
#343 = EDGE_CURVE('',#335,#344,#346,.T.);
#344 = VERTEX_POINT('',#345);
#345 = CARTESIAN_POINT('',(-10.,37.5,9.5));
#346 = LINE('',#347,#348);
#347 = CARTESIAN_POINT('',(-10.,37.5,9.5));
#348 = VECTOR('',#349,1.);
#349 = DIRECTION('',(-5.519611516078E-02,-0.998475532435,0.));
#350 = ORIENTED_EDGE('',*,*,#351,.T.);
#351 = EDGE_CURVE('',#344,#246,#352,.T.);
#352 = LINE('',#353,#354);
#353 = CARTESIAN_POINT('',(-10.,32.,9.5));
#354 = VECTOR('',#355,1.);
#355 = DIRECTION('',(0.,-1.,0.));
#356 = ORIENTED_EDGE('',*,*,#253,.F.);
#357 = ORIENTED_EDGE('',*,*,#278,.F.);
#358 = ORIENTED_EDGE('',*,*,#359,.F.);
#359 = EDGE_CURVE('',#50,#279,#360,.T.);
#360 = LINE('',#361,#362);
#361 = CARTESIAN_POINT('',(5.,30.,9.5));
#362 = VECTOR('',#363,1.);
#363 = DIRECTION('',(-1.,-1.479114197289E-31,0.));
#364 = FACE_BOUND('',#365,.T.);
#365 = EDGE_LOOP('',(#366));
#366 = ORIENTED_EDGE('',*,*,#367,.T.);
#367 = EDGE_CURVE('',#368,#368,#370,.T.);
#368 = VERTEX_POINT('',#369);
#369 = CARTESIAN_POINT('',(7.,49.,9.5));
#370 = CIRCLE('',#371,1.);
#371 = AXIS2_PLACEMENT_3D('',#372,#373,#374);
#372 = CARTESIAN_POINT('',(6.,49.,9.5));
#373 = DIRECTION('',(0.,0.,-1.));
#374 = DIRECTION('',(-1.,-1.479114197289E-31,-0.));
#375 = FACE_BOUND('',#376,.T.);
#376 = EDGE_LOOP('',(#377));
#377 = ORIENTED_EDGE('',*,*,#378,.T.);
#378 = EDGE_CURVE('',#379,#379,#381,.T.);
#379 = VERTEX_POINT('',#380);
#380 = CARTESIAN_POINT('',(3.,49.,9.5));
#381 = CIRCLE('',#382,3.);
#382 = AXIS2_PLACEMENT_3D('',#383,#384,#385);
#383 = CARTESIAN_POINT('',(6.000769315822E-15,49.,9.5));
#384 = DIRECTION('',(0.,0.,-1.));
#385 = DIRECTION('',(-1.,-1.479114197289E-31,-0.));
#386 = FACE_BOUND('',#387,.T.);
#387 = EDGE_LOOP('',(#388));
#388 = ORIENTED_EDGE('',*,*,#389,.T.);
#389 = EDGE_CURVE('',#390,#390,#392,.T.);
#390 = VERTEX_POINT('',#391);
#391 = CARTESIAN_POINT('',(1.,43.,9.5));
#392 = CIRCLE('',#393,1.);
#393 = AXIS2_PLACEMENT_3D('',#394,#395,#396);
#394 = CARTESIAN_POINT('',(5.001568593659E-15,43.,9.5));
#395 = DIRECTION('',(0.,0.,-1.));
#396 = DIRECTION('',(-1.,-1.479114197289E-31,-0.));
#397 = FACE_BOUND('',#398,.T.);
#398 = EDGE_LOOP('',(#399));
#399 = ORIENTED_EDGE('',*,*,#400,.T.);
#400 = EDGE_CURVE('',#401,#401,#403,.T.);
#401 = VERTEX_POINT('',#402);
#402 = CARTESIAN_POINT('',(1.,55.,9.5));
#403 = CIRCLE('',#404,1.);
#404 = AXIS2_PLACEMENT_3D('',#405,#406,#407);
#405 = CARTESIAN_POINT('',(-3.156557748539E-15,55.,9.5));
#406 = DIRECTION('',(0.,0.,-1.));
#407 = DIRECTION('',(-1.,-1.479114197289E-31,-0.));
#408 = FACE_BOUND('',#409,.T.);
#409 = EDGE_LOOP('',(#410));
#410 = ORIENTED_EDGE('',*,*,#411,.T.);
#411 = EDGE_CURVE('',#412,#412,#414,.T.);
#412 = VERTEX_POINT('',#413);
#413 = CARTESIAN_POINT('',(-5.,49.,9.5));
#414 = CIRCLE('',#415,1.);
#415 = AXIS2_PLACEMENT_3D('',#416,#417,#418);
#416 = CARTESIAN_POINT('',(-6.,49.,9.5));
#417 = DIRECTION('',(0.,0.,-1.));
#418 = DIRECTION('',(-1.,-1.479114197289E-31,-0.));
#419 = PLANE('',#420);
#420 = AXIS2_PLACEMENT_3D('',#421,#422,#423);
#421 = CARTESIAN_POINT('',(-1.294963944177E-22,37.925,9.5));
#422 = DIRECTION('',(0.,0.,1.));
#423 = DIRECTION('',(-1.,-1.479114197289E-31,0.));
#424 = ADVANCED_FACE('',(#425),#447,.T.);
#425 = FACE_BOUND('',#426,.T.);
#426 = EDGE_LOOP('',(#427,#428,#429,#430,#431,#439,#445,#446));
#427 = ORIENTED_EDGE('',*,*,#99,.F.);
#428 = ORIENTED_EDGE('',*,*,#359,.T.);
#429 = ORIENTED_EDGE('',*,*,#287,.F.);
#430 = ORIENTED_EDGE('',*,*,#310,.T.);
#431 = ORIENTED_EDGE('',*,*,#432,.T.);
#432 = EDGE_CURVE('',#303,#433,#435,.T.);
#433 = VERTEX_POINT('',#434);
#434 = CARTESIAN_POINT('',(-10.,27.,6.5));
#435 = LINE('',#436,#437);
#436 = CARTESIAN_POINT('',(-10.,30.375,9.875));
#437 = VECTOR('',#438,1.);
#438 = DIRECTION('',(1.045891679053E-31,-0.707106781187,-0.707106781187)
  );
#439 = ORIENTED_EDGE('',*,*,#440,.T.);
#440 = EDGE_CURVE('',#433,#123,#441,.T.);
#441 = LINE('',#442,#443);
#442 = CARTESIAN_POINT('',(5.,27.,6.5));
#443 = VECTOR('',#444,1.);
#444 = DIRECTION('',(1.,0.,0.));
#445 = ORIENTED_EDGE('',*,*,#122,.T.);
#446 = ORIENTED_EDGE('',*,*,#194,.T.);
#447 = PLANE('',#448);
#448 = AXIS2_PLACEMENT_3D('',#449,#450,#451);
#449 = CARTESIAN_POINT('',(5.,28.5,8.));
#450 = DIRECTION('',(0.,-0.707106781187,0.707106781187));
#451 = DIRECTION('',(1.,0.,0.));
#452 = ADVANCED_FACE('',(#453),#472,.F.);
#453 = FACE_BOUND('',#454,.F.);
#454 = EDGE_LOOP('',(#455,#463,#464,#465));
#455 = ORIENTED_EDGE('',*,*,#456,.T.);
#456 = EDGE_CURVE('',#457,#263,#459,.T.);
#457 = VERTEX_POINT('',#458);
#458 = CARTESIAN_POINT('',(-7.,32.,3.5));
#459 = LINE('',#460,#461);
#460 = CARTESIAN_POINT('',(-7.,32.,3.5));
#461 = VECTOR('',#462,1.);
#462 = DIRECTION('',(0.,0.,1.));
#463 = ORIENTED_EDGE('',*,*,#270,.T.);
#464 = ORIENTED_EDGE('',*,*,#456,.F.);
#465 = ORIENTED_EDGE('',*,*,#466,.T.);
#466 = EDGE_CURVE('',#457,#457,#467,.T.);
#467 = CIRCLE('',#468,1.);
#468 = AXIS2_PLACEMENT_3D('',#469,#470,#471);
#469 = CARTESIAN_POINT('',(-8.,32.,3.5));
#470 = DIRECTION('',(0.,0.,1.));
#471 = DIRECTION('',(-1.,0.,0.));
#472 = CYLINDRICAL_SURFACE('',#473,1.);
#473 = AXIS2_PLACEMENT_3D('',#474,#475,#476);
#474 = CARTESIAN_POINT('',(-8.,32.,3.5));
#475 = DIRECTION('',(0.,0.,1.));
#476 = DIRECTION('',(-1.,0.,0.));
#477 = ADVANCED_FACE('',(#478),#514,.T.);
#478 = FACE_BOUND('',#479,.T.);
#479 = EDGE_LOOP('',(#480,#491,#499,#508));
#480 = ORIENTED_EDGE('',*,*,#481,.T.);
#481 = EDGE_CURVE('',#482,#484,#486,.T.);
#482 = VERTEX_POINT('',#483);
#483 = CARTESIAN_POINT('',(-8.,17.5,6.5));
#484 = VERTEX_POINT('',#485);
#485 = CARTESIAN_POINT('',(-10.,19.5,6.5));
#486 = CIRCLE('',#487,2.);
#487 = AXIS2_PLACEMENT_3D('',#488,#489,#490);
#488 = CARTESIAN_POINT('',(-8.,19.5,6.5));
#489 = DIRECTION('',(0.,0.,-1.));
#490 = DIRECTION('',(-0.707106781187,-0.707106781187,-0.));
#491 = ORIENTED_EDGE('',*,*,#492,.T.);
#492 = EDGE_CURVE('',#484,#493,#495,.T.);
#493 = VERTEX_POINT('',#494);
#494 = CARTESIAN_POINT('',(-10.,19.5,3.5));
#495 = LINE('',#496,#497);
#496 = CARTESIAN_POINT('',(-10.,19.5,6.5));
#497 = VECTOR('',#498,1.);
#498 = DIRECTION('',(0.,0.,-1.));
#499 = ORIENTED_EDGE('',*,*,#500,.T.);
#500 = EDGE_CURVE('',#493,#501,#503,.T.);
#501 = VERTEX_POINT('',#502);
#502 = CARTESIAN_POINT('',(-8.,17.5,3.5));
#503 = CIRCLE('',#504,2.);
#504 = AXIS2_PLACEMENT_3D('',#505,#506,#507);
#505 = CARTESIAN_POINT('',(-8.,19.5,3.5));
#506 = DIRECTION('',(0.,0.,1.));
#507 = DIRECTION('',(-0.707106781187,-0.707106781187,0.));
#508 = ORIENTED_EDGE('',*,*,#509,.T.);
#509 = EDGE_CURVE('',#501,#482,#510,.T.);
#510 = LINE('',#511,#512);
#511 = CARTESIAN_POINT('',(-8.,17.5,6.5));
#512 = VECTOR('',#513,1.);
#513 = DIRECTION('',(0.,0.,1.));
#514 = CYLINDRICAL_SURFACE('',#515,2.);
#515 = AXIS2_PLACEMENT_3D('',#516,#517,#518);
#516 = CARTESIAN_POINT('',(-8.,19.5,6.5));
#517 = DIRECTION('',(0.,0.,1.));
#518 = DIRECTION('',(-0.707106781187,-0.707106781187,0.));
#519 = ADVANCED_FACE('',(#520),#563,.T.);
#520 = FACE_BOUND('',#521,.T.);
#521 = EDGE_LOOP('',(#522,#523,#524,#532,#540,#548,#554,#555,#561,#562)
  );
#522 = ORIENTED_EDGE('',*,*,#245,.F.);
#523 = ORIENTED_EDGE('',*,*,#351,.F.);
#524 = ORIENTED_EDGE('',*,*,#525,.F.);
#525 = EDGE_CURVE('',#526,#344,#528,.T.);
#526 = VERTEX_POINT('',#527);
#527 = CARTESIAN_POINT('',(-10.,37.5,6.5));
#528 = LINE('',#529,#530);
#529 = CARTESIAN_POINT('',(-10.,37.5,6.5));
#530 = VECTOR('',#531,1.);
#531 = DIRECTION('',(0.,0.,1.));
#532 = ORIENTED_EDGE('',*,*,#533,.F.);
#533 = EDGE_CURVE('',#534,#526,#536,.T.);
#534 = VERTEX_POINT('',#535);
#535 = CARTESIAN_POINT('',(-10.,37.,6.5));
#536 = LINE('',#537,#538);
#537 = CARTESIAN_POINT('',(-10.,17.5,6.5));
#538 = VECTOR('',#539,1.);
#539 = DIRECTION('',(-1.479114197289E-31,1.,0.));
#540 = ORIENTED_EDGE('',*,*,#541,.F.);
#541 = EDGE_CURVE('',#542,#534,#544,.T.);
#542 = VERTEX_POINT('',#543);
#543 = CARTESIAN_POINT('',(-10.,34.,3.5));
#544 = LINE('',#545,#546);
#545 = CARTESIAN_POINT('',(-10.,36.375,5.875));
#546 = VECTOR('',#547,1.);
#547 = DIRECTION('',(-1.045891679053E-31,0.707106781187,0.707106781187)
  );
#548 = ORIENTED_EDGE('',*,*,#549,.F.);
#549 = EDGE_CURVE('',#493,#542,#550,.T.);
#550 = LINE('',#551,#552);
#551 = CARTESIAN_POINT('',(-10.,17.5,3.5));
#552 = VECTOR('',#553,1.);
#553 = DIRECTION('',(-1.479114197289E-31,1.,0.));
#554 = ORIENTED_EDGE('',*,*,#492,.F.);
#555 = ORIENTED_EDGE('',*,*,#556,.T.);
#556 = EDGE_CURVE('',#484,#433,#557,.T.);
#557 = LINE('',#558,#559);
#558 = CARTESIAN_POINT('',(-10.,31.125,6.5));
#559 = VECTOR('',#560,1.);
#560 = DIRECTION('',(-1.479114197289E-31,1.,0.));
#561 = ORIENTED_EDGE('',*,*,#432,.F.);
#562 = ORIENTED_EDGE('',*,*,#302,.F.);
#563 = PLANE('',#564);
#564 = AXIS2_PLACEMENT_3D('',#565,#566,#567);
#565 = CARTESIAN_POINT('',(-10.,37.5,6.5));
#566 = DIRECTION('',(-1.,-1.479114197289E-31,0.));
#567 = DIRECTION('',(1.479114197289E-31,-1.,0.));
#568 = ADVANCED_FACE('',(#569,#590,#601),#612,.T.);
#569 = FACE_BOUND('',#570,.T.);
#570 = EDGE_LOOP('',(#571,#572,#580,#587,#588,#589));
#571 = ORIENTED_EDGE('',*,*,#481,.F.);
#572 = ORIENTED_EDGE('',*,*,#573,.F.);
#573 = EDGE_CURVE('',#574,#482,#576,.T.);
#574 = VERTEX_POINT('',#575);
#575 = CARTESIAN_POINT('',(8.,17.5,6.5));
#576 = LINE('',#577,#578);
#577 = CARTESIAN_POINT('',(-5.,17.5,6.5));
#578 = VECTOR('',#579,1.);
#579 = DIRECTION('',(-1.,-1.479114197289E-31,0.));
#580 = ORIENTED_EDGE('',*,*,#581,.F.);
#581 = EDGE_CURVE('',#131,#574,#582,.T.);
#582 = CIRCLE('',#583,2.);
#583 = AXIS2_PLACEMENT_3D('',#584,#585,#586);
#584 = CARTESIAN_POINT('',(8.,19.5,6.5));
#585 = DIRECTION('',(0.,0.,-1.));
#586 = DIRECTION('',(0.707106781187,-0.707106781187,0.));
#587 = ORIENTED_EDGE('',*,*,#130,.F.);
#588 = ORIENTED_EDGE('',*,*,#440,.F.);
#589 = ORIENTED_EDGE('',*,*,#556,.F.);
#590 = FACE_BOUND('',#591,.T.);
#591 = EDGE_LOOP('',(#592));
#592 = ORIENTED_EDGE('',*,*,#593,.F.);
#593 = EDGE_CURVE('',#594,#594,#596,.T.);
#594 = VERTEX_POINT('',#595);
#595 = CARTESIAN_POINT('',(-7.,22.5,6.5));
#596 = CIRCLE('',#597,1.);
#597 = AXIS2_PLACEMENT_3D('',#598,#599,#600);
#598 = CARTESIAN_POINT('',(-8.,22.5,6.5));
#599 = DIRECTION('',(0.,0.,1.));
#600 = DIRECTION('',(-1.,-1.479114197289E-31,0.));
#601 = FACE_BOUND('',#602,.T.);
#602 = EDGE_LOOP('',(#603));
#603 = ORIENTED_EDGE('',*,*,#604,.F.);
#604 = EDGE_CURVE('',#605,#605,#607,.T.);
#605 = VERTEX_POINT('',#606);
#606 = CARTESIAN_POINT('',(9.,22.5,6.5));
#607 = CIRCLE('',#608,1.);
#608 = AXIS2_PLACEMENT_3D('',#609,#610,#611);
#609 = CARTESIAN_POINT('',(8.,22.5,6.5));
#610 = DIRECTION('',(0.,0.,1.));
#611 = DIRECTION('',(-1.,-1.479114197289E-31,0.));
#612 = PLANE('',#613);
#613 = AXIS2_PLACEMENT_3D('',#614,#615,#616);
#614 = CARTESIAN_POINT('',(-1.294963924689E-22,24.75,6.5));
#615 = DIRECTION('',(0.,0.,1.));
#616 = DIRECTION('',(-1.,-1.479114197289E-31,0.));
#617 = ADVANCED_FACE('',(#618),#637,.T.);
#618 = FACE_BOUND('',#619,.T.);
#619 = EDGE_LOOP('',(#620,#621,#629,#636));
#620 = ORIENTED_EDGE('',*,*,#581,.T.);
#621 = ORIENTED_EDGE('',*,*,#622,.T.);
#622 = EDGE_CURVE('',#574,#623,#625,.T.);
#623 = VERTEX_POINT('',#624);
#624 = CARTESIAN_POINT('',(8.,17.5,3.5));
#625 = LINE('',#626,#627);
#626 = CARTESIAN_POINT('',(8.,17.5,6.5));
#627 = VECTOR('',#628,1.);
#628 = DIRECTION('',(0.,0.,-1.));
#629 = ORIENTED_EDGE('',*,*,#630,.T.);
#630 = EDGE_CURVE('',#623,#139,#631,.T.);
#631 = CIRCLE('',#632,2.);
#632 = AXIS2_PLACEMENT_3D('',#633,#634,#635);
#633 = CARTESIAN_POINT('',(8.,19.5,3.5));
#634 = DIRECTION('',(0.,0.,1.));
#635 = DIRECTION('',(0.707106781187,-0.707106781187,0.));
#636 = ORIENTED_EDGE('',*,*,#138,.T.);
#637 = CYLINDRICAL_SURFACE('',#638,2.);
#638 = AXIS2_PLACEMENT_3D('',#639,#640,#641);
#639 = CARTESIAN_POINT('',(8.,19.5,6.5));
#640 = DIRECTION('',(0.,0.,1.));
#641 = DIRECTION('',(0.707106781187,-0.707106781187,0.));
#642 = ADVANCED_FACE('',(#643,#661,#664,#667,#678),#689,.F.);
#643 = FACE_BOUND('',#644,.T.);
#644 = EDGE_LOOP('',(#645,#646,#647,#653,#654,#655));
#645 = ORIENTED_EDGE('',*,*,#500,.F.);
#646 = ORIENTED_EDGE('',*,*,#549,.T.);
#647 = ORIENTED_EDGE('',*,*,#648,.F.);
#648 = EDGE_CURVE('',#147,#542,#649,.T.);
#649 = LINE('',#650,#651);
#650 = CARTESIAN_POINT('',(10.,34.,3.5));
#651 = VECTOR('',#652,1.);
#652 = DIRECTION('',(-1.,-1.479114197289E-31,0.));
#653 = ORIENTED_EDGE('',*,*,#146,.F.);
#654 = ORIENTED_EDGE('',*,*,#630,.F.);
#655 = ORIENTED_EDGE('',*,*,#656,.T.);
#656 = EDGE_CURVE('',#623,#501,#657,.T.);
#657 = LINE('',#658,#659);
#658 = CARTESIAN_POINT('',(10.,17.5,3.5));
#659 = VECTOR('',#660,1.);
#660 = DIRECTION('',(-1.,-1.479114197289E-31,0.));
#661 = FACE_BOUND('',#662,.T.);
#662 = EDGE_LOOP('',(#663));
#663 = ORIENTED_EDGE('',*,*,#466,.T.);
#664 = FACE_BOUND('',#665,.T.);
#665 = EDGE_LOOP('',(#666));
#666 = ORIENTED_EDGE('',*,*,#219,.T.);
#667 = FACE_BOUND('',#668,.T.);
#668 = EDGE_LOOP('',(#669));
#669 = ORIENTED_EDGE('',*,*,#670,.T.);
#670 = EDGE_CURVE('',#671,#671,#673,.T.);
#671 = VERTEX_POINT('',#672);
#672 = CARTESIAN_POINT('',(9.,22.5,3.5));
#673 = CIRCLE('',#674,1.);
#674 = AXIS2_PLACEMENT_3D('',#675,#676,#677);
#675 = CARTESIAN_POINT('',(8.,22.5,3.5));
#676 = DIRECTION('',(0.,0.,1.));
#677 = DIRECTION('',(-1.,-1.479114197289E-31,0.));
#678 = FACE_BOUND('',#679,.T.);
#679 = EDGE_LOOP('',(#680));
#680 = ORIENTED_EDGE('',*,*,#681,.T.);
#681 = EDGE_CURVE('',#682,#682,#684,.T.);
#682 = VERTEX_POINT('',#683);
#683 = CARTESIAN_POINT('',(-7.,22.5,3.5));
#684 = CIRCLE('',#685,1.);
#685 = AXIS2_PLACEMENT_3D('',#686,#687,#688);
#686 = CARTESIAN_POINT('',(-8.,22.5,3.5));
#687 = DIRECTION('',(0.,0.,1.));
#688 = DIRECTION('',(-1.,-1.479114197289E-31,0.));
#689 = PLANE('',#690);
#690 = AXIS2_PLACEMENT_3D('',#691,#692,#693);
#691 = CARTESIAN_POINT('',(-1.294963924689E-22,24.75,3.5));
#692 = DIRECTION('',(0.,0.,1.));
#693 = DIRECTION('',(-1.,-1.479114197289E-31,0.));
#694 = ADVANCED_FACE('',(#695),#722,.F.);
#695 = FACE_BOUND('',#696,.F.);
#696 = EDGE_LOOP('',(#697,#707,#714,#715));
#697 = ORIENTED_EDGE('',*,*,#698,.T.);
#698 = EDGE_CURVE('',#699,#701,#703,.T.);
#699 = VERTEX_POINT('',#700);
#700 = CARTESIAN_POINT('',(8.15,49.,3.7));
#701 = VERTEX_POINT('',#702);
#702 = CARTESIAN_POINT('',(8.15,49.,6.5));
#703 = LINE('',#704,#705);
#704 = CARTESIAN_POINT('',(8.15,49.,6.5));
#705 = VECTOR('',#706,1.);
#706 = DIRECTION('',(0.,0.,1.));
#707 = ORIENTED_EDGE('',*,*,#708,.T.);
#708 = EDGE_CURVE('',#701,#701,#709,.T.);
#709 = CIRCLE('',#710,8.15);
#710 = AXIS2_PLACEMENT_3D('',#711,#712,#713);
#711 = CARTESIAN_POINT('',(6.000769315822E-15,49.,6.5));
#712 = DIRECTION('',(0.,0.,-1.));
#713 = DIRECTION('',(-1.,-1.479114197289E-31,-0.));
#714 = ORIENTED_EDGE('',*,*,#698,.F.);
#715 = ORIENTED_EDGE('',*,*,#716,.T.);
#716 = EDGE_CURVE('',#699,#699,#717,.T.);
#717 = CIRCLE('',#718,8.15);
#718 = AXIS2_PLACEMENT_3D('',#719,#720,#721);
#719 = CARTESIAN_POINT('',(6.000769315822E-15,49.,3.7));
#720 = DIRECTION('',(0.,0.,1.));
#721 = DIRECTION('',(-1.,-1.479114197289E-31,0.));
#722 = CYLINDRICAL_SURFACE('',#723,8.15);
#723 = AXIS2_PLACEMENT_3D('',#724,#725,#726);
#724 = CARTESIAN_POINT('',(6.000769315822E-15,49.,6.5));
#725 = DIRECTION('',(0.,0.,-1.));
#726 = DIRECTION('',(-1.,-1.479114197289E-31,-0.));
#727 = ADVANCED_FACE('',(#728,#739),#742,.F.);
#728 = FACE_BOUND('',#729,.T.);
#729 = EDGE_LOOP('',(#730));
#730 = ORIENTED_EDGE('',*,*,#731,.T.);
#731 = EDGE_CURVE('',#732,#732,#734,.T.);
#732 = VERTEX_POINT('',#733);
#733 = CARTESIAN_POINT('',(9.35,49.,3.7));
#734 = CIRCLE('',#735,9.35);
#735 = AXIS2_PLACEMENT_3D('',#736,#737,#738);
#736 = CARTESIAN_POINT('',(5.551113828162E-16,49.,3.7));
#737 = DIRECTION('',(0.,0.,-1.));
#738 = DIRECTION('',(-1.,-1.479114197289E-31,-0.));
#739 = FACE_BOUND('',#740,.T.);
#740 = EDGE_LOOP('',(#741));
#741 = ORIENTED_EDGE('',*,*,#716,.T.);
#742 = PLANE('',#743);
#743 = AXIS2_PLACEMENT_3D('',#744,#745,#746);
#744 = CARTESIAN_POINT('',(-1.294963960558E-22,49.,3.7));
#745 = DIRECTION('',(0.,0.,1.));
#746 = DIRECTION('',(-1.,-1.479114197289E-31,0.));
#747 = ADVANCED_FACE('',(#748),#790,.F.);
#748 = FACE_BOUND('',#749,.T.);
#749 = EDGE_LOOP('',(#750,#761,#770,#776,#777,#783,#784));
#750 = ORIENTED_EDGE('',*,*,#751,.T.);
#751 = EDGE_CURVE('',#752,#754,#756,.T.);
#752 = VERTEX_POINT('',#753);
#753 = CARTESIAN_POINT('',(-9.335746228266,49.516083676753,6.5));
#754 = VERTEX_POINT('',#755);
#755 = CARTESIAN_POINT('',(9.35,49.,6.5));
#756 = CIRCLE('',#757,9.35);
#757 = AXIS2_PLACEMENT_3D('',#758,#759,#760);
#758 = CARTESIAN_POINT('',(5.551113828162E-16,49.,6.5));
#759 = DIRECTION('',(0.,0.,1.));
#760 = DIRECTION('',(-1.,-1.479114197289E-31,0.));
#761 = ORIENTED_EDGE('',*,*,#762,.T.);
#762 = EDGE_CURVE('',#754,#763,#765,.T.);
#763 = VERTEX_POINT('',#764);
#764 = CARTESIAN_POINT('',(9.335746228266,49.516083676753,6.5));
#765 = CIRCLE('',#766,9.35);
#766 = AXIS2_PLACEMENT_3D('',#767,#768,#769);
#767 = CARTESIAN_POINT('',(5.551113828162E-16,49.,6.5));
#768 = DIRECTION('',(0.,0.,1.));
#769 = DIRECTION('',(-1.,-1.479114197289E-31,0.));
#770 = ORIENTED_EDGE('',*,*,#771,.F.);
#771 = EDGE_CURVE('',#163,#763,#772,.T.);
#772 = LINE('',#773,#774);
#773 = CARTESIAN_POINT('',(10.,37.5,6.5));
#774 = VECTOR('',#775,1.);
#775 = DIRECTION('',(-5.519611516078E-02,0.998475532435,0.));
#776 = ORIENTED_EDGE('',*,*,#162,.T.);
#777 = ORIENTED_EDGE('',*,*,#778,.F.);
#778 = EDGE_CURVE('',#534,#155,#779,.T.);
#779 = LINE('',#780,#781);
#780 = CARTESIAN_POINT('',(-5.,37.,6.5));
#781 = VECTOR('',#782,1.);
#782 = DIRECTION('',(1.,0.,0.));
#783 = ORIENTED_EDGE('',*,*,#533,.T.);
#784 = ORIENTED_EDGE('',*,*,#785,.T.);
#785 = EDGE_CURVE('',#526,#752,#786,.T.);
#786 = LINE('',#787,#788);
#787 = CARTESIAN_POINT('',(-10.,37.5,6.5));
#788 = VECTOR('',#789,1.);
#789 = DIRECTION('',(5.519611516078E-02,0.998475532435,0.));
#790 = PLANE('',#791);
#791 = AXIS2_PLACEMENT_3D('',#792,#793,#794);
#792 = CARTESIAN_POINT('',(-1.294963944177E-22,37.925,6.5));
#793 = DIRECTION('',(0.,0.,1.));
#794 = DIRECTION('',(-1.,-1.479114197289E-31,0.));
#795 = ADVANCED_FACE('',(#796),#802,.T.);
#796 = FACE_BOUND('',#797,.T.);
#797 = EDGE_LOOP('',(#798,#799,#800,#801));
#798 = ORIENTED_EDGE('',*,*,#154,.T.);
#799 = ORIENTED_EDGE('',*,*,#648,.T.);
#800 = ORIENTED_EDGE('',*,*,#541,.T.);
#801 = ORIENTED_EDGE('',*,*,#778,.T.);
#802 = PLANE('',#803);
#803 = AXIS2_PLACEMENT_3D('',#804,#805,#806);
#804 = CARTESIAN_POINT('',(-5.,35.5,5.));
#805 = DIRECTION('',(0.,0.707106781187,-0.707106781187));
#806 = DIRECTION('',(-1.,0.,0.));
#807 = ADVANCED_FACE('',(#808,#811,#822,#833,#844,#855),#866,.F.);
#808 = FACE_BOUND('',#809,.T.);
#809 = EDGE_LOOP('',(#810));
#810 = ORIENTED_EDGE('',*,*,#708,.T.);
#811 = FACE_BOUND('',#812,.T.);
#812 = EDGE_LOOP('',(#813));
#813 = ORIENTED_EDGE('',*,*,#814,.F.);
#814 = EDGE_CURVE('',#815,#815,#817,.T.);
#815 = VERTEX_POINT('',#816);
#816 = CARTESIAN_POINT('',(-5.,49.,6.5));
#817 = CIRCLE('',#818,1.);
#818 = AXIS2_PLACEMENT_3D('',#819,#820,#821);
#819 = CARTESIAN_POINT('',(-6.,49.,6.5));
#820 = DIRECTION('',(0.,0.,-1.));
#821 = DIRECTION('',(-1.,-1.479114197289E-31,-0.));
#822 = FACE_BOUND('',#823,.T.);
#823 = EDGE_LOOP('',(#824));
#824 = ORIENTED_EDGE('',*,*,#825,.F.);
#825 = EDGE_CURVE('',#826,#826,#828,.T.);
#826 = VERTEX_POINT('',#827);
#827 = CARTESIAN_POINT('',(1.,55.,6.5));
#828 = CIRCLE('',#829,1.);
#829 = AXIS2_PLACEMENT_3D('',#830,#831,#832);
#830 = CARTESIAN_POINT('',(-3.156557748539E-15,55.,6.5));
#831 = DIRECTION('',(0.,0.,-1.));
#832 = DIRECTION('',(-1.,-1.479114197289E-31,-0.));
#833 = FACE_BOUND('',#834,.T.);
#834 = EDGE_LOOP('',(#835));
#835 = ORIENTED_EDGE('',*,*,#836,.F.);
#836 = EDGE_CURVE('',#837,#837,#839,.T.);
#837 = VERTEX_POINT('',#838);
#838 = CARTESIAN_POINT('',(1.,43.,6.5));
#839 = CIRCLE('',#840,1.);
#840 = AXIS2_PLACEMENT_3D('',#841,#842,#843);
#841 = CARTESIAN_POINT('',(5.001568593659E-15,43.,6.5));
#842 = DIRECTION('',(0.,0.,-1.));
#843 = DIRECTION('',(-1.,-1.479114197289E-31,-0.));
#844 = FACE_BOUND('',#845,.T.);
#845 = EDGE_LOOP('',(#846));
#846 = ORIENTED_EDGE('',*,*,#847,.F.);
#847 = EDGE_CURVE('',#848,#848,#850,.T.);
#848 = VERTEX_POINT('',#849);
#849 = CARTESIAN_POINT('',(3.,49.,6.5));
#850 = CIRCLE('',#851,3.);
#851 = AXIS2_PLACEMENT_3D('',#852,#853,#854);
#852 = CARTESIAN_POINT('',(6.000769315822E-15,49.,6.5));
#853 = DIRECTION('',(0.,0.,-1.));
#854 = DIRECTION('',(-1.,-1.479114197289E-31,-0.));
#855 = FACE_BOUND('',#856,.T.);
#856 = EDGE_LOOP('',(#857));
#857 = ORIENTED_EDGE('',*,*,#858,.F.);
#858 = EDGE_CURVE('',#859,#859,#861,.T.);
#859 = VERTEX_POINT('',#860);
#860 = CARTESIAN_POINT('',(7.,49.,6.5));
#861 = CIRCLE('',#862,1.);
#862 = AXIS2_PLACEMENT_3D('',#863,#864,#865);
#863 = CARTESIAN_POINT('',(6.,49.,6.5));
#864 = DIRECTION('',(0.,0.,-1.));
#865 = DIRECTION('',(-1.,-1.479114197289E-31,-0.));
#866 = PLANE('',#867);
#867 = AXIS2_PLACEMENT_3D('',#868,#869,#870);
#868 = CARTESIAN_POINT('',(-1.294963944177E-22,37.925,6.5));
#869 = DIRECTION('',(0.,0.,1.));
#870 = DIRECTION('',(-1.,-1.479114197289E-31,0.));
#871 = ADVANCED_FACE('',(#872),#883,.F.);
#872 = FACE_BOUND('',#873,.F.);
#873 = EDGE_LOOP('',(#874,#880,#881,#882));
#874 = ORIENTED_EDGE('',*,*,#875,.T.);
#875 = EDGE_CURVE('',#412,#815,#876,.T.);
#876 = LINE('',#877,#878);
#877 = CARTESIAN_POINT('',(-5.,49.,6.5));
#878 = VECTOR('',#879,1.);
#879 = DIRECTION('',(0.,0.,-1.));
#880 = ORIENTED_EDGE('',*,*,#814,.F.);
#881 = ORIENTED_EDGE('',*,*,#875,.F.);
#882 = ORIENTED_EDGE('',*,*,#411,.T.);
#883 = CYLINDRICAL_SURFACE('',#884,1.);
#884 = AXIS2_PLACEMENT_3D('',#885,#886,#887);
#885 = CARTESIAN_POINT('',(-6.,49.,6.5));
#886 = DIRECTION('',(0.,0.,1.));
#887 = DIRECTION('',(-1.,-1.479114197289E-31,0.));
#888 = ADVANCED_FACE('',(#889),#900,.F.);
#889 = FACE_BOUND('',#890,.F.);
#890 = EDGE_LOOP('',(#891,#897,#898,#899));
#891 = ORIENTED_EDGE('',*,*,#892,.T.);
#892 = EDGE_CURVE('',#401,#826,#893,.T.);
#893 = LINE('',#894,#895);
#894 = CARTESIAN_POINT('',(1.,55.,6.5));
#895 = VECTOR('',#896,1.);
#896 = DIRECTION('',(0.,0.,-1.));
#897 = ORIENTED_EDGE('',*,*,#825,.F.);
#898 = ORIENTED_EDGE('',*,*,#892,.F.);
#899 = ORIENTED_EDGE('',*,*,#400,.T.);
#900 = CYLINDRICAL_SURFACE('',#901,1.);
#901 = AXIS2_PLACEMENT_3D('',#902,#903,#904);
#902 = CARTESIAN_POINT('',(-3.156557748539E-15,55.,6.5));
#903 = DIRECTION('',(0.,0.,1.));
#904 = DIRECTION('',(-1.,-1.479114197289E-31,0.));
#905 = ADVANCED_FACE('',(#906),#917,.F.);
#906 = FACE_BOUND('',#907,.F.);
#907 = EDGE_LOOP('',(#908,#914,#915,#916));
#908 = ORIENTED_EDGE('',*,*,#909,.T.);
#909 = EDGE_CURVE('',#390,#837,#910,.T.);
#910 = LINE('',#911,#912);
#911 = CARTESIAN_POINT('',(1.,43.,6.5));
#912 = VECTOR('',#913,1.);
#913 = DIRECTION('',(0.,0.,-1.));
#914 = ORIENTED_EDGE('',*,*,#836,.F.);
#915 = ORIENTED_EDGE('',*,*,#909,.F.);
#916 = ORIENTED_EDGE('',*,*,#389,.T.);
#917 = CYLINDRICAL_SURFACE('',#918,1.);
#918 = AXIS2_PLACEMENT_3D('',#919,#920,#921);
#919 = CARTESIAN_POINT('',(5.001568593659E-15,43.,6.5));
#920 = DIRECTION('',(0.,0.,1.));
#921 = DIRECTION('',(-1.,-1.479114197289E-31,0.));
#922 = ADVANCED_FACE('',(#923),#934,.F.);
#923 = FACE_BOUND('',#924,.F.);
#924 = EDGE_LOOP('',(#925,#931,#932,#933));
#925 = ORIENTED_EDGE('',*,*,#926,.T.);
#926 = EDGE_CURVE('',#594,#682,#927,.T.);
#927 = LINE('',#928,#929);
#928 = CARTESIAN_POINT('',(-7.,22.5,6.5));
#929 = VECTOR('',#930,1.);
#930 = DIRECTION('',(0.,0.,-1.));
#931 = ORIENTED_EDGE('',*,*,#681,.T.);
#932 = ORIENTED_EDGE('',*,*,#926,.F.);
#933 = ORIENTED_EDGE('',*,*,#593,.F.);
#934 = CYLINDRICAL_SURFACE('',#935,1.);
#935 = AXIS2_PLACEMENT_3D('',#936,#937,#938);
#936 = CARTESIAN_POINT('',(-8.,22.5,6.5));
#937 = DIRECTION('',(0.,0.,1.));
#938 = DIRECTION('',(-1.,-1.479114197289E-31,0.));
#939 = ADVANCED_FACE('',(#940),#951,.F.);
#940 = FACE_BOUND('',#941,.F.);
#941 = EDGE_LOOP('',(#942,#948,#949,#950));
#942 = ORIENTED_EDGE('',*,*,#943,.T.);
#943 = EDGE_CURVE('',#379,#848,#944,.T.);
#944 = LINE('',#945,#946);
#945 = CARTESIAN_POINT('',(3.,49.,6.5));
#946 = VECTOR('',#947,1.);
#947 = DIRECTION('',(0.,0.,-1.));
#948 = ORIENTED_EDGE('',*,*,#847,.F.);
#949 = ORIENTED_EDGE('',*,*,#943,.F.);
#950 = ORIENTED_EDGE('',*,*,#378,.T.);
#951 = CYLINDRICAL_SURFACE('',#952,3.);
#952 = AXIS2_PLACEMENT_3D('',#953,#954,#955);
#953 = CARTESIAN_POINT('',(6.000769315822E-15,49.,6.5));
#954 = DIRECTION('',(0.,0.,1.));
#955 = DIRECTION('',(-1.,-1.479114197289E-31,0.));
#956 = ADVANCED_FACE('',(#957),#968,.F.);
#957 = FACE_BOUND('',#958,.F.);
#958 = EDGE_LOOP('',(#959,#965,#966,#967));
#959 = ORIENTED_EDGE('',*,*,#960,.T.);
#960 = EDGE_CURVE('',#605,#671,#961,.T.);
#961 = LINE('',#962,#963);
#962 = CARTESIAN_POINT('',(9.,22.5,6.5));
#963 = VECTOR('',#964,1.);
#964 = DIRECTION('',(0.,0.,-1.));
#965 = ORIENTED_EDGE('',*,*,#670,.T.);
#966 = ORIENTED_EDGE('',*,*,#960,.F.);
#967 = ORIENTED_EDGE('',*,*,#604,.F.);
#968 = CYLINDRICAL_SURFACE('',#969,1.);
#969 = AXIS2_PLACEMENT_3D('',#970,#971,#972);
#970 = CARTESIAN_POINT('',(8.,22.5,6.5));
#971 = DIRECTION('',(0.,0.,1.));
#972 = DIRECTION('',(-1.,-1.479114197289E-31,0.));
#973 = ADVANCED_FACE('',(#974),#985,.F.);
#974 = FACE_BOUND('',#975,.F.);
#975 = EDGE_LOOP('',(#976,#982,#983,#984));
#976 = ORIENTED_EDGE('',*,*,#977,.T.);
#977 = EDGE_CURVE('',#368,#859,#978,.T.);
#978 = LINE('',#979,#980);
#979 = CARTESIAN_POINT('',(7.,49.,6.5));
#980 = VECTOR('',#981,1.);
#981 = DIRECTION('',(0.,0.,-1.));
#982 = ORIENTED_EDGE('',*,*,#858,.F.);
#983 = ORIENTED_EDGE('',*,*,#977,.F.);
#984 = ORIENTED_EDGE('',*,*,#367,.T.);
#985 = CYLINDRICAL_SURFACE('',#986,1.);
#986 = AXIS2_PLACEMENT_3D('',#987,#988,#989);
#987 = CARTESIAN_POINT('',(6.,49.,6.5));
#988 = DIRECTION('',(0.,0.,1.));
#989 = DIRECTION('',(-1.,-1.479114197289E-31,0.));
#990 = ADVANCED_FACE('',(#991),#997,.T.);
#991 = FACE_BOUND('',#992,.T.);
#992 = EDGE_LOOP('',(#993,#994,#995,#996));
#993 = ORIENTED_EDGE('',*,*,#509,.F.);
#994 = ORIENTED_EDGE('',*,*,#656,.F.);
#995 = ORIENTED_EDGE('',*,*,#622,.F.);
#996 = ORIENTED_EDGE('',*,*,#573,.T.);
#997 = PLANE('',#998);
#998 = AXIS2_PLACEMENT_3D('',#999,#1000,#1001);
#999 = CARTESIAN_POINT('',(-10.,17.5,6.5));
#1000 = DIRECTION('',(1.479114197289E-31,-1.,0.));
#1001 = DIRECTION('',(1.,1.479114197289E-31,0.));
#1002 = ADVANCED_FACE('',(#1003),#1014,.T.);
#1003 = FACE_BOUND('',#1004,.T.);
#1004 = EDGE_LOOP('',(#1005,#1006,#1007,#1008));
#1005 = ORIENTED_EDGE('',*,*,#785,.F.);
#1006 = ORIENTED_EDGE('',*,*,#525,.T.);
#1007 = ORIENTED_EDGE('',*,*,#343,.F.);
#1008 = ORIENTED_EDGE('',*,*,#1009,.F.);
#1009 = EDGE_CURVE('',#752,#335,#1010,.T.);
#1010 = LINE('',#1011,#1012);
#1011 = CARTESIAN_POINT('',(-9.335746228266,49.516083676753,6.5));
#1012 = VECTOR('',#1013,1.);
#1013 = DIRECTION('',(0.,0.,1.));
#1014 = PLANE('',#1015);
#1015 = AXIS2_PLACEMENT_3D('',#1016,#1017,#1018);
#1016 = CARTESIAN_POINT('',(-9.335746228266,49.516083676753,6.5));
#1017 = DIRECTION('',(-0.998475532435,5.519611516078E-02,0.));
#1018 = DIRECTION('',(-5.519611516078E-02,-0.998475532435,0.));
#1019 = ADVANCED_FACE('',(#1020),#1040,.T.);
#1020 = FACE_BOUND('',#1021,.T.);
#1021 = EDGE_LOOP('',(#1022,#1023,#1024,#1030,#1031,#1037,#1038,#1039));
#1022 = ORIENTED_EDGE('',*,*,#1009,.T.);
#1023 = ORIENTED_EDGE('',*,*,#334,.F.);
#1024 = ORIENTED_EDGE('',*,*,#1025,.F.);
#1025 = EDGE_CURVE('',#763,#327,#1026,.T.);
#1026 = LINE('',#1027,#1028);
#1027 = CARTESIAN_POINT('',(9.335746228266,49.516083676753,6.5));
#1028 = VECTOR('',#1029,1.);
#1029 = DIRECTION('',(0.,0.,1.));
#1030 = ORIENTED_EDGE('',*,*,#762,.F.);
#1031 = ORIENTED_EDGE('',*,*,#1032,.T.);
#1032 = EDGE_CURVE('',#754,#732,#1033,.T.);
#1033 = LINE('',#1034,#1035);
#1034 = CARTESIAN_POINT('',(9.35,49.,6.5));
#1035 = VECTOR('',#1036,1.);
#1036 = DIRECTION('',(0.,0.,-1.));
#1037 = ORIENTED_EDGE('',*,*,#731,.F.);
#1038 = ORIENTED_EDGE('',*,*,#1032,.F.);
#1039 = ORIENTED_EDGE('',*,*,#751,.F.);
#1040 = CYLINDRICAL_SURFACE('',#1041,9.35);
#1041 = AXIS2_PLACEMENT_3D('',#1042,#1043,#1044);
#1042 = CARTESIAN_POINT('',(5.551113828162E-16,49.,6.5));
#1043 = DIRECTION('',(0.,0.,1.));
#1044 = DIRECTION('',(-1.,-1.479114197289E-31,0.));
#1045 = ADVANCED_FACE('',(#1046),#1052,.T.);
#1046 = FACE_BOUND('',#1047,.T.);
#1047 = EDGE_LOOP('',(#1048,#1049,#1050,#1051));
#1048 = ORIENTED_EDGE('',*,*,#771,.T.);
#1049 = ORIENTED_EDGE('',*,*,#1025,.T.);
#1050 = ORIENTED_EDGE('',*,*,#326,.F.);
#1051 = ORIENTED_EDGE('',*,*,#170,.F.);
#1052 = PLANE('',#1053);
#1053 = AXIS2_PLACEMENT_3D('',#1054,#1055,#1056);
#1054 = CARTESIAN_POINT('',(10.,37.5,6.5));
#1055 = DIRECTION('',(0.998475532435,5.519611516078E-02,0.));
#1056 = DIRECTION('',(-5.519611516078E-02,0.998475532435,0.));
#1057 = ( GEOMETRIC_REPRESENTATION_CONTEXT(3) 
GLOBAL_UNCERTAINTY_ASSIGNED_CONTEXT((#1061)) 
GLOBAL_UNIT_ASSIGNED_CONTEXT((#1058,#1059,#1060)) REPRESENTATION_CONTEXT
('Context #1','3D Context with UNIT and UNCERTAINTY') );
#1058 = ( LENGTH_UNIT() NAMED_UNIT(*) SI_UNIT(.MILLI.,.METRE.) );
#1059 = ( NAMED_UNIT(*) PLANE_ANGLE_UNIT() SI_UNIT($,.RADIAN.) );
#1060 = ( NAMED_UNIT(*) SI_UNIT($,.STERADIAN.) SOLID_ANGLE_UNIT() );
#1061 = UNCERTAINTY_MEASURE_WITH_UNIT(LENGTH_MEASURE(1.E-07),#1058,
  'distance_accuracy_value','confusion accuracy');
#1062 = CONTEXT_DEPENDENT_SHAPE_REPRESENTATION(#1063,#1065);
#1063 = ( REPRESENTATION_RELATIONSHIP('','',#40,#10) 
REPRESENTATION_RELATIONSHIP_WITH_TRANSFORMATION(#1064) 
SHAPE_REPRESENTATION_RELATIONSHIP() );
#1064 = ITEM_DEFINED_TRANSFORMATION('','',#11,#15);
#1065 = PRODUCT_DEFINITION_SHAPE('Placement','Placement of an item',
  #1066);
#1066 = NEXT_ASSEMBLY_USAGE_OCCURRENCE('1','COMPOUND074','',#5,#35,$);
#1067 = PRODUCT_RELATED_PRODUCT_CATEGORY('part',$,(#37));
#1068 = SHAPE_DEFINITION_REPRESENTATION(#1069,#1075);
#1069 = PRODUCT_DEFINITION_SHAPE('','',#1070);
#1070 = PRODUCT_DEFINITION('design','',#1071,#1074);
#1071 = PRODUCT_DEFINITION_FORMATION('','',#1072);
#1072 = PRODUCT('COMPOUND075','COMPOUND075','',(#1073));
#1073 = PRODUCT_CONTEXT('',#2,'mechanical');
#1074 = PRODUCT_DEFINITION_CONTEXT('part definition',#2,'design');
#1075 = ADVANCED_BREP_SHAPE_REPRESENTATION('',(#11,#1076),#1304);
#1076 = MANIFOLD_SOLID_BREP('',#1077);
#1077 = CLOSED_SHELL('',(#1078,#1111,#1144,#1184,#1215,#1246,#1268,#1286
    ));
#1078 = ADVANCED_FACE('',(#1079),#1106,.F.);
#1079 = FACE_BOUND('',#1080,.F.);
#1080 = EDGE_LOOP('',(#1081,#1091,#1098,#1099));
#1081 = ORIENTED_EDGE('',*,*,#1082,.T.);
#1082 = EDGE_CURVE('',#1083,#1085,#1087,.T.);
#1083 = VERTEX_POINT('',#1084);
#1084 = CARTESIAN_POINT('',(9.,32.,-19.5));
#1085 = VERTEX_POINT('',#1086);
#1086 = CARTESIAN_POINT('',(9.,32.,3.5));
#1087 = LINE('',#1088,#1089);
#1088 = CARTESIAN_POINT('',(9.,32.,3.5));
#1089 = VECTOR('',#1090,1.);
#1090 = DIRECTION('',(0.,0.,1.));
#1091 = ORIENTED_EDGE('',*,*,#1092,.F.);
#1092 = EDGE_CURVE('',#1085,#1085,#1093,.T.);
#1093 = CIRCLE('',#1094,1.);
#1094 = AXIS2_PLACEMENT_3D('',#1095,#1096,#1097);
#1095 = CARTESIAN_POINT('',(8.,32.,3.5));
#1096 = DIRECTION('',(0.,0.,1.));
#1097 = DIRECTION('',(-1.,0.,0.));
#1098 = ORIENTED_EDGE('',*,*,#1082,.F.);
#1099 = ORIENTED_EDGE('',*,*,#1100,.T.);
#1100 = EDGE_CURVE('',#1083,#1083,#1101,.T.);
#1101 = CIRCLE('',#1102,1.);
#1102 = AXIS2_PLACEMENT_3D('',#1103,#1104,#1105);
#1103 = CARTESIAN_POINT('',(8.,32.,-19.5));
#1104 = DIRECTION('',(0.,0.,1.));
#1105 = DIRECTION('',(-1.,0.,0.));
#1106 = CYLINDRICAL_SURFACE('',#1107,1.);
#1107 = AXIS2_PLACEMENT_3D('',#1108,#1109,#1110);
#1108 = CARTESIAN_POINT('',(8.,32.,3.5));
#1109 = DIRECTION('',(0.,0.,-1.));
#1110 = DIRECTION('',(-1.,0.,0.));
#1111 = ADVANCED_FACE('',(#1112),#1139,.F.);
#1112 = FACE_BOUND('',#1113,.F.);
#1113 = EDGE_LOOP('',(#1114,#1124,#1131,#1132));
#1114 = ORIENTED_EDGE('',*,*,#1115,.T.);
#1115 = EDGE_CURVE('',#1116,#1118,#1120,.T.);
#1116 = VERTEX_POINT('',#1117);
#1117 = CARTESIAN_POINT('',(-7.,32.,-19.5));
#1118 = VERTEX_POINT('',#1119);
#1119 = CARTESIAN_POINT('',(-7.,32.,3.5));
#1120 = LINE('',#1121,#1122);
#1121 = CARTESIAN_POINT('',(-7.,32.,3.5));
#1122 = VECTOR('',#1123,1.);
#1123 = DIRECTION('',(0.,0.,1.));
#1124 = ORIENTED_EDGE('',*,*,#1125,.F.);
#1125 = EDGE_CURVE('',#1118,#1118,#1126,.T.);
#1126 = CIRCLE('',#1127,1.);
#1127 = AXIS2_PLACEMENT_3D('',#1128,#1129,#1130);
#1128 = CARTESIAN_POINT('',(-8.,32.,3.5));
#1129 = DIRECTION('',(0.,0.,1.));
#1130 = DIRECTION('',(-1.,0.,0.));
#1131 = ORIENTED_EDGE('',*,*,#1115,.F.);
#1132 = ORIENTED_EDGE('',*,*,#1133,.T.);
#1133 = EDGE_CURVE('',#1116,#1116,#1134,.T.);
#1134 = CIRCLE('',#1135,1.);
#1135 = AXIS2_PLACEMENT_3D('',#1136,#1137,#1138);
#1136 = CARTESIAN_POINT('',(-8.,32.,-19.5));
#1137 = DIRECTION('',(0.,0.,1.));
#1138 = DIRECTION('',(-1.,0.,0.));
#1139 = CYLINDRICAL_SURFACE('',#1140,1.);
#1140 = AXIS2_PLACEMENT_3D('',#1141,#1142,#1143);
#1141 = CARTESIAN_POINT('',(-8.,32.,3.5));
#1142 = DIRECTION('',(0.,0.,-1.));
#1143 = DIRECTION('',(-1.,0.,0.));
#1144 = ADVANCED_FACE('',(#1145),#1179,.T.);
#1145 = FACE_BOUND('',#1146,.T.);
#1146 = EDGE_LOOP('',(#1147,#1157,#1165,#1173));
#1147 = ORIENTED_EDGE('',*,*,#1148,.T.);
#1148 = EDGE_CURVE('',#1149,#1151,#1153,.T.);
#1149 = VERTEX_POINT('',#1150);
#1150 = CARTESIAN_POINT('',(10.,34.,3.5));
#1151 = VERTEX_POINT('',#1152);
#1152 = CARTESIAN_POINT('',(10.,30.,3.5));
#1153 = LINE('',#1154,#1155);
#1154 = CARTESIAN_POINT('',(10.,34.,3.5));
#1155 = VECTOR('',#1156,1.);
#1156 = DIRECTION('',(0.,-1.,0.));
#1157 = ORIENTED_EDGE('',*,*,#1158,.T.);
#1158 = EDGE_CURVE('',#1151,#1159,#1161,.T.);
#1159 = VERTEX_POINT('',#1160);
#1160 = CARTESIAN_POINT('',(10.,30.,-19.5));
#1161 = LINE('',#1162,#1163);
#1162 = CARTESIAN_POINT('',(10.,30.,3.5));
#1163 = VECTOR('',#1164,1.);
#1164 = DIRECTION('',(0.,0.,-1.));
#1165 = ORIENTED_EDGE('',*,*,#1166,.F.);
#1166 = EDGE_CURVE('',#1167,#1159,#1169,.T.);
#1167 = VERTEX_POINT('',#1168);
#1168 = CARTESIAN_POINT('',(10.,34.,-19.5));
#1169 = LINE('',#1170,#1171);
#1170 = CARTESIAN_POINT('',(10.,34.,-19.5));
#1171 = VECTOR('',#1172,1.);
#1172 = DIRECTION('',(0.,-1.,0.));
#1173 = ORIENTED_EDGE('',*,*,#1174,.F.);
#1174 = EDGE_CURVE('',#1149,#1167,#1175,.T.);
#1175 = LINE('',#1176,#1177);
#1176 = CARTESIAN_POINT('',(10.,34.,3.5));
#1177 = VECTOR('',#1178,1.);
#1178 = DIRECTION('',(0.,0.,-1.));
#1179 = PLANE('',#1180);
#1180 = AXIS2_PLACEMENT_3D('',#1181,#1182,#1183);
#1181 = CARTESIAN_POINT('',(10.,34.,3.5));
#1182 = DIRECTION('',(1.,0.,0.));
#1183 = DIRECTION('',(0.,-1.,0.));
#1184 = ADVANCED_FACE('',(#1185),#1210,.T.);
#1185 = FACE_BOUND('',#1186,.T.);
#1186 = EDGE_LOOP('',(#1187,#1195,#1196,#1204));
#1187 = ORIENTED_EDGE('',*,*,#1188,.T.);
#1188 = EDGE_CURVE('',#1189,#1149,#1191,.T.);
#1189 = VERTEX_POINT('',#1190);
#1190 = CARTESIAN_POINT('',(-10.,34.,3.5));
#1191 = LINE('',#1192,#1193);
#1192 = CARTESIAN_POINT('',(-10.,34.,3.5));
#1193 = VECTOR('',#1194,1.);
#1194 = DIRECTION('',(1.,0.,0.));
#1195 = ORIENTED_EDGE('',*,*,#1174,.T.);
#1196 = ORIENTED_EDGE('',*,*,#1197,.F.);
#1197 = EDGE_CURVE('',#1198,#1167,#1200,.T.);
#1198 = VERTEX_POINT('',#1199);
#1199 = CARTESIAN_POINT('',(-10.,34.,-19.5));
#1200 = LINE('',#1201,#1202);
#1201 = CARTESIAN_POINT('',(-10.,34.,-19.5));
#1202 = VECTOR('',#1203,1.);
#1203 = DIRECTION('',(1.,0.,0.));
#1204 = ORIENTED_EDGE('',*,*,#1205,.F.);
#1205 = EDGE_CURVE('',#1189,#1198,#1206,.T.);
#1206 = LINE('',#1207,#1208);
#1207 = CARTESIAN_POINT('',(-10.,34.,3.5));
#1208 = VECTOR('',#1209,1.);
#1209 = DIRECTION('',(0.,0.,-1.));
#1210 = PLANE('',#1211);
#1211 = AXIS2_PLACEMENT_3D('',#1212,#1213,#1214);
#1212 = CARTESIAN_POINT('',(-10.,34.,3.5));
#1213 = DIRECTION('',(0.,1.,0.));
#1214 = DIRECTION('',(1.,0.,0.));
#1215 = ADVANCED_FACE('',(#1216),#1241,.T.);
#1216 = FACE_BOUND('',#1217,.T.);
#1217 = EDGE_LOOP('',(#1218,#1226,#1227,#1235));
#1218 = ORIENTED_EDGE('',*,*,#1219,.T.);
#1219 = EDGE_CURVE('',#1220,#1189,#1222,.T.);
#1220 = VERTEX_POINT('',#1221);
#1221 = CARTESIAN_POINT('',(-10.,30.,3.5));
#1222 = LINE('',#1223,#1224);
#1223 = CARTESIAN_POINT('',(-10.,19.5,3.5));
#1224 = VECTOR('',#1225,1.);
#1225 = DIRECTION('',(0.,1.,0.));
#1226 = ORIENTED_EDGE('',*,*,#1205,.T.);
#1227 = ORIENTED_EDGE('',*,*,#1228,.F.);
#1228 = EDGE_CURVE('',#1229,#1198,#1231,.T.);
#1229 = VERTEX_POINT('',#1230);
#1230 = CARTESIAN_POINT('',(-10.,30.,-19.5));
#1231 = LINE('',#1232,#1233);
#1232 = CARTESIAN_POINT('',(-10.,19.5,-19.5));
#1233 = VECTOR('',#1234,1.);
#1234 = DIRECTION('',(0.,1.,0.));
#1235 = ORIENTED_EDGE('',*,*,#1236,.F.);
#1236 = EDGE_CURVE('',#1220,#1229,#1237,.T.);
#1237 = LINE('',#1238,#1239);
#1238 = CARTESIAN_POINT('',(-10.,30.,3.5));
#1239 = VECTOR('',#1240,1.);
#1240 = DIRECTION('',(0.,0.,-1.));
#1241 = PLANE('',#1242);
#1242 = AXIS2_PLACEMENT_3D('',#1243,#1244,#1245);
#1243 = CARTESIAN_POINT('',(-10.,30.,3.5));
#1244 = DIRECTION('',(-1.,0.,0.));
#1245 = DIRECTION('',(0.,1.,0.));
#1246 = ADVANCED_FACE('',(#1247),#1263,.T.);
#1247 = FACE_BOUND('',#1248,.T.);
#1248 = EDGE_LOOP('',(#1249,#1255,#1256,#1262));
#1249 = ORIENTED_EDGE('',*,*,#1250,.T.);
#1250 = EDGE_CURVE('',#1151,#1220,#1251,.T.);
#1251 = LINE('',#1252,#1253);
#1252 = CARTESIAN_POINT('',(10.,30.,3.5));
#1253 = VECTOR('',#1254,1.);
#1254 = DIRECTION('',(-1.,0.,0.));
#1255 = ORIENTED_EDGE('',*,*,#1236,.T.);
#1256 = ORIENTED_EDGE('',*,*,#1257,.F.);
#1257 = EDGE_CURVE('',#1159,#1229,#1258,.T.);
#1258 = LINE('',#1259,#1260);
#1259 = CARTESIAN_POINT('',(10.,30.,-19.5));
#1260 = VECTOR('',#1261,1.);
#1261 = DIRECTION('',(-1.,0.,0.));
#1262 = ORIENTED_EDGE('',*,*,#1158,.F.);
#1263 = PLANE('',#1264);
#1264 = AXIS2_PLACEMENT_3D('',#1265,#1266,#1267);
#1265 = CARTESIAN_POINT('',(10.,30.,3.5));
#1266 = DIRECTION('',(0.,-1.,0.));
#1267 = DIRECTION('',(-1.,0.,0.));
#1268 = ADVANCED_FACE('',(#1269,#1275,#1278),#1281,.T.);
#1269 = FACE_BOUND('',#1270,.T.);
#1270 = EDGE_LOOP('',(#1271,#1272,#1273,#1274));
#1271 = ORIENTED_EDGE('',*,*,#1257,.T.);
#1272 = ORIENTED_EDGE('',*,*,#1228,.T.);
#1273 = ORIENTED_EDGE('',*,*,#1197,.T.);
#1274 = ORIENTED_EDGE('',*,*,#1166,.T.);
#1275 = FACE_BOUND('',#1276,.T.);
#1276 = EDGE_LOOP('',(#1277));
#1277 = ORIENTED_EDGE('',*,*,#1133,.T.);
#1278 = FACE_BOUND('',#1279,.T.);
#1279 = EDGE_LOOP('',(#1280));
#1280 = ORIENTED_EDGE('',*,*,#1100,.T.);
#1281 = PLANE('',#1282);
#1282 = AXIS2_PLACEMENT_3D('',#1283,#1284,#1285);
#1283 = CARTESIAN_POINT('',(0.,32.,-19.5));
#1284 = DIRECTION('',(0.,0.,-1.));
#1285 = DIRECTION('',(-1.,0.,0.));
#1286 = ADVANCED_FACE('',(#1287,#1293,#1296),#1299,.F.);
#1287 = FACE_BOUND('',#1288,.T.);
#1288 = EDGE_LOOP('',(#1289,#1290,#1291,#1292));
#1289 = ORIENTED_EDGE('',*,*,#1250,.F.);
#1290 = ORIENTED_EDGE('',*,*,#1148,.F.);
#1291 = ORIENTED_EDGE('',*,*,#1188,.F.);
#1292 = ORIENTED_EDGE('',*,*,#1219,.F.);
#1293 = FACE_BOUND('',#1294,.T.);
#1294 = EDGE_LOOP('',(#1295));
#1295 = ORIENTED_EDGE('',*,*,#1125,.F.);
#1296 = FACE_BOUND('',#1297,.T.);
#1297 = EDGE_LOOP('',(#1298));
#1298 = ORIENTED_EDGE('',*,*,#1092,.F.);
#1299 = PLANE('',#1300);
#1300 = AXIS2_PLACEMENT_3D('',#1301,#1302,#1303);
#1301 = CARTESIAN_POINT('',(0.,32.,3.5));
#1302 = DIRECTION('',(0.,0.,-1.));
#1303 = DIRECTION('',(-1.,0.,0.));
#1304 = ( GEOMETRIC_REPRESENTATION_CONTEXT(3) 
GLOBAL_UNCERTAINTY_ASSIGNED_CONTEXT((#1308)) 
GLOBAL_UNIT_ASSIGNED_CONTEXT((#1305,#1306,#1307)) REPRESENTATION_CONTEXT
('Context #1','3D Context with UNIT and UNCERTAINTY') );
#1305 = ( LENGTH_UNIT() NAMED_UNIT(*) SI_UNIT(.MILLI.,.METRE.) );
#1306 = ( NAMED_UNIT(*) PLANE_ANGLE_UNIT() SI_UNIT($,.RADIAN.) );
#1307 = ( NAMED_UNIT(*) SI_UNIT($,.STERADIAN.) SOLID_ANGLE_UNIT() );
#1308 = UNCERTAINTY_MEASURE_WITH_UNIT(LENGTH_MEASURE(1.E-07),#1305,
  'distance_accuracy_value','confusion accuracy');
#1309 = CONTEXT_DEPENDENT_SHAPE_REPRESENTATION(#1310,#1312);
#1310 = ( REPRESENTATION_RELATIONSHIP('','',#1075,#10) 
REPRESENTATION_RELATIONSHIP_WITH_TRANSFORMATION(#1311) 
SHAPE_REPRESENTATION_RELATIONSHIP() );
#1311 = ITEM_DEFINED_TRANSFORMATION('','',#11,#19);
#1312 = PRODUCT_DEFINITION_SHAPE('Placement','Placement of an item',
  #1313);
#1313 = NEXT_ASSEMBLY_USAGE_OCCURRENCE('2','COMPOUND075','',#5,#1070,$);
#1314 = PRODUCT_RELATED_PRODUCT_CATEGORY('part',$,(#1072));
#1315 = SHAPE_DEFINITION_REPRESENTATION(#1316,#1322);
#1316 = PRODUCT_DEFINITION_SHAPE('','',#1317);
#1317 = PRODUCT_DEFINITION('design','',#1318,#1321);
#1318 = PRODUCT_DEFINITION_FORMATION('','',#1319);
#1319 = PRODUCT('COMPOUND076','COMPOUND076','',(#1320));
#1320 = PRODUCT_CONTEXT('',#2,'mechanical');
#1321 = PRODUCT_DEFINITION_CONTEXT('part definition',#2,'design');
#1322 = ADVANCED_BREP_SHAPE_REPRESENTATION('',(#11,#1323),#2550);
#1323 = MANIFOLD_SOLID_BREP('',#1324);
#1324 = CLOSED_SHELL('',(#1325,#1367,#1398,#1645,#1677,#1701,#1725,#1749
    ,#1773,#1798,#1822,#1846,#1863,#1896,#1929,#1953,#1977,#1994,#2018,
    #2042,#2059,#2084,#2093,#2142,#2198,#2215,#2248,#2265,#2315,#2362,
    #2379,#2420,#2437,#2462,#2486,#2504));
#1325 = ADVANCED_FACE('',(#1326),#1362,.T.);
#1326 = FACE_BOUND('',#1327,.T.);
#1327 = EDGE_LOOP('',(#1328,#1339,#1347,#1356));
#1328 = ORIENTED_EDGE('',*,*,#1329,.T.);
#1329 = EDGE_CURVE('',#1330,#1332,#1334,.T.);
#1330 = VERTEX_POINT('',#1331);
#1331 = CARTESIAN_POINT('',(-8.,36.,-22.5));
#1332 = VERTEX_POINT('',#1333);
#1333 = CARTESIAN_POINT('',(-10.,34.,-22.5));
#1334 = CIRCLE('',#1335,2.);
#1335 = AXIS2_PLACEMENT_3D('',#1336,#1337,#1338);
#1336 = CARTESIAN_POINT('',(-8.,34.,-22.5));
#1337 = DIRECTION('',(0.,0.,1.));
#1338 = DIRECTION('',(-0.707106781187,0.707106781187,0.));
#1339 = ORIENTED_EDGE('',*,*,#1340,.T.);
#1340 = EDGE_CURVE('',#1332,#1341,#1343,.T.);
#1341 = VERTEX_POINT('',#1342);
#1342 = CARTESIAN_POINT('',(-10.,34.,-19.5));
#1343 = LINE('',#1344,#1345);
#1344 = CARTESIAN_POINT('',(-10.,34.,-21.));
#1345 = VECTOR('',#1346,1.);
#1346 = DIRECTION('',(0.,0.,1.));
#1347 = ORIENTED_EDGE('',*,*,#1348,.T.);
#1348 = EDGE_CURVE('',#1341,#1349,#1351,.T.);
#1349 = VERTEX_POINT('',#1350);
#1350 = CARTESIAN_POINT('',(-8.,36.,-19.5));
#1351 = CIRCLE('',#1352,2.);
#1352 = AXIS2_PLACEMENT_3D('',#1353,#1354,#1355);
#1353 = CARTESIAN_POINT('',(-8.,34.,-19.5));
#1354 = DIRECTION('',(0.,0.,-1.));
#1355 = DIRECTION('',(-0.707106781187,0.707106781187,0.));
#1356 = ORIENTED_EDGE('',*,*,#1357,.T.);
#1357 = EDGE_CURVE('',#1349,#1330,#1358,.T.);
#1358 = LINE('',#1359,#1360);
#1359 = CARTESIAN_POINT('',(-8.,36.,-21.));
#1360 = VECTOR('',#1361,1.);
#1361 = DIRECTION('',(0.,0.,-1.));
#1362 = CYLINDRICAL_SURFACE('',#1363,2.);
#1363 = AXIS2_PLACEMENT_3D('',#1364,#1365,#1366);
#1364 = CARTESIAN_POINT('',(-8.,34.,-21.));
#1365 = DIRECTION('',(0.,0.,-1.));
#1366 = DIRECTION('',(-0.707106781187,0.707106781187,0.));
#1367 = ADVANCED_FACE('',(#1368),#1393,.F.);
#1368 = FACE_BOUND('',#1369,.T.);
#1369 = EDGE_LOOP('',(#1370,#1371,#1379,#1387));
#1370 = ORIENTED_EDGE('',*,*,#1357,.F.);
#1371 = ORIENTED_EDGE('',*,*,#1372,.F.);
#1372 = EDGE_CURVE('',#1373,#1349,#1375,.T.);
#1373 = VERTEX_POINT('',#1374);
#1374 = CARTESIAN_POINT('',(-3.5,36.,-19.5));
#1375 = LINE('',#1376,#1377);
#1376 = CARTESIAN_POINT('',(-5.,36.,-19.5));
#1377 = VECTOR('',#1378,1.);
#1378 = DIRECTION('',(-1.,0.,0.));
#1379 = ORIENTED_EDGE('',*,*,#1380,.F.);
#1380 = EDGE_CURVE('',#1381,#1373,#1383,.T.);
#1381 = VERTEX_POINT('',#1382);
#1382 = CARTESIAN_POINT('',(-3.5,36.,-22.5));
#1383 = LINE('',#1384,#1385);
#1384 = CARTESIAN_POINT('',(-3.5,36.,-22.5));
#1385 = VECTOR('',#1386,1.);
#1386 = DIRECTION('',(0.,0.,1.));
#1387 = ORIENTED_EDGE('',*,*,#1388,.F.);
#1388 = EDGE_CURVE('',#1330,#1381,#1389,.T.);
#1389 = LINE('',#1390,#1391);
#1390 = CARTESIAN_POINT('',(-5.,36.,-22.5));
#1391 = VECTOR('',#1392,1.);
#1392 = DIRECTION('',(1.,0.,0.));
#1393 = PLANE('',#1394);
#1394 = AXIS2_PLACEMENT_3D('',#1395,#1396,#1397);
#1395 = CARTESIAN_POINT('',(-10.,36.,-22.5));
#1396 = DIRECTION('',(0.,-1.,0.));
#1397 = DIRECTION('',(1.,0.,0.));
#1398 = ADVANCED_FACE('',(#1399,#1517,#1528,#1539,#1550,#1561,#1572,
    #1606),#1640,.F.);
#1399 = FACE_BOUND('',#1400,.T.);
#1400 = EDGE_LOOP('',(#1401,#1402,#1410,#1419,#1427,#1436,#1444,#1453,
    #1461,#1469,#1477,#1485,#1494,#1502,#1510,#1516));
#1401 = ORIENTED_EDGE('',*,*,#1348,.F.);
#1402 = ORIENTED_EDGE('',*,*,#1403,.T.);
#1403 = EDGE_CURVE('',#1341,#1404,#1406,.T.);
#1404 = VERTEX_POINT('',#1405);
#1405 = CARTESIAN_POINT('',(-10.,19.5,-19.5));
#1406 = LINE('',#1407,#1408);
#1407 = CARTESIAN_POINT('',(-10.,45.5,-19.5));
#1408 = VECTOR('',#1409,1.);
#1409 = DIRECTION('',(0.,-1.,0.));
#1410 = ORIENTED_EDGE('',*,*,#1411,.F.);
#1411 = EDGE_CURVE('',#1412,#1404,#1414,.T.);
#1412 = VERTEX_POINT('',#1413);
#1413 = CARTESIAN_POINT('',(-8.,17.5,-19.5));
#1414 = CIRCLE('',#1415,2.);
#1415 = AXIS2_PLACEMENT_3D('',#1416,#1417,#1418);
#1416 = CARTESIAN_POINT('',(-8.,19.5,-19.5));
#1417 = DIRECTION('',(0.,0.,-1.));
#1418 = DIRECTION('',(-0.707106781187,-0.707106781187,-0.));
#1419 = ORIENTED_EDGE('',*,*,#1420,.T.);
#1420 = EDGE_CURVE('',#1412,#1421,#1423,.T.);
#1421 = VERTEX_POINT('',#1422);
#1422 = CARTESIAN_POINT('',(8.,17.5,-19.5));
#1423 = LINE('',#1424,#1425);
#1424 = CARTESIAN_POINT('',(-10.,17.5,-19.5));
#1425 = VECTOR('',#1426,1.);
#1426 = DIRECTION('',(1.,0.,0.));
#1427 = ORIENTED_EDGE('',*,*,#1428,.F.);
#1428 = EDGE_CURVE('',#1429,#1421,#1431,.T.);
#1429 = VERTEX_POINT('',#1430);
#1430 = CARTESIAN_POINT('',(10.,19.5,-19.5));
#1431 = CIRCLE('',#1432,2.);
#1432 = AXIS2_PLACEMENT_3D('',#1433,#1434,#1435);
#1433 = CARTESIAN_POINT('',(8.,19.5,-19.5));
#1434 = DIRECTION('',(0.,0.,-1.));
#1435 = DIRECTION('',(0.707106781187,-0.707106781187,0.));
#1436 = ORIENTED_EDGE('',*,*,#1437,.T.);
#1437 = EDGE_CURVE('',#1429,#1438,#1440,.T.);
#1438 = VERTEX_POINT('',#1439);
#1439 = CARTESIAN_POINT('',(10.,34.,-19.5));
#1440 = LINE('',#1441,#1442);
#1441 = CARTESIAN_POINT('',(10.,17.5,-19.5));
#1442 = VECTOR('',#1443,1.);
#1443 = DIRECTION('',(1.586032892322E-16,1.,0.));
#1444 = ORIENTED_EDGE('',*,*,#1445,.F.);
#1445 = EDGE_CURVE('',#1446,#1438,#1448,.T.);
#1446 = VERTEX_POINT('',#1447);
#1447 = CARTESIAN_POINT('',(8.,36.,-19.5));
#1448 = CIRCLE('',#1449,2.);
#1449 = AXIS2_PLACEMENT_3D('',#1450,#1451,#1452);
#1450 = CARTESIAN_POINT('',(8.,34.,-19.5));
#1451 = DIRECTION('',(0.,0.,-1.));
#1452 = DIRECTION('',(0.707106781187,0.707106781187,0.));
#1453 = ORIENTED_EDGE('',*,*,#1454,.T.);
#1454 = EDGE_CURVE('',#1446,#1455,#1457,.T.);
#1455 = VERTEX_POINT('',#1456);
#1456 = CARTESIAN_POINT('',(3.5,36.,-19.5));
#1457 = LINE('',#1458,#1459);
#1458 = CARTESIAN_POINT('',(1.75,36.,-19.5));
#1459 = VECTOR('',#1460,1.);
#1460 = DIRECTION('',(-1.,0.,0.));
#1461 = ORIENTED_EDGE('',*,*,#1462,.T.);
#1462 = EDGE_CURVE('',#1455,#1463,#1465,.T.);
#1463 = VERTEX_POINT('',#1464);
#1464 = CARTESIAN_POINT('',(3.5,41.,-19.5));
#1465 = LINE('',#1466,#1467);
#1466 = CARTESIAN_POINT('',(3.5,38.625,-19.5));
#1467 = VECTOR('',#1468,1.);
#1468 = DIRECTION('',(1.221245327088E-15,1.,0.));
#1469 = ORIENTED_EDGE('',*,*,#1470,.T.);
#1470 = EDGE_CURVE('',#1463,#1471,#1473,.T.);
#1471 = VERTEX_POINT('',#1472);
#1472 = CARTESIAN_POINT('',(5.,41.,-19.5));
#1473 = LINE('',#1474,#1475);
#1474 = CARTESIAN_POINT('',(2.5,41.,-19.5));
#1475 = VECTOR('',#1476,1.);
#1476 = DIRECTION('',(1.,0.,0.));
#1477 = ORIENTED_EDGE('',*,*,#1478,.T.);
#1478 = EDGE_CURVE('',#1471,#1479,#1481,.T.);
#1479 = VERTEX_POINT('',#1480);
#1480 = CARTESIAN_POINT('',(5.,49.,-19.5));
#1481 = LINE('',#1482,#1483);
#1482 = CARTESIAN_POINT('',(5.,42.625,-19.5));
#1483 = VECTOR('',#1484,1.);
#1484 = DIRECTION('',(7.686159401251E-16,1.,0.));
#1485 = ORIENTED_EDGE('',*,*,#1486,.T.);
#1486 = EDGE_CURVE('',#1479,#1487,#1489,.T.);
#1487 = VERTEX_POINT('',#1488);
#1488 = CARTESIAN_POINT('',(-5.,49.,-19.5));
#1489 = CIRCLE('',#1490,5.);
#1490 = AXIS2_PLACEMENT_3D('',#1491,#1492,#1493);
#1491 = CARTESIAN_POINT('',(1.37723304882E-14,49.,-19.5));
#1492 = DIRECTION('',(0.,0.,1.));
#1493 = DIRECTION('',(-1.,0.,0.));
#1494 = ORIENTED_EDGE('',*,*,#1495,.T.);
#1495 = EDGE_CURVE('',#1487,#1496,#1498,.T.);
#1496 = VERTEX_POINT('',#1497);
#1497 = CARTESIAN_POINT('',(-5.,41.,-19.5));
#1498 = LINE('',#1499,#1500);
#1499 = CARTESIAN_POINT('',(-5.,38.625,-19.5));
#1500 = VECTOR('',#1501,1.);
#1501 = DIRECTION('',(2.135044278125E-16,-1.,0.));
#1502 = ORIENTED_EDGE('',*,*,#1503,.T.);
#1503 = EDGE_CURVE('',#1496,#1504,#1506,.T.);
#1504 = VERTEX_POINT('',#1505);
#1505 = CARTESIAN_POINT('',(-3.5,41.,-19.5));
#1506 = LINE('',#1507,#1508);
#1507 = CARTESIAN_POINT('',(-1.75,41.,-19.5));
#1508 = VECTOR('',#1509,1.);
#1509 = DIRECTION('',(1.,0.,0.));
#1510 = ORIENTED_EDGE('',*,*,#1511,.T.);
#1511 = EDGE_CURVE('',#1504,#1373,#1512,.T.);
#1512 = LINE('',#1513,#1514);
#1513 = CARTESIAN_POINT('',(-3.5,36.125,-19.5));
#1514 = VECTOR('',#1515,1.);
#1515 = DIRECTION('',(-3.330669073875E-16,-1.,0.));
#1516 = ORIENTED_EDGE('',*,*,#1372,.T.);
#1517 = FACE_BOUND('',#1518,.T.);
#1518 = EDGE_LOOP('',(#1519));
#1519 = ORIENTED_EDGE('',*,*,#1520,.F.);
#1520 = EDGE_CURVE('',#1521,#1521,#1523,.T.);
#1521 = VERTEX_POINT('',#1522);
#1522 = CARTESIAN_POINT('',(-9.,22.5,-19.5));
#1523 = CIRCLE('',#1524,1.);
#1524 = AXIS2_PLACEMENT_3D('',#1525,#1526,#1527);
#1525 = CARTESIAN_POINT('',(-8.,22.5,-19.5));
#1526 = DIRECTION('',(0.,0.,1.));
#1527 = DIRECTION('',(1.,0.,-0.));
#1528 = FACE_BOUND('',#1529,.T.);
#1529 = EDGE_LOOP('',(#1530));
#1530 = ORIENTED_EDGE('',*,*,#1531,.F.);
#1531 = EDGE_CURVE('',#1532,#1532,#1534,.T.);
#1532 = VERTEX_POINT('',#1533);
#1533 = CARTESIAN_POINT('',(-9.,32.,-19.5));
#1534 = CIRCLE('',#1535,1.);
#1535 = AXIS2_PLACEMENT_3D('',#1536,#1537,#1538);
#1536 = CARTESIAN_POINT('',(-8.,32.,-19.5));
#1537 = DIRECTION('',(0.,0.,1.));
#1538 = DIRECTION('',(1.,0.,-0.));
#1539 = FACE_BOUND('',#1540,.T.);
#1540 = EDGE_LOOP('',(#1541));
#1541 = ORIENTED_EDGE('',*,*,#1542,.F.);
#1542 = EDGE_CURVE('',#1543,#1543,#1545,.T.);
#1543 = VERTEX_POINT('',#1544);
#1544 = CARTESIAN_POINT('',(7.,22.5,-19.5));
#1545 = CIRCLE('',#1546,1.);
#1546 = AXIS2_PLACEMENT_3D('',#1547,#1548,#1549);
#1547 = CARTESIAN_POINT('',(8.,22.5,-19.5));
#1548 = DIRECTION('',(0.,0.,1.));
#1549 = DIRECTION('',(1.,0.,-0.));
#1550 = FACE_BOUND('',#1551,.T.);
#1551 = EDGE_LOOP('',(#1552));
#1552 = ORIENTED_EDGE('',*,*,#1553,.F.);
#1553 = EDGE_CURVE('',#1554,#1554,#1556,.T.);
#1554 = VERTEX_POINT('',#1555);
#1555 = CARTESIAN_POINT('',(7.,32.,-19.5));
#1556 = CIRCLE('',#1557,1.);
#1557 = AXIS2_PLACEMENT_3D('',#1558,#1559,#1560);
#1558 = CARTESIAN_POINT('',(8.,32.,-19.5));
#1559 = DIRECTION('',(0.,0.,1.));
#1560 = DIRECTION('',(1.,0.,-0.));
#1561 = FACE_BOUND('',#1562,.T.);
#1562 = EDGE_LOOP('',(#1563));
#1563 = ORIENTED_EDGE('',*,*,#1564,.T.);
#1564 = EDGE_CURVE('',#1565,#1565,#1567,.T.);
#1565 = VERTEX_POINT('',#1566);
#1566 = CARTESIAN_POINT('',(-3.25,49.,-19.5));
#1567 = CIRCLE('',#1568,3.25);
#1568 = AXIS2_PLACEMENT_3D('',#1569,#1570,#1571);
#1569 = CARTESIAN_POINT('',(6.000769315822E-15,49.,-19.5));
#1570 = DIRECTION('',(0.,0.,-1.));
#1571 = DIRECTION('',(1.,0.,0.));
#1572 = FACE_BOUND('',#1573,.T.);
#1573 = EDGE_LOOP('',(#1574,#1584,#1592,#1600));
#1574 = ORIENTED_EDGE('',*,*,#1575,.T.);
#1575 = EDGE_CURVE('',#1576,#1578,#1580,.T.);
#1576 = VERTEX_POINT('',#1577);
#1577 = CARTESIAN_POINT('',(-0.5,25.25,-19.5));
#1578 = VERTEX_POINT('',#1579);
#1579 = CARTESIAN_POINT('',(-6.5,25.25,-19.5));
#1580 = LINE('',#1581,#1582);
#1581 = CARTESIAN_POINT('',(-3.25,25.25,-19.5));
#1582 = VECTOR('',#1583,1.);
#1583 = DIRECTION('',(-1.,0.,0.));
#1584 = ORIENTED_EDGE('',*,*,#1585,.T.);
#1585 = EDGE_CURVE('',#1578,#1586,#1588,.T.);
#1586 = VERTEX_POINT('',#1587);
#1587 = CARTESIAN_POINT('',(-6.5,29.25,-19.5));
#1588 = LINE('',#1589,#1590);
#1589 = CARTESIAN_POINT('',(-6.5,32.75,-19.5));
#1590 = VECTOR('',#1591,1.);
#1591 = DIRECTION('',(0.,1.,0.));
#1592 = ORIENTED_EDGE('',*,*,#1593,.T.);
#1593 = EDGE_CURVE('',#1586,#1594,#1596,.T.);
#1594 = VERTEX_POINT('',#1595);
#1595 = CARTESIAN_POINT('',(-0.5,29.25,-19.5));
#1596 = LINE('',#1597,#1598);
#1597 = CARTESIAN_POINT('',(-1.75,29.25,-19.5));
#1598 = VECTOR('',#1599,1.);
#1599 = DIRECTION('',(1.,-1.480297366167E-15,0.));
#1600 = ORIENTED_EDGE('',*,*,#1601,.F.);
#1601 = EDGE_CURVE('',#1576,#1594,#1602,.T.);
#1602 = LINE('',#1603,#1604);
#1603 = CARTESIAN_POINT('',(-0.5,30.75,-19.5));
#1604 = VECTOR('',#1605,1.);
#1605 = DIRECTION('',(0.,1.,0.));
#1606 = FACE_BOUND('',#1607,.T.);
#1607 = EDGE_LOOP('',(#1608,#1618,#1626,#1634));
#1608 = ORIENTED_EDGE('',*,*,#1609,.T.);
#1609 = EDGE_CURVE('',#1610,#1612,#1614,.T.);
#1610 = VERTEX_POINT('',#1611);
#1611 = CARTESIAN_POINT('',(0.5,29.25,-19.5));
#1612 = VERTEX_POINT('',#1613);
#1613 = CARTESIAN_POINT('',(6.5,29.25,-19.5));
#1614 = LINE('',#1615,#1616);
#1615 = CARTESIAN_POINT('',(3.25,29.25,-19.5));
#1616 = VECTOR('',#1617,1.);
#1617 = DIRECTION('',(1.,0.,0.));
#1618 = ORIENTED_EDGE('',*,*,#1619,.T.);
#1619 = EDGE_CURVE('',#1612,#1620,#1622,.T.);
#1620 = VERTEX_POINT('',#1621);
#1621 = CARTESIAN_POINT('',(6.5,25.25,-19.5));
#1622 = LINE('',#1623,#1624);
#1623 = CARTESIAN_POINT('',(6.5,30.75,-19.5));
#1624 = VECTOR('',#1625,1.);
#1625 = DIRECTION('',(0.,-1.,0.));
#1626 = ORIENTED_EDGE('',*,*,#1627,.T.);
#1627 = EDGE_CURVE('',#1620,#1628,#1630,.T.);
#1628 = VERTEX_POINT('',#1629);
#1629 = CARTESIAN_POINT('',(0.5,25.25,-19.5));
#1630 = LINE('',#1631,#1632);
#1631 = CARTESIAN_POINT('',(1.75,25.25,-19.5));
#1632 = VECTOR('',#1633,1.);
#1633 = DIRECTION('',(-1.,0.,0.));
#1634 = ORIENTED_EDGE('',*,*,#1635,.F.);
#1635 = EDGE_CURVE('',#1610,#1628,#1636,.T.);
#1636 = LINE('',#1637,#1638);
#1637 = CARTESIAN_POINT('',(0.5,32.75,-19.5));
#1638 = VECTOR('',#1639,1.);
#1639 = DIRECTION('',(0.,-1.,0.));
#1640 = PLANE('',#1641);
#1641 = AXIS2_PLACEMENT_3D('',#1642,#1643,#1644);
#1642 = CARTESIAN_POINT('',(2.22044604925E-15,36.25,-19.5));
#1643 = DIRECTION('',(0.,0.,-1.));
#1644 = DIRECTION('',(1.,0.,0.));
#1645 = ADVANCED_FACE('',(#1646),#1672,.T.);
#1646 = FACE_BOUND('',#1647,.T.);
#1647 = EDGE_LOOP('',(#1648,#1649,#1657,#1666));
#1648 = ORIENTED_EDGE('',*,*,#1445,.T.);
#1649 = ORIENTED_EDGE('',*,*,#1650,.T.);
#1650 = EDGE_CURVE('',#1438,#1651,#1653,.T.);
#1651 = VERTEX_POINT('',#1652);
#1652 = CARTESIAN_POINT('',(10.,34.,-22.5));
#1653 = LINE('',#1654,#1655);
#1654 = CARTESIAN_POINT('',(10.,34.,-21.));
#1655 = VECTOR('',#1656,1.);
#1656 = DIRECTION('',(0.,0.,-1.));
#1657 = ORIENTED_EDGE('',*,*,#1658,.T.);
#1658 = EDGE_CURVE('',#1651,#1659,#1661,.T.);
#1659 = VERTEX_POINT('',#1660);
#1660 = CARTESIAN_POINT('',(8.,36.,-22.5));
#1661 = CIRCLE('',#1662,2.);
#1662 = AXIS2_PLACEMENT_3D('',#1663,#1664,#1665);
#1663 = CARTESIAN_POINT('',(8.,34.,-22.5));
#1664 = DIRECTION('',(0.,0.,1.));
#1665 = DIRECTION('',(0.707106781187,0.707106781187,-0.));
#1666 = ORIENTED_EDGE('',*,*,#1667,.T.);
#1667 = EDGE_CURVE('',#1659,#1446,#1668,.T.);
#1668 = LINE('',#1669,#1670);
#1669 = CARTESIAN_POINT('',(8.,36.,-21.));
#1670 = VECTOR('',#1671,1.);
#1671 = DIRECTION('',(0.,0.,1.));
#1672 = CYLINDRICAL_SURFACE('',#1673,2.);
#1673 = AXIS2_PLACEMENT_3D('',#1674,#1675,#1676);
#1674 = CARTESIAN_POINT('',(8.,34.,-21.));
#1675 = DIRECTION('',(0.,0.,1.));
#1676 = DIRECTION('',(0.707106781187,0.707106781187,-0.));
#1677 = ADVANCED_FACE('',(#1678),#1696,.F.);
#1678 = FACE_BOUND('',#1679,.T.);
#1679 = EDGE_LOOP('',(#1680,#1681,#1689,#1695));
#1680 = ORIENTED_EDGE('',*,*,#1667,.F.);
#1681 = ORIENTED_EDGE('',*,*,#1682,.F.);
#1682 = EDGE_CURVE('',#1683,#1659,#1685,.T.);
#1683 = VERTEX_POINT('',#1684);
#1684 = CARTESIAN_POINT('',(3.5,36.,-22.5));
#1685 = LINE('',#1686,#1687);
#1686 = CARTESIAN_POINT('',(1.75,36.,-22.5));
#1687 = VECTOR('',#1688,1.);
#1688 = DIRECTION('',(1.,0.,0.));
#1689 = ORIENTED_EDGE('',*,*,#1690,.T.);
#1690 = EDGE_CURVE('',#1683,#1455,#1691,.T.);
#1691 = LINE('',#1692,#1693);
#1692 = CARTESIAN_POINT('',(3.5,36.,-22.5));
#1693 = VECTOR('',#1694,1.);
#1694 = DIRECTION('',(0.,0.,1.));
#1695 = ORIENTED_EDGE('',*,*,#1454,.F.);
#1696 = PLANE('',#1697);
#1697 = AXIS2_PLACEMENT_3D('',#1698,#1699,#1700);
#1698 = CARTESIAN_POINT('',(3.5,36.,-22.5));
#1699 = DIRECTION('',(0.,-1.,0.));
#1700 = DIRECTION('',(1.,0.,0.));
#1701 = ADVANCED_FACE('',(#1702),#1720,.F.);
#1702 = FACE_BOUND('',#1703,.T.);
#1703 = EDGE_LOOP('',(#1704,#1712,#1718,#1719));
#1704 = ORIENTED_EDGE('',*,*,#1705,.F.);
#1705 = EDGE_CURVE('',#1706,#1683,#1708,.T.);
#1706 = VERTEX_POINT('',#1707);
#1707 = CARTESIAN_POINT('',(3.5,41.,-22.5));
#1708 = LINE('',#1709,#1710);
#1709 = CARTESIAN_POINT('',(3.5,38.625,-22.5));
#1710 = VECTOR('',#1711,1.);
#1711 = DIRECTION('',(-1.221245327088E-15,-1.,0.));
#1712 = ORIENTED_EDGE('',*,*,#1713,.T.);
#1713 = EDGE_CURVE('',#1706,#1463,#1714,.T.);
#1714 = LINE('',#1715,#1716);
#1715 = CARTESIAN_POINT('',(3.5,41.,-22.5));
#1716 = VECTOR('',#1717,1.);
#1717 = DIRECTION('',(0.,0.,1.));
#1718 = ORIENTED_EDGE('',*,*,#1462,.F.);
#1719 = ORIENTED_EDGE('',*,*,#1690,.F.);
#1720 = PLANE('',#1721);
#1721 = AXIS2_PLACEMENT_3D('',#1722,#1723,#1724);
#1722 = CARTESIAN_POINT('',(3.5,41.,-22.5));
#1723 = DIRECTION('',(-1.,1.221245327088E-15,0.));
#1724 = DIRECTION('',(-1.221245327088E-15,-1.,0.));
#1725 = ADVANCED_FACE('',(#1726),#1744,.F.);
#1726 = FACE_BOUND('',#1727,.T.);
#1727 = EDGE_LOOP('',(#1728,#1736,#1742,#1743));
#1728 = ORIENTED_EDGE('',*,*,#1729,.F.);
#1729 = EDGE_CURVE('',#1730,#1706,#1732,.T.);
#1730 = VERTEX_POINT('',#1731);
#1731 = CARTESIAN_POINT('',(5.,41.,-22.5));
#1732 = LINE('',#1733,#1734);
#1733 = CARTESIAN_POINT('',(2.5,41.,-22.5));
#1734 = VECTOR('',#1735,1.);
#1735 = DIRECTION('',(-1.,0.,0.));
#1736 = ORIENTED_EDGE('',*,*,#1737,.T.);
#1737 = EDGE_CURVE('',#1730,#1471,#1738,.T.);
#1738 = LINE('',#1739,#1740);
#1739 = CARTESIAN_POINT('',(5.,41.,-22.5));
#1740 = VECTOR('',#1741,1.);
#1741 = DIRECTION('',(0.,0.,1.));
#1742 = ORIENTED_EDGE('',*,*,#1470,.F.);
#1743 = ORIENTED_EDGE('',*,*,#1713,.F.);
#1744 = PLANE('',#1745);
#1745 = AXIS2_PLACEMENT_3D('',#1746,#1747,#1748);
#1746 = CARTESIAN_POINT('',(5.,41.,-22.5));
#1747 = DIRECTION('',(0.,1.,0.));
#1748 = DIRECTION('',(-1.,0.,0.));
#1749 = ADVANCED_FACE('',(#1750),#1768,.F.);
#1750 = FACE_BOUND('',#1751,.T.);
#1751 = EDGE_LOOP('',(#1752,#1760,#1766,#1767));
#1752 = ORIENTED_EDGE('',*,*,#1753,.F.);
#1753 = EDGE_CURVE('',#1754,#1730,#1756,.T.);
#1754 = VERTEX_POINT('',#1755);
#1755 = CARTESIAN_POINT('',(5.,49.,-22.5));
#1756 = LINE('',#1757,#1758);
#1757 = CARTESIAN_POINT('',(5.,42.625,-22.5));
#1758 = VECTOR('',#1759,1.);
#1759 = DIRECTION('',(-7.686159401251E-16,-1.,0.));
#1760 = ORIENTED_EDGE('',*,*,#1761,.T.);
#1761 = EDGE_CURVE('',#1754,#1479,#1762,.T.);
#1762 = LINE('',#1763,#1764);
#1763 = CARTESIAN_POINT('',(5.,49.,-22.5));
#1764 = VECTOR('',#1765,1.);
#1765 = DIRECTION('',(0.,0.,1.));
#1766 = ORIENTED_EDGE('',*,*,#1478,.F.);
#1767 = ORIENTED_EDGE('',*,*,#1737,.F.);
#1768 = PLANE('',#1769);
#1769 = AXIS2_PLACEMENT_3D('',#1770,#1771,#1772);
#1770 = CARTESIAN_POINT('',(5.,49.,-22.5));
#1771 = DIRECTION('',(-1.,7.686159401251E-16,0.));
#1772 = DIRECTION('',(-7.686159401251E-16,-1.,0.));
#1773 = ADVANCED_FACE('',(#1774),#1793,.T.);
#1774 = FACE_BOUND('',#1775,.T.);
#1775 = EDGE_LOOP('',(#1776,#1785,#1791,#1792));
#1776 = ORIENTED_EDGE('',*,*,#1777,.F.);
#1777 = EDGE_CURVE('',#1778,#1754,#1780,.T.);
#1778 = VERTEX_POINT('',#1779);
#1779 = CARTESIAN_POINT('',(-5.,49.,-22.5));
#1780 = CIRCLE('',#1781,5.);
#1781 = AXIS2_PLACEMENT_3D('',#1782,#1783,#1784);
#1782 = CARTESIAN_POINT('',(1.37723304882E-14,49.,-22.5));
#1783 = DIRECTION('',(0.,0.,-1.));
#1784 = DIRECTION('',(-1.,0.,0.));
#1785 = ORIENTED_EDGE('',*,*,#1786,.T.);
#1786 = EDGE_CURVE('',#1778,#1487,#1787,.T.);
#1787 = LINE('',#1788,#1789);
#1788 = CARTESIAN_POINT('',(-5.,49.,-22.5));
#1789 = VECTOR('',#1790,1.);
#1790 = DIRECTION('',(0.,0.,1.));
#1791 = ORIENTED_EDGE('',*,*,#1486,.F.);
#1792 = ORIENTED_EDGE('',*,*,#1761,.F.);
#1793 = CYLINDRICAL_SURFACE('',#1794,5.);
#1794 = AXIS2_PLACEMENT_3D('',#1795,#1796,#1797);
#1795 = CARTESIAN_POINT('',(1.37723304882E-14,49.,-22.5));
#1796 = DIRECTION('',(0.,0.,1.));
#1797 = DIRECTION('',(-1.,0.,0.));
#1798 = ADVANCED_FACE('',(#1799),#1817,.F.);
#1799 = FACE_BOUND('',#1800,.T.);
#1800 = EDGE_LOOP('',(#1801,#1809,#1815,#1816));
#1801 = ORIENTED_EDGE('',*,*,#1802,.F.);
#1802 = EDGE_CURVE('',#1803,#1778,#1805,.T.);
#1803 = VERTEX_POINT('',#1804);
#1804 = CARTESIAN_POINT('',(-5.,41.,-22.5));
#1805 = LINE('',#1806,#1807);
#1806 = CARTESIAN_POINT('',(-5.,38.625,-22.5));
#1807 = VECTOR('',#1808,1.);
#1808 = DIRECTION('',(-2.135044278125E-16,1.,0.));
#1809 = ORIENTED_EDGE('',*,*,#1810,.T.);
#1810 = EDGE_CURVE('',#1803,#1496,#1811,.T.);
#1811 = LINE('',#1812,#1813);
#1812 = CARTESIAN_POINT('',(-5.,41.,-22.5));
#1813 = VECTOR('',#1814,1.);
#1814 = DIRECTION('',(0.,0.,1.));
#1815 = ORIENTED_EDGE('',*,*,#1495,.F.);
#1816 = ORIENTED_EDGE('',*,*,#1786,.F.);
#1817 = PLANE('',#1818);
#1818 = AXIS2_PLACEMENT_3D('',#1819,#1820,#1821);
#1819 = CARTESIAN_POINT('',(-5.,41.,-22.5));
#1820 = DIRECTION('',(1.,2.135044278125E-16,0.));
#1821 = DIRECTION('',(-2.135044278125E-16,1.,0.));
#1822 = ADVANCED_FACE('',(#1823),#1841,.F.);
#1823 = FACE_BOUND('',#1824,.T.);
#1824 = EDGE_LOOP('',(#1825,#1833,#1839,#1840));
#1825 = ORIENTED_EDGE('',*,*,#1826,.F.);
#1826 = EDGE_CURVE('',#1827,#1803,#1829,.T.);
#1827 = VERTEX_POINT('',#1828);
#1828 = CARTESIAN_POINT('',(-3.5,41.,-22.5));
#1829 = LINE('',#1830,#1831);
#1830 = CARTESIAN_POINT('',(-1.75,41.,-22.5));
#1831 = VECTOR('',#1832,1.);
#1832 = DIRECTION('',(-1.,0.,0.));
#1833 = ORIENTED_EDGE('',*,*,#1834,.T.);
#1834 = EDGE_CURVE('',#1827,#1504,#1835,.T.);
#1835 = LINE('',#1836,#1837);
#1836 = CARTESIAN_POINT('',(-3.5,41.,-22.5));
#1837 = VECTOR('',#1838,1.);
#1838 = DIRECTION('',(0.,0.,1.));
#1839 = ORIENTED_EDGE('',*,*,#1503,.F.);
#1840 = ORIENTED_EDGE('',*,*,#1810,.F.);
#1841 = PLANE('',#1842);
#1842 = AXIS2_PLACEMENT_3D('',#1843,#1844,#1845);
#1843 = CARTESIAN_POINT('',(-3.5,41.,-22.5));
#1844 = DIRECTION('',(0.,1.,0.));
#1845 = DIRECTION('',(-1.,0.,0.));
#1846 = ADVANCED_FACE('',(#1847),#1858,.F.);
#1847 = FACE_BOUND('',#1848,.T.);
#1848 = EDGE_LOOP('',(#1849,#1855,#1856,#1857));
#1849 = ORIENTED_EDGE('',*,*,#1850,.F.);
#1850 = EDGE_CURVE('',#1381,#1827,#1851,.T.);
#1851 = LINE('',#1852,#1853);
#1852 = CARTESIAN_POINT('',(-3.5,36.125,-22.5));
#1853 = VECTOR('',#1854,1.);
#1854 = DIRECTION('',(3.330669073875E-16,1.,0.));
#1855 = ORIENTED_EDGE('',*,*,#1380,.T.);
#1856 = ORIENTED_EDGE('',*,*,#1511,.F.);
#1857 = ORIENTED_EDGE('',*,*,#1834,.F.);
#1858 = PLANE('',#1859);
#1859 = AXIS2_PLACEMENT_3D('',#1860,#1861,#1862);
#1860 = CARTESIAN_POINT('',(-3.5,36.,-22.5));
#1861 = DIRECTION('',(1.,-3.330669073875E-16,0.));
#1862 = DIRECTION('',(3.330669073875E-16,1.,0.));
#1863 = ADVANCED_FACE('',(#1864),#1891,.T.);
#1864 = FACE_BOUND('',#1865,.T.);
#1865 = EDGE_LOOP('',(#1866,#1875,#1883,#1890));
#1866 = ORIENTED_EDGE('',*,*,#1867,.F.);
#1867 = EDGE_CURVE('',#1868,#1628,#1870,.T.);
#1868 = VERTEX_POINT('',#1869);
#1869 = CARTESIAN_POINT('',(3.5,25.25,-22.5));
#1870 = CIRCLE('',#1871,3.);
#1871 = AXIS2_PLACEMENT_3D('',#1872,#1873,#1874);
#1872 = CARTESIAN_POINT('',(0.5,25.25,-22.5));
#1873 = DIRECTION('',(0.,-1.,0.));
#1874 = DIRECTION('',(0.707106781187,0.,0.707106781187));
#1875 = ORIENTED_EDGE('',*,*,#1876,.F.);
#1876 = EDGE_CURVE('',#1877,#1868,#1879,.T.);
#1877 = VERTEX_POINT('',#1878);
#1878 = CARTESIAN_POINT('',(3.5,29.25,-22.5));
#1879 = LINE('',#1880,#1881);
#1880 = CARTESIAN_POINT('',(3.5,32.75,-22.5));
#1881 = VECTOR('',#1882,1.);
#1882 = DIRECTION('',(0.,-1.,0.));
#1883 = ORIENTED_EDGE('',*,*,#1884,.F.);
#1884 = EDGE_CURVE('',#1610,#1877,#1885,.T.);
#1885 = CIRCLE('',#1886,3.);
#1886 = AXIS2_PLACEMENT_3D('',#1887,#1888,#1889);
#1887 = CARTESIAN_POINT('',(0.5,29.25,-22.5));
#1888 = DIRECTION('',(0.,1.,0.));
#1889 = DIRECTION('',(0.707106781187,-0.,0.707106781187));
#1890 = ORIENTED_EDGE('',*,*,#1635,.T.);
#1891 = CYLINDRICAL_SURFACE('',#1892,3.);
#1892 = AXIS2_PLACEMENT_3D('',#1893,#1894,#1895);
#1893 = CARTESIAN_POINT('',(0.5,32.75,-22.5));
#1894 = DIRECTION('',(0.,1.,0.));
#1895 = DIRECTION('',(0.707106781187,-0.,0.707106781187));
#1896 = ADVANCED_FACE('',(#1897),#1924,.T.);
#1897 = FACE_BOUND('',#1898,.T.);
#1898 = EDGE_LOOP('',(#1899,#1908,#1916,#1923));
#1899 = ORIENTED_EDGE('',*,*,#1900,.F.);
#1900 = EDGE_CURVE('',#1901,#1594,#1903,.T.);
#1901 = VERTEX_POINT('',#1902);
#1902 = CARTESIAN_POINT('',(-3.5,29.25,-22.5));
#1903 = CIRCLE('',#1904,3.);
#1904 = AXIS2_PLACEMENT_3D('',#1905,#1906,#1907);
#1905 = CARTESIAN_POINT('',(-0.5,29.25,-22.5));
#1906 = DIRECTION('',(1.480297366167E-15,1.,-9.860761315263E-32));
#1907 = DIRECTION('',(-0.707106781187,1.046728305789E-15,0.707106781187)
  );
#1908 = ORIENTED_EDGE('',*,*,#1909,.F.);
#1909 = EDGE_CURVE('',#1910,#1901,#1912,.T.);
#1910 = VERTEX_POINT('',#1911);
#1911 = CARTESIAN_POINT('',(-3.5,25.25,-22.5));
#1912 = LINE('',#1913,#1914);
#1913 = CARTESIAN_POINT('',(-3.5,30.75,-22.5));
#1914 = VECTOR('',#1915,1.);
#1915 = DIRECTION('',(0.,1.,0.));
#1916 = ORIENTED_EDGE('',*,*,#1917,.F.);
#1917 = EDGE_CURVE('',#1576,#1910,#1918,.T.);
#1918 = CIRCLE('',#1919,3.);
#1919 = AXIS2_PLACEMENT_3D('',#1920,#1921,#1922);
#1920 = CARTESIAN_POINT('',(-0.5,25.25,-22.5));
#1921 = DIRECTION('',(0.,-1.,0.));
#1922 = DIRECTION('',(-0.707106781187,0.,0.707106781187));
#1923 = ORIENTED_EDGE('',*,*,#1601,.T.);
#1924 = CYLINDRICAL_SURFACE('',#1925,3.);
#1925 = AXIS2_PLACEMENT_3D('',#1926,#1927,#1928);
#1926 = CARTESIAN_POINT('',(-0.5,30.75,-22.5));
#1927 = DIRECTION('',(0.,-1.,0.));
#1928 = DIRECTION('',(-0.707106781187,0.,0.707106781187));
#1929 = ADVANCED_FACE('',(#1930),#1948,.F.);
#1930 = FACE_BOUND('',#1931,.T.);
#1931 = EDGE_LOOP('',(#1932,#1933,#1934,#1942));
#1932 = ORIENTED_EDGE('',*,*,#1575,.F.);
#1933 = ORIENTED_EDGE('',*,*,#1917,.T.);
#1934 = ORIENTED_EDGE('',*,*,#1935,.F.);
#1935 = EDGE_CURVE('',#1936,#1910,#1938,.T.);
#1936 = VERTEX_POINT('',#1937);
#1937 = CARTESIAN_POINT('',(-6.5,25.25,-22.5));
#1938 = LINE('',#1939,#1940);
#1939 = CARTESIAN_POINT('',(-3.25,25.25,-22.5));
#1940 = VECTOR('',#1941,1.);
#1941 = DIRECTION('',(1.,0.,0.));
#1942 = ORIENTED_EDGE('',*,*,#1943,.T.);
#1943 = EDGE_CURVE('',#1936,#1578,#1944,.T.);
#1944 = LINE('',#1945,#1946);
#1945 = CARTESIAN_POINT('',(-6.5,25.25,-22.5));
#1946 = VECTOR('',#1947,1.);
#1947 = DIRECTION('',(0.,0.,1.));
#1948 = PLANE('',#1949);
#1949 = AXIS2_PLACEMENT_3D('',#1950,#1951,#1952);
#1950 = CARTESIAN_POINT('',(-6.5,25.25,-22.5));
#1951 = DIRECTION('',(0.,-1.,0.));
#1952 = DIRECTION('',(1.,0.,0.));
#1953 = ADVANCED_FACE('',(#1954),#1972,.F.);
#1954 = FACE_BOUND('',#1955,.T.);
#1955 = EDGE_LOOP('',(#1956,#1957,#1958,#1966));
#1956 = ORIENTED_EDGE('',*,*,#1585,.F.);
#1957 = ORIENTED_EDGE('',*,*,#1943,.F.);
#1958 = ORIENTED_EDGE('',*,*,#1959,.F.);
#1959 = EDGE_CURVE('',#1960,#1936,#1962,.T.);
#1960 = VERTEX_POINT('',#1961);
#1961 = CARTESIAN_POINT('',(-6.5,29.25,-22.5));
#1962 = LINE('',#1963,#1964);
#1963 = CARTESIAN_POINT('',(-6.5,32.75,-22.5));
#1964 = VECTOR('',#1965,1.);
#1965 = DIRECTION('',(0.,-1.,0.));
#1966 = ORIENTED_EDGE('',*,*,#1967,.T.);
#1967 = EDGE_CURVE('',#1960,#1586,#1968,.T.);
#1968 = LINE('',#1969,#1970);
#1969 = CARTESIAN_POINT('',(-6.5,29.25,-22.5));
#1970 = VECTOR('',#1971,1.);
#1971 = DIRECTION('',(0.,0.,1.));
#1972 = PLANE('',#1973);
#1973 = AXIS2_PLACEMENT_3D('',#1974,#1975,#1976);
#1974 = CARTESIAN_POINT('',(-6.5,29.25,-22.5));
#1975 = DIRECTION('',(-1.,0.,0.));
#1976 = DIRECTION('',(0.,-1.,0.));
#1977 = ADVANCED_FACE('',(#1978),#1989,.F.);
#1978 = FACE_BOUND('',#1979,.T.);
#1979 = EDGE_LOOP('',(#1980,#1981,#1982,#1988));
#1980 = ORIENTED_EDGE('',*,*,#1593,.F.);
#1981 = ORIENTED_EDGE('',*,*,#1967,.F.);
#1982 = ORIENTED_EDGE('',*,*,#1983,.F.);
#1983 = EDGE_CURVE('',#1901,#1960,#1984,.T.);
#1984 = LINE('',#1985,#1986);
#1985 = CARTESIAN_POINT('',(-1.75,29.25,-22.5));
#1986 = VECTOR('',#1987,1.);
#1987 = DIRECTION('',(-1.,1.480297366167E-15,0.));
#1988 = ORIENTED_EDGE('',*,*,#1900,.T.);
#1989 = PLANE('',#1990);
#1990 = AXIS2_PLACEMENT_3D('',#1991,#1992,#1993);
#1991 = CARTESIAN_POINT('',(-3.5,29.25,-22.5));
#1992 = DIRECTION('',(1.480297366167E-15,1.,0.));
#1993 = DIRECTION('',(-1.,1.480297366167E-15,0.));
#1994 = ADVANCED_FACE('',(#1995),#2013,.F.);
#1995 = FACE_BOUND('',#1996,.T.);
#1996 = EDGE_LOOP('',(#1997,#1998,#2006,#2012));
#1997 = ORIENTED_EDGE('',*,*,#1627,.F.);
#1998 = ORIENTED_EDGE('',*,*,#1999,.F.);
#1999 = EDGE_CURVE('',#2000,#1620,#2002,.T.);
#2000 = VERTEX_POINT('',#2001);
#2001 = CARTESIAN_POINT('',(6.5,25.25,-22.5));
#2002 = LINE('',#2003,#2004);
#2003 = CARTESIAN_POINT('',(6.5,25.25,-22.5));
#2004 = VECTOR('',#2005,1.);
#2005 = DIRECTION('',(0.,0.,1.));
#2006 = ORIENTED_EDGE('',*,*,#2007,.F.);
#2007 = EDGE_CURVE('',#1868,#2000,#2008,.T.);
#2008 = LINE('',#2009,#2010);
#2009 = CARTESIAN_POINT('',(1.75,25.25,-22.5));
#2010 = VECTOR('',#2011,1.);
#2011 = DIRECTION('',(1.,0.,0.));
#2012 = ORIENTED_EDGE('',*,*,#1867,.T.);
#2013 = PLANE('',#2014);
#2014 = AXIS2_PLACEMENT_3D('',#2015,#2016,#2017);
#2015 = CARTESIAN_POINT('',(3.5,25.25,-22.5));
#2016 = DIRECTION('',(0.,-1.,0.));
#2017 = DIRECTION('',(1.,0.,0.));
#2018 = ADVANCED_FACE('',(#2019),#2037,.F.);
#2019 = FACE_BOUND('',#2020,.T.);
#2020 = EDGE_LOOP('',(#2021,#2022,#2023,#2031));
#2021 = ORIENTED_EDGE('',*,*,#1609,.F.);
#2022 = ORIENTED_EDGE('',*,*,#1884,.T.);
#2023 = ORIENTED_EDGE('',*,*,#2024,.F.);
#2024 = EDGE_CURVE('',#2025,#1877,#2027,.T.);
#2025 = VERTEX_POINT('',#2026);
#2026 = CARTESIAN_POINT('',(6.5,29.25,-22.5));
#2027 = LINE('',#2028,#2029);
#2028 = CARTESIAN_POINT('',(3.25,29.25,-22.5));
#2029 = VECTOR('',#2030,1.);
#2030 = DIRECTION('',(-1.,0.,0.));
#2031 = ORIENTED_EDGE('',*,*,#2032,.T.);
#2032 = EDGE_CURVE('',#2025,#1612,#2033,.T.);
#2033 = LINE('',#2034,#2035);
#2034 = CARTESIAN_POINT('',(6.5,29.25,-22.5));
#2035 = VECTOR('',#2036,1.);
#2036 = DIRECTION('',(0.,0.,1.));
#2037 = PLANE('',#2038);
#2038 = AXIS2_PLACEMENT_3D('',#2039,#2040,#2041);
#2039 = CARTESIAN_POINT('',(6.5,29.25,-22.5));
#2040 = DIRECTION('',(0.,1.,0.));
#2041 = DIRECTION('',(-1.,0.,0.));
#2042 = ADVANCED_FACE('',(#2043),#2054,.F.);
#2043 = FACE_BOUND('',#2044,.T.);
#2044 = EDGE_LOOP('',(#2045,#2046,#2047,#2053));
#2045 = ORIENTED_EDGE('',*,*,#1619,.F.);
#2046 = ORIENTED_EDGE('',*,*,#2032,.F.);
#2047 = ORIENTED_EDGE('',*,*,#2048,.F.);
#2048 = EDGE_CURVE('',#2000,#2025,#2049,.T.);
#2049 = LINE('',#2050,#2051);
#2050 = CARTESIAN_POINT('',(6.5,30.75,-22.5));
#2051 = VECTOR('',#2052,1.);
#2052 = DIRECTION('',(0.,1.,0.));
#2053 = ORIENTED_EDGE('',*,*,#1999,.T.);
#2054 = PLANE('',#2055);
#2055 = AXIS2_PLACEMENT_3D('',#2056,#2057,#2058);
#2056 = CARTESIAN_POINT('',(6.5,25.25,-22.5));
#2057 = DIRECTION('',(1.,0.,0.));
#2058 = DIRECTION('',(-0.,1.,0.));
#2059 = ADVANCED_FACE('',(#2060),#2079,.T.);
#2060 = FACE_BOUND('',#2061,.T.);
#2061 = EDGE_LOOP('',(#2062,#2071,#2077,#2078));
#2062 = ORIENTED_EDGE('',*,*,#2063,.F.);
#2063 = EDGE_CURVE('',#2064,#2064,#2066,.T.);
#2064 = VERTEX_POINT('',#2065);
#2065 = CARTESIAN_POINT('',(-3.25,49.,-18.3));
#2066 = CIRCLE('',#2067,3.25);
#2067 = AXIS2_PLACEMENT_3D('',#2068,#2069,#2070);
#2068 = CARTESIAN_POINT('',(6.000769315822E-15,49.,-18.3));
#2069 = DIRECTION('',(0.,0.,1.));
#2070 = DIRECTION('',(1.,0.,-0.));
#2071 = ORIENTED_EDGE('',*,*,#2072,.T.);
#2072 = EDGE_CURVE('',#2064,#1565,#2073,.T.);
#2073 = LINE('',#2074,#2075);
#2074 = CARTESIAN_POINT('',(-3.25,49.,-19.5));
#2075 = VECTOR('',#2076,1.);
#2076 = DIRECTION('',(0.,0.,-1.));
#2077 = ORIENTED_EDGE('',*,*,#1564,.F.);
#2078 = ORIENTED_EDGE('',*,*,#2072,.F.);
#2079 = CYLINDRICAL_SURFACE('',#2080,3.25);
#2080 = AXIS2_PLACEMENT_3D('',#2081,#2082,#2083);
#2081 = CARTESIAN_POINT('',(6.000769315822E-15,49.,-19.5));
#2082 = DIRECTION('',(0.,0.,1.));
#2083 = DIRECTION('',(1.,0.,-0.));
#2084 = ADVANCED_FACE('',(#2085),#2088,.F.);
#2085 = FACE_BOUND('',#2086,.T.);
#2086 = EDGE_LOOP('',(#2087));
#2087 = ORIENTED_EDGE('',*,*,#2063,.T.);
#2088 = PLANE('',#2089);
#2089 = AXIS2_PLACEMENT_3D('',#2090,#2091,#2092);
#2090 = CARTESIAN_POINT('',(6.106226635438E-15,49.,-18.3));
#2091 = DIRECTION('',(0.,0.,-1.));
#2092 = DIRECTION('',(1.,0.,0.));
#2093 = ADVANCED_FACE('',(#2094),#2137,.F.);
#2094 = FACE_BOUND('',#2095,.F.);
#2095 = EDGE_LOOP('',(#2096,#2107,#2115,#2123,#2130,#2131));
#2096 = ORIENTED_EDGE('',*,*,#2097,.F.);
#2097 = EDGE_CURVE('',#2098,#2100,#2102,.T.);
#2098 = VERTEX_POINT('',#2099);
#2099 = CARTESIAN_POINT('',(-10.,23.416515138991,-22.5));
#2100 = VERTEX_POINT('',#2101);
#2101 = CARTESIAN_POINT('',(-10.,21.583484861009,-22.5));
#2102 = CIRCLE('',#2103,2.2);
#2103 = AXIS2_PLACEMENT_3D('',#2104,#2105,#2106);
#2104 = CARTESIAN_POINT('',(-8.,22.5,-22.5));
#2105 = DIRECTION('',(0.,0.,-1.));
#2106 = DIRECTION('',(1.,0.,0.));
#2107 = ORIENTED_EDGE('',*,*,#2108,.F.);
#2108 = EDGE_CURVE('',#2109,#2098,#2111,.T.);
#2109 = VERTEX_POINT('',#2110);
#2110 = CARTESIAN_POINT('',(-10.,22.5,-22.3));
#2111 = ( BOUNDED_CURVE() B_SPLINE_CURVE(2,(#2112,#2113,#2114),
.UNSPECIFIED.,.F.,.F.) B_SPLINE_CURVE_WITH_KNOTS((3,3),(
9.380831519647E-02,0.187616630393),.PIECEWISE_BEZIER_KNOTS.) CURVE() 
GEOMETRIC_REPRESENTATION_ITEM() RATIONAL_B_SPLINE_CURVE((1.05,1.05,1.)) 
REPRESENTATION_ITEM('') );
#2112 = CARTESIAN_POINT('',(-10.,22.5,-22.3));
#2113 = CARTESIAN_POINT('',(-10.,22.936435780472,-22.3));
#2114 = CARTESIAN_POINT('',(-10.,23.416515138991,-22.5));
#2115 = ORIENTED_EDGE('',*,*,#2116,.T.);
#2116 = EDGE_CURVE('',#2109,#2117,#2119,.T.);
#2117 = VERTEX_POINT('',#2118);
#2118 = CARTESIAN_POINT('',(-9.,22.5,-21.3));
#2119 = LINE('',#2120,#2121);
#2120 = CARTESIAN_POINT('',(-9.6,22.5,-21.9));
#2121 = VECTOR('',#2122,1.);
#2122 = DIRECTION('',(0.707106781187,-8.659560562355E-17,0.707106781187)
  );
#2123 = ORIENTED_EDGE('',*,*,#2124,.F.);
#2124 = EDGE_CURVE('',#2117,#2117,#2125,.T.);
#2125 = CIRCLE('',#2126,1.);
#2126 = AXIS2_PLACEMENT_3D('',#2127,#2128,#2129);
#2127 = CARTESIAN_POINT('',(-8.,22.5,-21.3));
#2128 = DIRECTION('',(0.,0.,1.));
#2129 = DIRECTION('',(1.,0.,-0.));
#2130 = ORIENTED_EDGE('',*,*,#2116,.F.);
#2131 = ORIENTED_EDGE('',*,*,#2132,.F.);
#2132 = EDGE_CURVE('',#2100,#2109,#2133,.T.);
#2133 = ( BOUNDED_CURVE() B_SPLINE_CURVE(2,(#2134,#2135,#2136),
.UNSPECIFIED.,.F.,.F.) B_SPLINE_CURVE_WITH_KNOTS((3,3),(0.,
9.380831519647E-02),.PIECEWISE_BEZIER_KNOTS.) CURVE() 
GEOMETRIC_REPRESENTATION_ITEM() RATIONAL_B_SPLINE_CURVE((1.,1.05,1.05)) 
REPRESENTATION_ITEM('') );
#2134 = CARTESIAN_POINT('',(-10.,21.583484861009,-22.5));
#2135 = CARTESIAN_POINT('',(-10.,22.063564219528,-22.3));
#2136 = CARTESIAN_POINT('',(-10.,22.5,-22.3));
#2137 = CONICAL_SURFACE('',#2138,1.6,0.785398163397);
#2138 = AXIS2_PLACEMENT_3D('',#2139,#2140,#2141);
#2139 = CARTESIAN_POINT('',(-8.,22.5,-21.9));
#2140 = DIRECTION('',(0.,0.,-1.));
#2141 = DIRECTION('',(1.,0.,0.));
#2142 = ADVANCED_FACE('',(#2143),#2193,.T.);
#2143 = FACE_BOUND('',#2144,.T.);
#2144 = EDGE_LOOP('',(#2145,#2146,#2154,#2162,#2170,#2176,#2177,#2178,
    #2186,#2192));
#2145 = ORIENTED_EDGE('',*,*,#1340,.F.);
#2146 = ORIENTED_EDGE('',*,*,#2147,.F.);
#2147 = EDGE_CURVE('',#2148,#1332,#2150,.T.);
#2148 = VERTEX_POINT('',#2149);
#2149 = CARTESIAN_POINT('',(-10.,32.916515138991,-22.5));
#2150 = LINE('',#2151,#2152);
#2151 = CARTESIAN_POINT('',(-10.,45.5,-22.5));
#2152 = VECTOR('',#2153,1.);
#2153 = DIRECTION('',(0.,1.,0.));
#2154 = ORIENTED_EDGE('',*,*,#2155,.F.);
#2155 = EDGE_CURVE('',#2156,#2148,#2158,.T.);
#2156 = VERTEX_POINT('',#2157);
#2157 = CARTESIAN_POINT('',(-10.,32.,-22.3));
#2158 = ( BOUNDED_CURVE() B_SPLINE_CURVE(2,(#2159,#2160,#2161),
.UNSPECIFIED.,.F.,.F.) B_SPLINE_CURVE_WITH_KNOTS((3,3),(
9.380831519647E-02,0.187616630393),.PIECEWISE_BEZIER_KNOTS.) CURVE() 
GEOMETRIC_REPRESENTATION_ITEM() RATIONAL_B_SPLINE_CURVE((1.05,1.05,1.)) 
REPRESENTATION_ITEM('') );
#2159 = CARTESIAN_POINT('',(-10.,32.,-22.3));
#2160 = CARTESIAN_POINT('',(-10.,32.436435780472,-22.3));
#2161 = CARTESIAN_POINT('',(-10.,32.916515138991,-22.5));
#2162 = ORIENTED_EDGE('',*,*,#2163,.F.);
#2163 = EDGE_CURVE('',#2164,#2156,#2166,.T.);
#2164 = VERTEX_POINT('',#2165);
#2165 = CARTESIAN_POINT('',(-10.,31.083484861009,-22.5));
#2166 = ( BOUNDED_CURVE() B_SPLINE_CURVE(2,(#2167,#2168,#2169),
.UNSPECIFIED.,.F.,.F.) B_SPLINE_CURVE_WITH_KNOTS((3,3),(0.,
9.380831519647E-02),.PIECEWISE_BEZIER_KNOTS.) CURVE() 
GEOMETRIC_REPRESENTATION_ITEM() RATIONAL_B_SPLINE_CURVE((1.,1.05,1.05)) 
REPRESENTATION_ITEM('') );
#2167 = CARTESIAN_POINT('',(-10.,31.083484861009,-22.5));
#2168 = CARTESIAN_POINT('',(-10.,31.563564219528,-22.3));
#2169 = CARTESIAN_POINT('',(-10.,32.,-22.3));
#2170 = ORIENTED_EDGE('',*,*,#2171,.F.);
#2171 = EDGE_CURVE('',#2098,#2164,#2172,.T.);
#2172 = LINE('',#2173,#2174);
#2173 = CARTESIAN_POINT('',(-10.,45.5,-22.5));
#2174 = VECTOR('',#2175,1.);
#2175 = DIRECTION('',(0.,1.,0.));
#2176 = ORIENTED_EDGE('',*,*,#2108,.F.);
#2177 = ORIENTED_EDGE('',*,*,#2132,.F.);
#2178 = ORIENTED_EDGE('',*,*,#2179,.F.);
#2179 = EDGE_CURVE('',#2180,#2100,#2182,.T.);
#2180 = VERTEX_POINT('',#2181);
#2181 = CARTESIAN_POINT('',(-10.,19.5,-22.5));
#2182 = LINE('',#2183,#2184);
#2183 = CARTESIAN_POINT('',(-10.,45.5,-22.5));
#2184 = VECTOR('',#2185,1.);
#2185 = DIRECTION('',(0.,1.,0.));
#2186 = ORIENTED_EDGE('',*,*,#2187,.F.);
#2187 = EDGE_CURVE('',#1404,#2180,#2188,.T.);
#2188 = LINE('',#2189,#2190);
#2189 = CARTESIAN_POINT('',(-10.,19.5,-19.5));
#2190 = VECTOR('',#2191,1.);
#2191 = DIRECTION('',(0.,0.,-1.));
#2192 = ORIENTED_EDGE('',*,*,#1403,.F.);
#2193 = PLANE('',#2194);
#2194 = AXIS2_PLACEMENT_3D('',#2195,#2196,#2197);
#2195 = CARTESIAN_POINT('',(-10.,17.5,-19.5));
#2196 = DIRECTION('',(-1.,0.,0.));
#2197 = DIRECTION('',(0.,1.,0.));
#2198 = ADVANCED_FACE('',(#2199),#2210,.F.);
#2199 = FACE_BOUND('',#2200,.F.);
#2200 = EDGE_LOOP('',(#2201,#2207,#2208,#2209));
#2201 = ORIENTED_EDGE('',*,*,#2202,.T.);
#2202 = EDGE_CURVE('',#2117,#1521,#2203,.T.);
#2203 = LINE('',#2204,#2205);
#2204 = CARTESIAN_POINT('',(-9.,22.5,-19.5));
#2205 = VECTOR('',#2206,1.);
#2206 = DIRECTION('',(0.,0.,1.));
#2207 = ORIENTED_EDGE('',*,*,#1520,.F.);
#2208 = ORIENTED_EDGE('',*,*,#2202,.F.);
#2209 = ORIENTED_EDGE('',*,*,#2124,.T.);
#2210 = CYLINDRICAL_SURFACE('',#2211,1.);
#2211 = AXIS2_PLACEMENT_3D('',#2212,#2213,#2214);
#2212 = CARTESIAN_POINT('',(-8.,22.5,-19.5));
#2213 = DIRECTION('',(0.,0.,-1.));
#2214 = DIRECTION('',(1.,0.,0.));
#2215 = ADVANCED_FACE('',(#2216),#2243,.F.);
#2216 = FACE_BOUND('',#2217,.F.);
#2217 = EDGE_LOOP('',(#2218,#2225,#2226,#2234,#2241,#2242));
#2218 = ORIENTED_EDGE('',*,*,#2219,.F.);
#2219 = EDGE_CURVE('',#2148,#2164,#2220,.T.);
#2220 = CIRCLE('',#2221,2.2);
#2221 = AXIS2_PLACEMENT_3D('',#2222,#2223,#2224);
#2222 = CARTESIAN_POINT('',(-8.,32.,-22.5));
#2223 = DIRECTION('',(0.,0.,-1.));
#2224 = DIRECTION('',(1.,0.,0.));
#2225 = ORIENTED_EDGE('',*,*,#2155,.F.);
#2226 = ORIENTED_EDGE('',*,*,#2227,.T.);
#2227 = EDGE_CURVE('',#2156,#2228,#2230,.T.);
#2228 = VERTEX_POINT('',#2229);
#2229 = CARTESIAN_POINT('',(-9.,32.,-21.3));
#2230 = LINE('',#2231,#2232);
#2231 = CARTESIAN_POINT('',(-9.6,32.,-21.9));
#2232 = VECTOR('',#2233,1.);
#2233 = DIRECTION('',(0.707106781187,-8.659560562355E-17,0.707106781187)
  );
#2234 = ORIENTED_EDGE('',*,*,#2235,.F.);
#2235 = EDGE_CURVE('',#2228,#2228,#2236,.T.);
#2236 = CIRCLE('',#2237,1.);
#2237 = AXIS2_PLACEMENT_3D('',#2238,#2239,#2240);
#2238 = CARTESIAN_POINT('',(-8.,32.,-21.3));
#2239 = DIRECTION('',(0.,0.,1.));
#2240 = DIRECTION('',(1.,0.,-0.));
#2241 = ORIENTED_EDGE('',*,*,#2227,.F.);
#2242 = ORIENTED_EDGE('',*,*,#2163,.F.);
#2243 = CONICAL_SURFACE('',#2244,1.6,0.785398163397);
#2244 = AXIS2_PLACEMENT_3D('',#2245,#2246,#2247);
#2245 = CARTESIAN_POINT('',(-8.,32.,-21.9));
#2246 = DIRECTION('',(0.,0.,-1.));
#2247 = DIRECTION('',(1.,0.,0.));
#2248 = ADVANCED_FACE('',(#2249),#2260,.F.);
#2249 = FACE_BOUND('',#2250,.F.);
#2250 = EDGE_LOOP('',(#2251,#2257,#2258,#2259));
#2251 = ORIENTED_EDGE('',*,*,#2252,.T.);
#2252 = EDGE_CURVE('',#2228,#1532,#2253,.T.);
#2253 = LINE('',#2254,#2255);
#2254 = CARTESIAN_POINT('',(-9.,32.,-19.5));
#2255 = VECTOR('',#2256,1.);
#2256 = DIRECTION('',(0.,0.,1.));
#2257 = ORIENTED_EDGE('',*,*,#1531,.F.);
#2258 = ORIENTED_EDGE('',*,*,#2252,.F.);
#2259 = ORIENTED_EDGE('',*,*,#2235,.T.);
#2260 = CYLINDRICAL_SURFACE('',#2261,1.);
#2261 = AXIS2_PLACEMENT_3D('',#2262,#2263,#2264);
#2262 = CARTESIAN_POINT('',(-8.,32.,-19.5));
#2263 = DIRECTION('',(0.,0.,-1.));
#2264 = DIRECTION('',(1.,0.,0.));
#2265 = ADVANCED_FACE('',(#2266),#2310,.F.);
#2266 = FACE_BOUND('',#2267,.F.);
#2267 = EDGE_LOOP('',(#2268,#2279,#2287,#2294,#2295,#2304));
#2268 = ORIENTED_EDGE('',*,*,#2269,.F.);
#2269 = EDGE_CURVE('',#2270,#2272,#2274,.T.);
#2270 = VERTEX_POINT('',#2271);
#2271 = CARTESIAN_POINT('',(5.8,32.,-22.5));
#2272 = VERTEX_POINT('',#2273);
#2273 = CARTESIAN_POINT('',(10.,32.916515138991,-22.5));
#2274 = CIRCLE('',#2275,2.2);
#2275 = AXIS2_PLACEMENT_3D('',#2276,#2277,#2278);
#2276 = CARTESIAN_POINT('',(8.,32.,-22.5));
#2277 = DIRECTION('',(0.,0.,-1.));
#2278 = DIRECTION('',(1.,0.,0.));
#2279 = ORIENTED_EDGE('',*,*,#2280,.T.);
#2280 = EDGE_CURVE('',#2270,#2281,#2283,.T.);
#2281 = VERTEX_POINT('',#2282);
#2282 = CARTESIAN_POINT('',(7.,32.,-21.3));
#2283 = LINE('',#2284,#2285);
#2284 = CARTESIAN_POINT('',(6.4,32.,-21.9));
#2285 = VECTOR('',#2286,1.);
#2286 = DIRECTION('',(0.707106781187,-8.659560562355E-17,0.707106781187)
  );
#2287 = ORIENTED_EDGE('',*,*,#2288,.F.);
#2288 = EDGE_CURVE('',#2281,#2281,#2289,.T.);
#2289 = CIRCLE('',#2290,1.);
#2290 = AXIS2_PLACEMENT_3D('',#2291,#2292,#2293);
#2291 = CARTESIAN_POINT('',(8.,32.,-21.3));
#2292 = DIRECTION('',(0.,0.,1.));
#2293 = DIRECTION('',(1.,0.,-0.));
#2294 = ORIENTED_EDGE('',*,*,#2280,.F.);
#2295 = ORIENTED_EDGE('',*,*,#2296,.F.);
#2296 = EDGE_CURVE('',#2297,#2270,#2299,.T.);
#2297 = VERTEX_POINT('',#2298);
#2298 = CARTESIAN_POINT('',(10.,31.083484861009,-22.5));
#2299 = CIRCLE('',#2300,2.2);
#2300 = AXIS2_PLACEMENT_3D('',#2301,#2302,#2303);
#2301 = CARTESIAN_POINT('',(8.,32.,-22.5));
#2302 = DIRECTION('',(0.,0.,-1.));
#2303 = DIRECTION('',(1.,0.,0.));
#2304 = ORIENTED_EDGE('',*,*,#2305,.F.);
#2305 = EDGE_CURVE('',#2272,#2297,#2306,.T.);
#2306 = ( BOUNDED_CURVE() B_SPLINE_CURVE(2,(#2307,#2308,#2309),
.UNSPECIFIED.,.F.,.F.) B_SPLINE_CURVE_WITH_KNOTS((3,3),(0.,
0.187616630393),.PIECEWISE_BEZIER_KNOTS.) CURVE() 
GEOMETRIC_REPRESENTATION_ITEM() RATIONAL_B_SPLINE_CURVE((1.,1.1,1.)) 
REPRESENTATION_ITEM('') );
#2307 = CARTESIAN_POINT('',(10.,32.916515138991,-22.5));
#2308 = CARTESIAN_POINT('',(10.,32.,-22.11818181818));
#2309 = CARTESIAN_POINT('',(10.,31.083484861009,-22.5));
#2310 = CONICAL_SURFACE('',#2311,1.6,0.785398163397);
#2311 = AXIS2_PLACEMENT_3D('',#2312,#2313,#2314);
#2312 = CARTESIAN_POINT('',(8.,32.,-21.9));
#2313 = DIRECTION('',(0.,0.,-1.));
#2314 = DIRECTION('',(1.,0.,0.));
#2315 = ADVANCED_FACE('',(#2316),#2357,.T.);
#2316 = FACE_BOUND('',#2317,.T.);
#2317 = EDGE_LOOP('',(#2318,#2319,#2320,#2328,#2336,#2344,#2350,#2351));
#2318 = ORIENTED_EDGE('',*,*,#1650,.F.);
#2319 = ORIENTED_EDGE('',*,*,#1437,.F.);
#2320 = ORIENTED_EDGE('',*,*,#2321,.F.);
#2321 = EDGE_CURVE('',#2322,#1429,#2324,.T.);
#2322 = VERTEX_POINT('',#2323);
#2323 = CARTESIAN_POINT('',(10.,19.5,-22.5));
#2324 = LINE('',#2325,#2326);
#2325 = CARTESIAN_POINT('',(10.,19.5,-19.5));
#2326 = VECTOR('',#2327,1.);
#2327 = DIRECTION('',(0.,0.,1.));
#2328 = ORIENTED_EDGE('',*,*,#2329,.F.);
#2329 = EDGE_CURVE('',#2330,#2322,#2332,.T.);
#2330 = VERTEX_POINT('',#2331);
#2331 = CARTESIAN_POINT('',(10.,21.583484861009,-22.5));
#2332 = LINE('',#2333,#2334);
#2333 = CARTESIAN_POINT('',(10.,17.5,-22.5));
#2334 = VECTOR('',#2335,1.);
#2335 = DIRECTION('',(-1.586032892322E-16,-1.,0.));
#2336 = ORIENTED_EDGE('',*,*,#2337,.F.);
#2337 = EDGE_CURVE('',#2338,#2330,#2340,.T.);
#2338 = VERTEX_POINT('',#2339);
#2339 = CARTESIAN_POINT('',(10.,23.416515138991,-22.5));
#2340 = ( BOUNDED_CURVE() B_SPLINE_CURVE(2,(#2341,#2342,#2343),
.UNSPECIFIED.,.F.,.F.) B_SPLINE_CURVE_WITH_KNOTS((3,3),(0.,
0.187616630393),.PIECEWISE_BEZIER_KNOTS.) CURVE() 
GEOMETRIC_REPRESENTATION_ITEM() RATIONAL_B_SPLINE_CURVE((1.,1.1,1.)) 
REPRESENTATION_ITEM('') );
#2341 = CARTESIAN_POINT('',(10.,23.416515138991,-22.5));
#2342 = CARTESIAN_POINT('',(10.,22.5,-22.11818181818));
#2343 = CARTESIAN_POINT('',(10.,21.583484861009,-22.5));
#2344 = ORIENTED_EDGE('',*,*,#2345,.F.);
#2345 = EDGE_CURVE('',#2297,#2338,#2346,.T.);
#2346 = LINE('',#2347,#2348);
#2347 = CARTESIAN_POINT('',(10.,17.5,-22.5));
#2348 = VECTOR('',#2349,1.);
#2349 = DIRECTION('',(-1.586032892322E-16,-1.,0.));
#2350 = ORIENTED_EDGE('',*,*,#2305,.F.);
#2351 = ORIENTED_EDGE('',*,*,#2352,.F.);
#2352 = EDGE_CURVE('',#1651,#2272,#2353,.T.);
#2353 = LINE('',#2354,#2355);
#2354 = CARTESIAN_POINT('',(10.,17.5,-22.5));
#2355 = VECTOR('',#2356,1.);
#2356 = DIRECTION('',(-1.586032892322E-16,-1.,0.));
#2357 = PLANE('',#2358);
#2358 = AXIS2_PLACEMENT_3D('',#2359,#2360,#2361);
#2359 = CARTESIAN_POINT('',(10.,45.5,-19.5));
#2360 = DIRECTION('',(1.,-1.586032892322E-16,0.));
#2361 = DIRECTION('',(-1.586032892322E-16,-1.,0.));
#2362 = ADVANCED_FACE('',(#2363),#2374,.F.);
#2363 = FACE_BOUND('',#2364,.F.);
#2364 = EDGE_LOOP('',(#2365,#2371,#2372,#2373));
#2365 = ORIENTED_EDGE('',*,*,#2366,.T.);
#2366 = EDGE_CURVE('',#2281,#1554,#2367,.T.);
#2367 = LINE('',#2368,#2369);
#2368 = CARTESIAN_POINT('',(7.,32.,-19.5));
#2369 = VECTOR('',#2370,1.);
#2370 = DIRECTION('',(0.,0.,1.));
#2371 = ORIENTED_EDGE('',*,*,#1553,.F.);
#2372 = ORIENTED_EDGE('',*,*,#2366,.F.);
#2373 = ORIENTED_EDGE('',*,*,#2288,.T.);
#2374 = CYLINDRICAL_SURFACE('',#2375,1.);
#2375 = AXIS2_PLACEMENT_3D('',#2376,#2377,#2378);
#2376 = CARTESIAN_POINT('',(8.,32.,-19.5));
#2377 = DIRECTION('',(0.,0.,-1.));
#2378 = DIRECTION('',(1.,0.,0.));
#2379 = ADVANCED_FACE('',(#2380),#2415,.F.);
#2380 = FACE_BOUND('',#2381,.F.);
#2381 = EDGE_LOOP('',(#2382,#2391,#2399,#2406,#2407,#2414));
#2382 = ORIENTED_EDGE('',*,*,#2383,.F.);
#2383 = EDGE_CURVE('',#2384,#2338,#2386,.T.);
#2384 = VERTEX_POINT('',#2385);
#2385 = CARTESIAN_POINT('',(5.8,22.5,-22.5));
#2386 = CIRCLE('',#2387,2.2);
#2387 = AXIS2_PLACEMENT_3D('',#2388,#2389,#2390);
#2388 = CARTESIAN_POINT('',(8.,22.5,-22.5));
#2389 = DIRECTION('',(0.,0.,-1.));
#2390 = DIRECTION('',(1.,0.,0.));
#2391 = ORIENTED_EDGE('',*,*,#2392,.T.);
#2392 = EDGE_CURVE('',#2384,#2393,#2395,.T.);
#2393 = VERTEX_POINT('',#2394);
#2394 = CARTESIAN_POINT('',(7.,22.5,-21.3));
#2395 = LINE('',#2396,#2397);
#2396 = CARTESIAN_POINT('',(6.4,22.5,-21.9));
#2397 = VECTOR('',#2398,1.);
#2398 = DIRECTION('',(0.707106781187,-8.659560562355E-17,0.707106781187)
  );
#2399 = ORIENTED_EDGE('',*,*,#2400,.F.);
#2400 = EDGE_CURVE('',#2393,#2393,#2401,.T.);
#2401 = CIRCLE('',#2402,1.);
#2402 = AXIS2_PLACEMENT_3D('',#2403,#2404,#2405);
#2403 = CARTESIAN_POINT('',(8.,22.5,-21.3));
#2404 = DIRECTION('',(0.,0.,1.));
#2405 = DIRECTION('',(1.,0.,-0.));
#2406 = ORIENTED_EDGE('',*,*,#2392,.F.);
#2407 = ORIENTED_EDGE('',*,*,#2408,.F.);
#2408 = EDGE_CURVE('',#2330,#2384,#2409,.T.);
#2409 = CIRCLE('',#2410,2.2);
#2410 = AXIS2_PLACEMENT_3D('',#2411,#2412,#2413);
#2411 = CARTESIAN_POINT('',(8.,22.5,-22.5));
#2412 = DIRECTION('',(0.,0.,-1.));
#2413 = DIRECTION('',(1.,0.,0.));
#2414 = ORIENTED_EDGE('',*,*,#2337,.F.);
#2415 = CONICAL_SURFACE('',#2416,1.6,0.785398163397);
#2416 = AXIS2_PLACEMENT_3D('',#2417,#2418,#2419);
#2417 = CARTESIAN_POINT('',(8.,22.5,-21.9));
#2418 = DIRECTION('',(0.,0.,-1.));
#2419 = DIRECTION('',(1.,0.,0.));
#2420 = ADVANCED_FACE('',(#2421),#2432,.F.);
#2421 = FACE_BOUND('',#2422,.F.);
#2422 = EDGE_LOOP('',(#2423,#2429,#2430,#2431));
#2423 = ORIENTED_EDGE('',*,*,#2424,.T.);
#2424 = EDGE_CURVE('',#2393,#1543,#2425,.T.);
#2425 = LINE('',#2426,#2427);
#2426 = CARTESIAN_POINT('',(7.,22.5,-19.5));
#2427 = VECTOR('',#2428,1.);
#2428 = DIRECTION('',(0.,0.,1.));
#2429 = ORIENTED_EDGE('',*,*,#1542,.F.);
#2430 = ORIENTED_EDGE('',*,*,#2424,.F.);
#2431 = ORIENTED_EDGE('',*,*,#2400,.T.);
#2432 = CYLINDRICAL_SURFACE('',#2433,1.);
#2433 = AXIS2_PLACEMENT_3D('',#2434,#2435,#2436);
#2434 = CARTESIAN_POINT('',(8.,22.5,-19.5));
#2435 = DIRECTION('',(0.,0.,-1.));
#2436 = DIRECTION('',(1.,0.,0.));
#2437 = ADVANCED_FACE('',(#2438),#2457,.T.);
#2438 = FACE_BOUND('',#2439,.T.);
#2439 = EDGE_LOOP('',(#2440,#2449,#2450,#2451));
#2440 = ORIENTED_EDGE('',*,*,#2441,.T.);
#2441 = EDGE_CURVE('',#2442,#2322,#2444,.T.);
#2442 = VERTEX_POINT('',#2443);
#2443 = CARTESIAN_POINT('',(8.,17.5,-22.5));
#2444 = CIRCLE('',#2445,2.);
#2445 = AXIS2_PLACEMENT_3D('',#2446,#2447,#2448);
#2446 = CARTESIAN_POINT('',(8.,19.5,-22.5));
#2447 = DIRECTION('',(0.,0.,1.));
#2448 = DIRECTION('',(0.707106781187,-0.707106781187,0.));
#2449 = ORIENTED_EDGE('',*,*,#2321,.T.);
#2450 = ORIENTED_EDGE('',*,*,#1428,.T.);
#2451 = ORIENTED_EDGE('',*,*,#2452,.T.);
#2452 = EDGE_CURVE('',#1421,#2442,#2453,.T.);
#2453 = LINE('',#2454,#2455);
#2454 = CARTESIAN_POINT('',(8.,17.5,-19.5));
#2455 = VECTOR('',#2456,1.);
#2456 = DIRECTION('',(0.,0.,-1.));
#2457 = CYLINDRICAL_SURFACE('',#2458,2.);
#2458 = AXIS2_PLACEMENT_3D('',#2459,#2460,#2461);
#2459 = CARTESIAN_POINT('',(8.,19.5,-19.5));
#2460 = DIRECTION('',(0.,0.,-1.));
#2461 = DIRECTION('',(0.707106781187,-0.707106781187,0.));
#2462 = ADVANCED_FACE('',(#2463),#2481,.T.);
#2463 = FACE_BOUND('',#2464,.T.);
#2464 = EDGE_LOOP('',(#2465,#2466,#2467,#2475));
#2465 = ORIENTED_EDGE('',*,*,#2452,.F.);
#2466 = ORIENTED_EDGE('',*,*,#1420,.F.);
#2467 = ORIENTED_EDGE('',*,*,#2468,.F.);
#2468 = EDGE_CURVE('',#2469,#1412,#2471,.T.);
#2469 = VERTEX_POINT('',#2470);
#2470 = CARTESIAN_POINT('',(-8.,17.5,-22.5));
#2471 = LINE('',#2472,#2473);
#2472 = CARTESIAN_POINT('',(-8.,17.5,-19.5));
#2473 = VECTOR('',#2474,1.);
#2474 = DIRECTION('',(0.,0.,1.));
#2475 = ORIENTED_EDGE('',*,*,#2476,.F.);
#2476 = EDGE_CURVE('',#2442,#2469,#2477,.T.);
#2477 = LINE('',#2478,#2479);
#2478 = CARTESIAN_POINT('',(-10.,17.5,-22.5));
#2479 = VECTOR('',#2480,1.);
#2480 = DIRECTION('',(-1.,0.,0.));
#2481 = PLANE('',#2482);
#2482 = AXIS2_PLACEMENT_3D('',#2483,#2484,#2485);
#2483 = CARTESIAN_POINT('',(10.,17.5,-19.5));
#2484 = DIRECTION('',(0.,-1.,0.));
#2485 = DIRECTION('',(-1.,0.,0.));
#2486 = ADVANCED_FACE('',(#2487),#2499,.T.);
#2487 = FACE_BOUND('',#2488,.T.);
#2488 = EDGE_LOOP('',(#2489,#2496,#2497,#2498));
#2489 = ORIENTED_EDGE('',*,*,#2490,.T.);
#2490 = EDGE_CURVE('',#2180,#2469,#2491,.T.);
#2491 = CIRCLE('',#2492,2.);
#2492 = AXIS2_PLACEMENT_3D('',#2493,#2494,#2495);
#2493 = CARTESIAN_POINT('',(-8.,19.5,-22.5));
#2494 = DIRECTION('',(0.,0.,1.));
#2495 = DIRECTION('',(-0.707106781187,-0.707106781187,0.));
#2496 = ORIENTED_EDGE('',*,*,#2468,.T.);
#2497 = ORIENTED_EDGE('',*,*,#1411,.T.);
#2498 = ORIENTED_EDGE('',*,*,#2187,.T.);
#2499 = CYLINDRICAL_SURFACE('',#2500,2.);
#2500 = AXIS2_PLACEMENT_3D('',#2501,#2502,#2503);
#2501 = CARTESIAN_POINT('',(-8.,19.5,-19.5));
#2502 = DIRECTION('',(0.,0.,-1.));
#2503 = DIRECTION('',(-0.707106781187,-0.707106781187,-0.));
#2504 = ADVANCED_FACE('',(#2505,#2533,#2539),#2545,.T.);
#2505 = FACE_BOUND('',#2506,.T.);
#2506 = EDGE_LOOP('',(#2507,#2508,#2509,#2510,#2511,#2512,#2513,#2514,
    #2515,#2516,#2517,#2518,#2519,#2520,#2521,#2522,#2523,#2524,#2525,
    #2526,#2527,#2528,#2529,#2530,#2531,#2532));
#2507 = ORIENTED_EDGE('',*,*,#1329,.F.);
#2508 = ORIENTED_EDGE('',*,*,#1388,.T.);
#2509 = ORIENTED_EDGE('',*,*,#1850,.T.);
#2510 = ORIENTED_EDGE('',*,*,#1826,.T.);
#2511 = ORIENTED_EDGE('',*,*,#1802,.T.);
#2512 = ORIENTED_EDGE('',*,*,#1777,.T.);
#2513 = ORIENTED_EDGE('',*,*,#1753,.T.);
#2514 = ORIENTED_EDGE('',*,*,#1729,.T.);
#2515 = ORIENTED_EDGE('',*,*,#1705,.T.);
#2516 = ORIENTED_EDGE('',*,*,#1682,.T.);
#2517 = ORIENTED_EDGE('',*,*,#1658,.F.);
#2518 = ORIENTED_EDGE('',*,*,#2352,.T.);
#2519 = ORIENTED_EDGE('',*,*,#2269,.F.);
#2520 = ORIENTED_EDGE('',*,*,#2296,.F.);
#2521 = ORIENTED_EDGE('',*,*,#2345,.T.);
#2522 = ORIENTED_EDGE('',*,*,#2383,.F.);
#2523 = ORIENTED_EDGE('',*,*,#2408,.F.);
#2524 = ORIENTED_EDGE('',*,*,#2329,.T.);
#2525 = ORIENTED_EDGE('',*,*,#2441,.F.);
#2526 = ORIENTED_EDGE('',*,*,#2476,.T.);
#2527 = ORIENTED_EDGE('',*,*,#2490,.F.);
#2528 = ORIENTED_EDGE('',*,*,#2179,.T.);
#2529 = ORIENTED_EDGE('',*,*,#2097,.F.);
#2530 = ORIENTED_EDGE('',*,*,#2171,.T.);
#2531 = ORIENTED_EDGE('',*,*,#2219,.F.);
#2532 = ORIENTED_EDGE('',*,*,#2147,.T.);
#2533 = FACE_BOUND('',#2534,.T.);
#2534 = EDGE_LOOP('',(#2535,#2536,#2537,#2538));
#2535 = ORIENTED_EDGE('',*,*,#1983,.T.);
#2536 = ORIENTED_EDGE('',*,*,#1959,.T.);
#2537 = ORIENTED_EDGE('',*,*,#1935,.T.);
#2538 = ORIENTED_EDGE('',*,*,#1909,.T.);
#2539 = FACE_BOUND('',#2540,.T.);
#2540 = EDGE_LOOP('',(#2541,#2542,#2543,#2544));
#2541 = ORIENTED_EDGE('',*,*,#2024,.T.);
#2542 = ORIENTED_EDGE('',*,*,#1876,.T.);
#2543 = ORIENTED_EDGE('',*,*,#2007,.T.);
#2544 = ORIENTED_EDGE('',*,*,#2048,.T.);
#2545 = PLANE('',#2546);
#2546 = AXIS2_PLACEMENT_3D('',#2547,#2548,#2549);
#2547 = CARTESIAN_POINT('',(2.22044604925E-15,36.25,-22.5));
#2548 = DIRECTION('',(0.,0.,-1.));
#2549 = DIRECTION('',(1.,0.,0.));
#2550 = ( GEOMETRIC_REPRESENTATION_CONTEXT(3) 
GLOBAL_UNCERTAINTY_ASSIGNED_CONTEXT((#2554)) 
GLOBAL_UNIT_ASSIGNED_CONTEXT((#2551,#2552,#2553)) REPRESENTATION_CONTEXT
('Context #1','3D Context with UNIT and UNCERTAINTY') );
#2551 = ( LENGTH_UNIT() NAMED_UNIT(*) SI_UNIT(.MILLI.,.METRE.) );
#2552 = ( NAMED_UNIT(*) PLANE_ANGLE_UNIT() SI_UNIT($,.RADIAN.) );
#2553 = ( NAMED_UNIT(*) SI_UNIT($,.STERADIAN.) SOLID_ANGLE_UNIT() );
#2554 = UNCERTAINTY_MEASURE_WITH_UNIT(LENGTH_MEASURE(1.E-07),#2551,
  'distance_accuracy_value','confusion accuracy');
#2555 = CONTEXT_DEPENDENT_SHAPE_REPRESENTATION(#2556,#2558);
#2556 = ( REPRESENTATION_RELATIONSHIP('','',#1322,#10) 
REPRESENTATION_RELATIONSHIP_WITH_TRANSFORMATION(#2557) 
SHAPE_REPRESENTATION_RELATIONSHIP() );
#2557 = ITEM_DEFINED_TRANSFORMATION('','',#11,#23);
#2558 = PRODUCT_DEFINITION_SHAPE('Placement','Placement of an item',
  #2559);
#2559 = NEXT_ASSEMBLY_USAGE_OCCURRENCE('3','COMPOUND076','',#5,#1317,$);
#2560 = PRODUCT_RELATED_PRODUCT_CATEGORY('part',$,(#1319));
#2561 = MECHANICAL_DESIGN_GEOMETRIC_PRESENTATION_REPRESENTATION('',(
    #2562),#2550);
#2562 = STYLED_ITEM('color',(#2563),#1323);
#2563 = PRESENTATION_STYLE_ASSIGNMENT((#2564,#2570));
#2564 = SURFACE_STYLE_USAGE(.BOTH.,#2565);
#2565 = SURFACE_SIDE_STYLE('',(#2566));
#2566 = SURFACE_STYLE_FILL_AREA(#2567);
#2567 = FILL_AREA_STYLE('',(#2568));
#2568 = FILL_AREA_STYLE_COLOUR('',#2569);
#2569 = COLOUR_RGB('',0.737254912529,0.886274513239,0.941176459967);
#2570 = CURVE_STYLE('',#2571,POSITIVE_LENGTH_MEASURE(0.1),#2572);
#2571 = DRAUGHTING_PRE_DEFINED_CURVE_FONT('continuous');
#2572 = COLOUR_RGB('',9.803921802644E-02,9.803921802644E-02,
  9.803921802644E-02);
#2573 = MECHANICAL_DESIGN_GEOMETRIC_PRESENTATION_REPRESENTATION('',(
    #2574),#1304);
#2574 = STYLED_ITEM('color',(#2575),#1076);
#2575 = PRESENTATION_STYLE_ASSIGNMENT((#2576,#2582));
#2576 = SURFACE_STYLE_USAGE(.BOTH.,#2577);
#2577 = SURFACE_SIDE_STYLE('',(#2578));
#2578 = SURFACE_STYLE_FILL_AREA(#2579);
#2579 = FILL_AREA_STYLE('',(#2580));
#2580 = FILL_AREA_STYLE_COLOUR('',#2581);
#2581 = COLOUR_RGB('',0.533333298457,0.568627419347,0.83137256512);
#2582 = CURVE_STYLE('',#2583,POSITIVE_LENGTH_MEASURE(0.1),#2572);
#2583 = DRAUGHTING_PRE_DEFINED_CURVE_FONT('continuous');
#2584 = MECHANICAL_DESIGN_GEOMETRIC_PRESENTATION_REPRESENTATION('',(
    #2585),#1057);
#2585 = STYLED_ITEM('color',(#2586),#41);
#2586 = PRESENTATION_STYLE_ASSIGNMENT((#2587,#2592));
#2587 = SURFACE_STYLE_USAGE(.BOTH.,#2588);
#2588 = SURFACE_SIDE_STYLE('',(#2589));
#2589 = SURFACE_STYLE_FILL_AREA(#2590);
#2590 = FILL_AREA_STYLE('',(#2591));
#2591 = FILL_AREA_STYLE_COLOUR('',#2569);
#2592 = CURVE_STYLE('',#2593,POSITIVE_LENGTH_MEASURE(0.1),#2572);
#2593 = DRAUGHTING_PRE_DEFINED_CURVE_FONT('continuous');
ENDSEC;
END-ISO-10303-21;
