ISO-10303-21;
HEADER;
FILE_DESCRIPTION(('FreeCAD Model'),'2;1');
FILE_NAME('Open CASCADE Shape Model','2025-05-21T13:33:42',('Author'),(
    ''),'Open CASCADE STEP processor 7.7','FreeCAD','Unknown');
FILE_SCHEMA(('AUTOMOTIVE_DESIGN { 1 0 10303 214 1 1 1 1 }'));
ENDSEC;
DATA;
#1 = APPLICATION_PROTOCOL_DEFINITION('international standard',
  'automotive_design',2000,#2);
#2 = APPLICATION_CONTEXT(
  'core data for automotive mechanical design processes');
#3 = SHAPE_DEFINITION_REPRESENTATION(#4,#10);
#4 = PRODUCT_DEFINITION_SHAPE('','',#5);
#5 = PRODUCT_DEFINITION('design','',#6,#9);
#6 = PRODUCT_DEFINITION_FORMATION('','',#7);
#7 = PRODUCT('XC330 v016','XC330 v016','',(#8));
#8 = PRODUCT_CONTEXT('',#2,'mechanical');
#9 = PRODUCT_DEFINITION_CONTEXT('part definition',#2,'design');
#10 = SHAPE_REPRESENTATION('',(#11,#15,#19,#23,#27,#31,#35,#39,#43,#47,
    #51,#55,#59),#63);
#11 = AXIS2_PLACEMENT_3D('',#12,#13,#14);
#12 = CARTESIAN_POINT('',(0.,0.,0.));
#13 = DIRECTION('',(0.,0.,1.));
#14 = DIRECTION('',(1.,0.,-0.));
#15 = AXIS2_PLACEMENT_3D('',#16,#17,#18);
#16 = CARTESIAN_POINT('',(0.,0.,0.));
#17 = DIRECTION('',(0.,0.,1.));
#18 = DIRECTION('',(1.,0.,0.));
#19 = AXIS2_PLACEMENT_3D('',#20,#21,#22);
#20 = CARTESIAN_POINT('',(0.,0.,0.));
#21 = DIRECTION('',(0.,0.,1.));
#22 = DIRECTION('',(1.,0.,0.));
#23 = AXIS2_PLACEMENT_3D('',#24,#25,#26);
#24 = CARTESIAN_POINT('',(-7.99E-14,-9.77E-14,-19.5));
#25 = DIRECTION('',(0.,0.,1.));
#26 = DIRECTION('',(1.,0.,0.));
#27 = AXIS2_PLACEMENT_3D('',#28,#29,#30);
#28 = CARTESIAN_POINT('',(-8.9E-15,-2.66E-14,3.6));
#29 = DIRECTION('',(8.659560562355E-17,1.,-2.22044604925E-16));
#30 = DIRECTION('',(-1.,8.659560562355E-17,-8.659560562355E-17));
#31 = AXIS2_PLACEMENT_3D('',#32,#33,#34);
#32 = CARTESIAN_POINT('',(-2.66E-14,7.5,-17.6));
#33 = DIRECTION('',(1.224646799147E-16,0.,-1.));
#34 = DIRECTION('',(-1.,0.,-1.224646799147E-16));
#35 = AXIS2_PLACEMENT_3D('',#36,#37,#38);
#36 = CARTESIAN_POINT('',(8.4,4.5,2.));
#37 = DIRECTION('',(8.659560562355E-17,1.,-2.22044604925E-16));
#38 = DIRECTION('',(-1.,8.659560562355E-17,-8.659560562355E-17));
#39 = AXIS2_PLACEMENT_3D('',#40,#41,#42);
#40 = CARTESIAN_POINT('',(-8.4,4.5,2.));
#41 = DIRECTION('',(8.659560562355E-17,1.,-2.22044604925E-16));
#42 = DIRECTION('',(-1.,8.659560562355E-17,-8.659560562355E-17));
#43 = AXIS2_PLACEMENT_3D('',#44,#45,#46);
#44 = CARTESIAN_POINT('',(4.9,-22.9,2.));
#45 = DIRECTION('',(8.659560562355E-17,1.,-2.22044604925E-16));
#46 = DIRECTION('',(-1.,8.659560562355E-17,-8.659560562355E-17));
#47 = AXIS2_PLACEMENT_3D('',#48,#49,#50);
#48 = CARTESIAN_POINT('',(-8.4,-19.4,2.));
#49 = DIRECTION('',(8.659560562355E-17,1.,-2.22044604925E-16));
#50 = DIRECTION('',(-1.,8.659560562355E-17,-8.659560562355E-17));
#51 = AXIS2_PLACEMENT_3D('',#52,#53,#54);
#52 = CARTESIAN_POINT('',(-2.66E-14,-5.33E-14,4.9));
#53 = DIRECTION('',(8.659560562355E-17,1.,-2.22044604925E-16));
#54 = DIRECTION('',(-1.,8.659560562355E-17,-8.659560562355E-17));
#55 = AXIS2_PLACEMENT_3D('',#56,#57,#58);
#56 = CARTESIAN_POINT('',(7.7,-9.,-10.4));
#57 = DIRECTION('',(1.,0.,0.));
#58 = DIRECTION('',(0.,-1.,0.));
#59 = AXIS2_PLACEMENT_3D('',#60,#61,#62);
#60 = CARTESIAN_POINT('',(-7.7,-9.,-10.4));
#61 = DIRECTION('',(-1.,0.,0.));
#62 = DIRECTION('',(0.,1.,0.));
#63 = ( GEOMETRIC_REPRESENTATION_CONTEXT(3) 
GLOBAL_UNCERTAINTY_ASSIGNED_CONTEXT((#67)) GLOBAL_UNIT_ASSIGNED_CONTEXT(
(#64,#65,#66)) REPRESENTATION_CONTEXT('Context #1',
  '3D Context with UNIT and UNCERTAINTY') );
#64 = ( LENGTH_UNIT() NAMED_UNIT(*) SI_UNIT(.MILLI.,.METRE.) );
#65 = ( NAMED_UNIT(*) PLANE_ANGLE_UNIT() SI_UNIT($,.RADIAN.) );
#66 = ( NAMED_UNIT(*) SI_UNIT($,.STERADIAN.) SOLID_ANGLE_UNIT() );
#67 = UNCERTAINTY_MEASURE_WITH_UNIT(LENGTH_MEASURE(2.E-05),#64,
  'distance_accuracy_value','confusion accuracy');
#68 = PRODUCT_RELATED_PRODUCT_CATEGORY('part',$,(#7));
#69 = SHAPE_DEFINITION_REPRESENTATION(#70,#76);
#70 = PRODUCT_DEFINITION_SHAPE('','',#71);
#71 = PRODUCT_DEFINITION('design','',#72,#75);
#72 = PRODUCT_DEFINITION_FORMATION('','',#73);
#73 = PRODUCT('DC15_A01_CASE_M_DUMMY012','DC15_A01_CASE_M_DUMMY012','',(
    #74));
#74 = PRODUCT_CONTEXT('',#2,'mechanical');
#75 = PRODUCT_DEFINITION_CONTEXT('part definition',#2,'design');
#76 = ADVANCED_BREP_SHAPE_REPRESENTATION('',(#11,#77),#1827);
#77 = MANIFOLD_SOLID_BREP('',#78);
#78 = CLOSED_SHELL('',(#79,#250,#281,#305,#329,#353,#377,#401,#425,#442,
    #524,#555,#659,#754,#801,#832,#888,#928,#959,#983,#1007,#1038,#1069,
    #1095,#1309,#1326,#1343,#1367,#1393,#1410,#1427,#1439,#1451,#1468,
    #1485,#1502,#1519,#1536,#1548,#1565,#1582,#1599,#1611,#1628,#1645,
    #1662,#1679,#1696,#1713,#1730,#1747,#1772,#1781,#1793,#1818));
#79 = ADVANCED_FACE('',(#80,#146,#157,#168,#179,#190,#201,#212,#223,#234
    ),#245,.T.);
#80 = FACE_BOUND('',#81,.T.);
#81 = EDGE_LOOP('',(#82,#92,#100,#108,#116,#124,#132,#140));
#82 = ORIENTED_EDGE('',*,*,#83,.F.);
#83 = EDGE_CURVE('',#84,#86,#88,.T.);
#84 = VERTEX_POINT('',#85);
#85 = CARTESIAN_POINT('',(9.55,8.313603896932,0.));
#86 = VERTEX_POINT('',#87);
#87 = CARTESIAN_POINT('',(9.55,-23.31360389693,0.));
#88 = LINE('',#89,#90);
#89 = CARTESIAN_POINT('',(9.55,8.313603896932,0.));
#90 = VECTOR('',#91,1.);
#91 = DIRECTION('',(0.,-1.,0.));
#92 = ORIENTED_EDGE('',*,*,#93,.F.);
#93 = EDGE_CURVE('',#94,#84,#96,.T.);
#94 = VERTEX_POINT('',#95);
#95 = CARTESIAN_POINT('',(8.813603896932,9.05,0.));
#96 = LINE('',#97,#98);
#97 = CARTESIAN_POINT('',(8.813603896932,9.05,0.));
#98 = VECTOR('',#99,1.);
#99 = DIRECTION('',(0.707106781187,-0.707106781187,0.));
#100 = ORIENTED_EDGE('',*,*,#101,.F.);
#101 = EDGE_CURVE('',#102,#94,#104,.T.);
#102 = VERTEX_POINT('',#103);
#103 = CARTESIAN_POINT('',(-8.813603896932,9.05,0.));
#104 = LINE('',#105,#106);
#105 = CARTESIAN_POINT('',(-8.813603896932,9.05,0.));
#106 = VECTOR('',#107,1.);
#107 = DIRECTION('',(1.,0.,0.));
#108 = ORIENTED_EDGE('',*,*,#109,.F.);
#109 = EDGE_CURVE('',#110,#102,#112,.T.);
#110 = VERTEX_POINT('',#111);
#111 = CARTESIAN_POINT('',(-9.55,8.313603896932,0.));
#112 = LINE('',#113,#114);
#113 = CARTESIAN_POINT('',(-9.55,8.313603896932,0.));
#114 = VECTOR('',#115,1.);
#115 = DIRECTION('',(0.707106781187,0.707106781187,0.));
#116 = ORIENTED_EDGE('',*,*,#117,.F.);
#117 = EDGE_CURVE('',#118,#110,#120,.T.);
#118 = VERTEX_POINT('',#119);
#119 = CARTESIAN_POINT('',(-9.55,-23.31360389693,0.));
#120 = LINE('',#121,#122);
#121 = CARTESIAN_POINT('',(-9.55,-23.31360389693,0.));
#122 = VECTOR('',#123,1.);
#123 = DIRECTION('',(0.,1.,0.));
#124 = ORIENTED_EDGE('',*,*,#125,.F.);
#125 = EDGE_CURVE('',#126,#118,#128,.T.);
#126 = VERTEX_POINT('',#127);
#127 = CARTESIAN_POINT('',(-8.813603896932,-24.05,0.));
#128 = LINE('',#129,#130);
#129 = CARTESIAN_POINT('',(-8.813603896932,-24.05,0.));
#130 = VECTOR('',#131,1.);
#131 = DIRECTION('',(-0.707106781187,0.707106781187,0.));
#132 = ORIENTED_EDGE('',*,*,#133,.F.);
#133 = EDGE_CURVE('',#134,#126,#136,.T.);
#134 = VERTEX_POINT('',#135);
#135 = CARTESIAN_POINT('',(8.813603896932,-24.05,0.));
#136 = LINE('',#137,#138);
#137 = CARTESIAN_POINT('',(8.813603896932,-24.05,0.));
#138 = VECTOR('',#139,1.);
#139 = DIRECTION('',(-1.,0.,0.));
#140 = ORIENTED_EDGE('',*,*,#141,.F.);
#141 = EDGE_CURVE('',#86,#134,#142,.T.);
#142 = LINE('',#143,#144);
#143 = CARTESIAN_POINT('',(9.55,-23.31360389693,0.));
#144 = VECTOR('',#145,1.);
#145 = DIRECTION('',(-0.707106781186,-0.707106781187,0.));
#146 = FACE_BOUND('',#147,.T.);
#147 = EDGE_LOOP('',(#148));
#148 = ORIENTED_EDGE('',*,*,#149,.F.);
#149 = EDGE_CURVE('',#150,#150,#152,.T.);
#150 = VERTEX_POINT('',#151);
#151 = CARTESIAN_POINT('',(7.2,7.5,0.));
#152 = CIRCLE('',#153,0.8);
#153 = AXIS2_PLACEMENT_3D('',#154,#155,#156);
#154 = CARTESIAN_POINT('',(8.,7.5,0.));
#155 = DIRECTION('',(0.,0.,1.));
#156 = DIRECTION('',(1.,0.,-0.));
#157 = FACE_BOUND('',#158,.T.);
#158 = EDGE_LOOP('',(#159));
#159 = ORIENTED_EDGE('',*,*,#160,.F.);
#160 = EDGE_CURVE('',#161,#161,#163,.T.);
#161 = VERTEX_POINT('',#162);
#162 = CARTESIAN_POINT('',(-8.8,7.5,0.));
#163 = CIRCLE('',#164,0.8);
#164 = AXIS2_PLACEMENT_3D('',#165,#166,#167);
#165 = CARTESIAN_POINT('',(-8.,7.5,0.));
#166 = DIRECTION('',(0.,0.,1.));
#167 = DIRECTION('',(1.,0.,-0.));
#168 = FACE_BOUND('',#169,.T.);
#169 = EDGE_LOOP('',(#170));
#170 = ORIENTED_EDGE('',*,*,#171,.F.);
#171 = EDGE_CURVE('',#172,#172,#174,.T.);
#172 = VERTEX_POINT('',#173);
#173 = CARTESIAN_POINT('',(4.1,-22.9,0.));
#174 = CIRCLE('',#175,0.8);
#175 = AXIS2_PLACEMENT_3D('',#176,#177,#178);
#176 = CARTESIAN_POINT('',(4.9,-22.9,0.));
#177 = DIRECTION('',(0.,0.,1.));
#178 = DIRECTION('',(1.,0.,-0.));
#179 = FACE_BOUND('',#180,.T.);
#180 = EDGE_LOOP('',(#181));
#181 = ORIENTED_EDGE('',*,*,#182,.F.);
#182 = EDGE_CURVE('',#183,#183,#185,.T.);
#183 = VERTEX_POINT('',#184);
#184 = CARTESIAN_POINT('',(-9.2,-19.4,0.));
#185 = CIRCLE('',#186,0.8);
#186 = AXIS2_PLACEMENT_3D('',#187,#188,#189);
#187 = CARTESIAN_POINT('',(-8.4,-19.4,0.));
#188 = DIRECTION('',(0.,0.,1.));
#189 = DIRECTION('',(1.,0.,-0.));
#190 = FACE_BOUND('',#191,.T.);
#191 = EDGE_LOOP('',(#192));
#192 = ORIENTED_EDGE('',*,*,#193,.F.);
#193 = EDGE_CURVE('',#194,#194,#196,.T.);
#194 = VERTEX_POINT('',#195);
#195 = CARTESIAN_POINT('',(7.6,4.5,0.));
#196 = CIRCLE('',#197,0.8);
#197 = AXIS2_PLACEMENT_3D('',#198,#199,#200);
#198 = CARTESIAN_POINT('',(8.4,4.5,0.));
#199 = DIRECTION('',(0.,0.,1.));
#200 = DIRECTION('',(1.,0.,-0.));
#201 = FACE_BOUND('',#202,.T.);
#202 = EDGE_LOOP('',(#203));
#203 = ORIENTED_EDGE('',*,*,#204,.F.);
#204 = EDGE_CURVE('',#205,#205,#207,.T.);
#205 = VERTEX_POINT('',#206);
#206 = CARTESIAN_POINT('',(-9.2,4.5,0.));
#207 = CIRCLE('',#208,0.8);
#208 = AXIS2_PLACEMENT_3D('',#209,#210,#211);
#209 = CARTESIAN_POINT('',(-8.4,4.5,0.));
#210 = DIRECTION('',(0.,0.,1.));
#211 = DIRECTION('',(1.,0.,-0.));
#212 = FACE_BOUND('',#213,.T.);
#213 = EDGE_LOOP('',(#214));
#214 = ORIENTED_EDGE('',*,*,#215,.F.);
#215 = EDGE_CURVE('',#216,#216,#218,.T.);
#216 = VERTEX_POINT('',#217);
#217 = CARTESIAN_POINT('',(-8.8,-22.5,0.));
#218 = CIRCLE('',#219,0.8);
#219 = AXIS2_PLACEMENT_3D('',#220,#221,#222);
#220 = CARTESIAN_POINT('',(-8.,-22.5,0.));
#221 = DIRECTION('',(0.,0.,1.));
#222 = DIRECTION('',(1.,0.,-0.));
#223 = FACE_BOUND('',#224,.T.);
#224 = EDGE_LOOP('',(#225));
#225 = ORIENTED_EDGE('',*,*,#226,.F.);
#226 = EDGE_CURVE('',#227,#227,#229,.T.);
#227 = VERTEX_POINT('',#228);
#228 = CARTESIAN_POINT('',(7.2,-22.5,0.));
#229 = CIRCLE('',#230,0.8);
#230 = AXIS2_PLACEMENT_3D('',#231,#232,#233);
#231 = CARTESIAN_POINT('',(8.,-22.5,0.));
#232 = DIRECTION('',(0.,0.,1.));
#233 = DIRECTION('',(1.,0.,-0.));
#234 = FACE_BOUND('',#235,.T.);
#235 = EDGE_LOOP('',(#236));
#236 = ORIENTED_EDGE('',*,*,#237,.F.);
#237 = EDGE_CURVE('',#238,#238,#240,.T.);
#238 = VERTEX_POINT('',#239);
#239 = CARTESIAN_POINT('',(-2.5,-0.,0.));
#240 = CIRCLE('',#241,2.5);
#241 = AXIS2_PLACEMENT_3D('',#242,#243,#244);
#242 = CARTESIAN_POINT('',(0.,0.,0.));
#243 = DIRECTION('',(0.,0.,1.));
#244 = DIRECTION('',(1.,0.,-0.));
#245 = PLANE('',#246);
#246 = AXIS2_PLACEMENT_3D('',#247,#248,#249);
#247 = CARTESIAN_POINT('',(0.,0.,0.));
#248 = DIRECTION('',(0.,0.,1.));
#249 = DIRECTION('',(1.,0.,-0.));
#250 = ADVANCED_FACE('',(#251),#276,.F.);
#251 = FACE_BOUND('',#252,.T.);
#252 = EDGE_LOOP('',(#253,#254,#262,#270));
#253 = ORIENTED_EDGE('',*,*,#83,.T.);
#254 = ORIENTED_EDGE('',*,*,#255,.T.);
#255 = EDGE_CURVE('',#86,#256,#258,.T.);
#256 = VERTEX_POINT('',#257);
#257 = CARTESIAN_POINT('',(9.55,-23.31360389693,-0.55));
#258 = LINE('',#259,#260);
#259 = CARTESIAN_POINT('',(9.55,-23.31360389693,0.));
#260 = VECTOR('',#261,1.);
#261 = DIRECTION('',(0.,0.,-1.));
#262 = ORIENTED_EDGE('',*,*,#263,.F.);
#263 = EDGE_CURVE('',#264,#256,#266,.T.);
#264 = VERTEX_POINT('',#265);
#265 = CARTESIAN_POINT('',(9.55,8.313603896932,-0.55));
#266 = LINE('',#267,#268);
#267 = CARTESIAN_POINT('',(9.55,8.313603896932,-0.55));
#268 = VECTOR('',#269,1.);
#269 = DIRECTION('',(0.,-1.,0.));
#270 = ORIENTED_EDGE('',*,*,#271,.F.);
#271 = EDGE_CURVE('',#84,#264,#272,.T.);
#272 = LINE('',#273,#274);
#273 = CARTESIAN_POINT('',(9.55,8.313603896932,0.));
#274 = VECTOR('',#275,1.);
#275 = DIRECTION('',(0.,0.,-1.));
#276 = PLANE('',#277);
#277 = AXIS2_PLACEMENT_3D('',#278,#279,#280);
#278 = CARTESIAN_POINT('',(9.55,8.313603896932,0.));
#279 = DIRECTION('',(-1.,0.,0.));
#280 = DIRECTION('',(0.,-1.,0.));
#281 = ADVANCED_FACE('',(#282),#300,.F.);
#282 = FACE_BOUND('',#283,.T.);
#283 = EDGE_LOOP('',(#284,#285,#286,#294));
#284 = ORIENTED_EDGE('',*,*,#93,.T.);
#285 = ORIENTED_EDGE('',*,*,#271,.T.);
#286 = ORIENTED_EDGE('',*,*,#287,.F.);
#287 = EDGE_CURVE('',#288,#264,#290,.T.);
#288 = VERTEX_POINT('',#289);
#289 = CARTESIAN_POINT('',(8.813603896932,9.05,-0.55));
#290 = LINE('',#291,#292);
#291 = CARTESIAN_POINT('',(8.813603896932,9.05,-0.55));
#292 = VECTOR('',#293,1.);
#293 = DIRECTION('',(0.707106781187,-0.707106781187,0.));
#294 = ORIENTED_EDGE('',*,*,#295,.F.);
#295 = EDGE_CURVE('',#94,#288,#296,.T.);
#296 = LINE('',#297,#298);
#297 = CARTESIAN_POINT('',(8.813603896932,9.05,0.));
#298 = VECTOR('',#299,1.);
#299 = DIRECTION('',(0.,0.,-1.));
#300 = PLANE('',#301);
#301 = AXIS2_PLACEMENT_3D('',#302,#303,#304);
#302 = CARTESIAN_POINT('',(8.813603896932,9.05,0.));
#303 = DIRECTION('',(-0.707106781187,-0.707106781187,0.));
#304 = DIRECTION('',(0.707106781187,-0.707106781187,0.));
#305 = ADVANCED_FACE('',(#306),#324,.F.);
#306 = FACE_BOUND('',#307,.T.);
#307 = EDGE_LOOP('',(#308,#309,#310,#318));
#308 = ORIENTED_EDGE('',*,*,#101,.T.);
#309 = ORIENTED_EDGE('',*,*,#295,.T.);
#310 = ORIENTED_EDGE('',*,*,#311,.F.);
#311 = EDGE_CURVE('',#312,#288,#314,.T.);
#312 = VERTEX_POINT('',#313);
#313 = CARTESIAN_POINT('',(-8.813603896932,9.05,-0.55));
#314 = LINE('',#315,#316);
#315 = CARTESIAN_POINT('',(-8.813603896932,9.05,-0.55));
#316 = VECTOR('',#317,1.);
#317 = DIRECTION('',(1.,0.,0.));
#318 = ORIENTED_EDGE('',*,*,#319,.F.);
#319 = EDGE_CURVE('',#102,#312,#320,.T.);
#320 = LINE('',#321,#322);
#321 = CARTESIAN_POINT('',(-8.813603896932,9.05,0.));
#322 = VECTOR('',#323,1.);
#323 = DIRECTION('',(0.,0.,-1.));
#324 = PLANE('',#325);
#325 = AXIS2_PLACEMENT_3D('',#326,#327,#328);
#326 = CARTESIAN_POINT('',(-8.813603896932,9.05,0.));
#327 = DIRECTION('',(0.,-1.,0.));
#328 = DIRECTION('',(1.,0.,0.));
#329 = ADVANCED_FACE('',(#330),#348,.F.);
#330 = FACE_BOUND('',#331,.T.);
#331 = EDGE_LOOP('',(#332,#333,#334,#342));
#332 = ORIENTED_EDGE('',*,*,#109,.T.);
#333 = ORIENTED_EDGE('',*,*,#319,.T.);
#334 = ORIENTED_EDGE('',*,*,#335,.F.);
#335 = EDGE_CURVE('',#336,#312,#338,.T.);
#336 = VERTEX_POINT('',#337);
#337 = CARTESIAN_POINT('',(-9.55,8.313603896932,-0.55));
#338 = LINE('',#339,#340);
#339 = CARTESIAN_POINT('',(-9.55,8.313603896932,-0.55));
#340 = VECTOR('',#341,1.);
#341 = DIRECTION('',(0.707106781187,0.707106781187,0.));
#342 = ORIENTED_EDGE('',*,*,#343,.F.);
#343 = EDGE_CURVE('',#110,#336,#344,.T.);
#344 = LINE('',#345,#346);
#345 = CARTESIAN_POINT('',(-9.55,8.313603896932,0.));
#346 = VECTOR('',#347,1.);
#347 = DIRECTION('',(0.,0.,-1.));
#348 = PLANE('',#349);
#349 = AXIS2_PLACEMENT_3D('',#350,#351,#352);
#350 = CARTESIAN_POINT('',(-9.55,8.313603896932,0.));
#351 = DIRECTION('',(0.707106781187,-0.707106781187,0.));
#352 = DIRECTION('',(0.707106781187,0.707106781187,0.));
#353 = ADVANCED_FACE('',(#354),#372,.F.);
#354 = FACE_BOUND('',#355,.T.);
#355 = EDGE_LOOP('',(#356,#357,#358,#366));
#356 = ORIENTED_EDGE('',*,*,#117,.T.);
#357 = ORIENTED_EDGE('',*,*,#343,.T.);
#358 = ORIENTED_EDGE('',*,*,#359,.F.);
#359 = EDGE_CURVE('',#360,#336,#362,.T.);
#360 = VERTEX_POINT('',#361);
#361 = CARTESIAN_POINT('',(-9.55,-23.31360389693,-0.55));
#362 = LINE('',#363,#364);
#363 = CARTESIAN_POINT('',(-9.55,-23.31360389693,-0.55));
#364 = VECTOR('',#365,1.);
#365 = DIRECTION('',(0.,1.,0.));
#366 = ORIENTED_EDGE('',*,*,#367,.F.);
#367 = EDGE_CURVE('',#118,#360,#368,.T.);
#368 = LINE('',#369,#370);
#369 = CARTESIAN_POINT('',(-9.55,-23.31360389693,0.));
#370 = VECTOR('',#371,1.);
#371 = DIRECTION('',(0.,0.,-1.));
#372 = PLANE('',#373);
#373 = AXIS2_PLACEMENT_3D('',#374,#375,#376);
#374 = CARTESIAN_POINT('',(-9.55,-23.31360389693,0.));
#375 = DIRECTION('',(1.,0.,0.));
#376 = DIRECTION('',(-0.,1.,0.));
#377 = ADVANCED_FACE('',(#378),#396,.F.);
#378 = FACE_BOUND('',#379,.T.);
#379 = EDGE_LOOP('',(#380,#381,#382,#390));
#380 = ORIENTED_EDGE('',*,*,#125,.T.);
#381 = ORIENTED_EDGE('',*,*,#367,.T.);
#382 = ORIENTED_EDGE('',*,*,#383,.F.);
#383 = EDGE_CURVE('',#384,#360,#386,.T.);
#384 = VERTEX_POINT('',#385);
#385 = CARTESIAN_POINT('',(-8.813603896932,-24.05,-0.55));
#386 = LINE('',#387,#388);
#387 = CARTESIAN_POINT('',(-8.813603896932,-24.05,-0.55));
#388 = VECTOR('',#389,1.);
#389 = DIRECTION('',(-0.707106781187,0.707106781187,0.));
#390 = ORIENTED_EDGE('',*,*,#391,.F.);
#391 = EDGE_CURVE('',#126,#384,#392,.T.);
#392 = LINE('',#393,#394);
#393 = CARTESIAN_POINT('',(-8.813603896932,-24.05,0.));
#394 = VECTOR('',#395,1.);
#395 = DIRECTION('',(0.,0.,-1.));
#396 = PLANE('',#397);
#397 = AXIS2_PLACEMENT_3D('',#398,#399,#400);
#398 = CARTESIAN_POINT('',(-8.813603896932,-24.05,0.));
#399 = DIRECTION('',(0.707106781187,0.707106781187,0.));
#400 = DIRECTION('',(-0.707106781187,0.707106781187,0.));
#401 = ADVANCED_FACE('',(#402),#420,.F.);
#402 = FACE_BOUND('',#403,.T.);
#403 = EDGE_LOOP('',(#404,#405,#406,#414));
#404 = ORIENTED_EDGE('',*,*,#133,.T.);
#405 = ORIENTED_EDGE('',*,*,#391,.T.);
#406 = ORIENTED_EDGE('',*,*,#407,.F.);
#407 = EDGE_CURVE('',#408,#384,#410,.T.);
#408 = VERTEX_POINT('',#409);
#409 = CARTESIAN_POINT('',(8.813603896932,-24.05,-0.55));
#410 = LINE('',#411,#412);
#411 = CARTESIAN_POINT('',(8.813603896932,-24.05,-0.55));
#412 = VECTOR('',#413,1.);
#413 = DIRECTION('',(-1.,0.,0.));
#414 = ORIENTED_EDGE('',*,*,#415,.F.);
#415 = EDGE_CURVE('',#134,#408,#416,.T.);
#416 = LINE('',#417,#418);
#417 = CARTESIAN_POINT('',(8.813603896932,-24.05,0.));
#418 = VECTOR('',#419,1.);
#419 = DIRECTION('',(0.,0.,-1.));
#420 = PLANE('',#421);
#421 = AXIS2_PLACEMENT_3D('',#422,#423,#424);
#422 = CARTESIAN_POINT('',(8.813603896932,-24.05,0.));
#423 = DIRECTION('',(0.,1.,0.));
#424 = DIRECTION('',(-1.,0.,0.));
#425 = ADVANCED_FACE('',(#426),#437,.F.);
#426 = FACE_BOUND('',#427,.T.);
#427 = EDGE_LOOP('',(#428,#429,#430,#436));
#428 = ORIENTED_EDGE('',*,*,#141,.T.);
#429 = ORIENTED_EDGE('',*,*,#415,.T.);
#430 = ORIENTED_EDGE('',*,*,#431,.F.);
#431 = EDGE_CURVE('',#256,#408,#432,.T.);
#432 = LINE('',#433,#434);
#433 = CARTESIAN_POINT('',(9.55,-23.31360389693,-0.55));
#434 = VECTOR('',#435,1.);
#435 = DIRECTION('',(-0.707106781186,-0.707106781187,0.));
#436 = ORIENTED_EDGE('',*,*,#255,.F.);
#437 = PLANE('',#438);
#438 = AXIS2_PLACEMENT_3D('',#439,#440,#441);
#439 = CARTESIAN_POINT('',(9.55,-23.31360389693,0.));
#440 = DIRECTION('',(-0.707106781187,0.707106781187,0.));
#441 = DIRECTION('',(-0.707106781187,-0.707106781187,0.));
#442 = ADVANCED_FACE('',(#443,#509),#519,.T.);
#443 = FACE_BOUND('',#444,.T.);
#444 = EDGE_LOOP('',(#445,#455,#463,#471,#479,#487,#495,#503));
#445 = ORIENTED_EDGE('',*,*,#446,.T.);
#446 = EDGE_CURVE('',#447,#449,#451,.T.);
#447 = VERTEX_POINT('',#448);
#448 = CARTESIAN_POINT('',(-9.,-24.5,-0.55));
#449 = VERTEX_POINT('',#450);
#450 = CARTESIAN_POINT('',(9.,-24.5,-0.55));
#451 = LINE('',#452,#453);
#452 = CARTESIAN_POINT('',(-9.,-24.5,-0.55));
#453 = VECTOR('',#454,1.);
#454 = DIRECTION('',(1.,0.,0.));
#455 = ORIENTED_EDGE('',*,*,#456,.F.);
#456 = EDGE_CURVE('',#457,#449,#459,.T.);
#457 = VERTEX_POINT('',#458);
#458 = CARTESIAN_POINT('',(10.,-23.5,-0.55));
#459 = LINE('',#460,#461);
#460 = CARTESIAN_POINT('',(10.,-23.5,-0.55));
#461 = VECTOR('',#462,1.);
#462 = DIRECTION('',(-0.707106781187,-0.707106781187,0.));
#463 = ORIENTED_EDGE('',*,*,#464,.T.);
#464 = EDGE_CURVE('',#457,#465,#467,.T.);
#465 = VERTEX_POINT('',#466);
#466 = CARTESIAN_POINT('',(10.,8.5,-0.55));
#467 = LINE('',#468,#469);
#468 = CARTESIAN_POINT('',(10.,-23.5,-0.55));
#469 = VECTOR('',#470,1.);
#470 = DIRECTION('',(0.,1.,0.));
#471 = ORIENTED_EDGE('',*,*,#472,.F.);
#472 = EDGE_CURVE('',#473,#465,#475,.T.);
#473 = VERTEX_POINT('',#474);
#474 = CARTESIAN_POINT('',(9.,9.5,-0.55));
#475 = LINE('',#476,#477);
#476 = CARTESIAN_POINT('',(9.,9.5,-0.55));
#477 = VECTOR('',#478,1.);
#478 = DIRECTION('',(0.707106781187,-0.707106781187,0.));
#479 = ORIENTED_EDGE('',*,*,#480,.T.);
#480 = EDGE_CURVE('',#473,#481,#483,.T.);
#481 = VERTEX_POINT('',#482);
#482 = CARTESIAN_POINT('',(-9.,9.5,-0.55));
#483 = LINE('',#484,#485);
#484 = CARTESIAN_POINT('',(9.,9.5,-0.55));
#485 = VECTOR('',#486,1.);
#486 = DIRECTION('',(-1.,0.,0.));
#487 = ORIENTED_EDGE('',*,*,#488,.F.);
#488 = EDGE_CURVE('',#489,#481,#491,.T.);
#489 = VERTEX_POINT('',#490);
#490 = CARTESIAN_POINT('',(-10.,8.5,-0.55));
#491 = LINE('',#492,#493);
#492 = CARTESIAN_POINT('',(-10.,8.5,-0.55));
#493 = VECTOR('',#494,1.);
#494 = DIRECTION('',(0.707106781187,0.707106781187,0.));
#495 = ORIENTED_EDGE('',*,*,#496,.T.);
#496 = EDGE_CURVE('',#489,#497,#499,.T.);
#497 = VERTEX_POINT('',#498);
#498 = CARTESIAN_POINT('',(-10.,-23.5,-0.55));
#499 = LINE('',#500,#501);
#500 = CARTESIAN_POINT('',(-10.,8.5,-0.55));
#501 = VECTOR('',#502,1.);
#502 = DIRECTION('',(0.,-1.,0.));
#503 = ORIENTED_EDGE('',*,*,#504,.F.);
#504 = EDGE_CURVE('',#447,#497,#505,.T.);
#505 = LINE('',#506,#507);
#506 = CARTESIAN_POINT('',(-9.,-24.5,-0.55));
#507 = VECTOR('',#508,1.);
#508 = DIRECTION('',(-0.707106781187,0.707106781187,0.));
#509 = FACE_BOUND('',#510,.T.);
#510 = EDGE_LOOP('',(#511,#512,#513,#514,#515,#516,#517,#518));
#511 = ORIENTED_EDGE('',*,*,#263,.T.);
#512 = ORIENTED_EDGE('',*,*,#431,.T.);
#513 = ORIENTED_EDGE('',*,*,#407,.T.);
#514 = ORIENTED_EDGE('',*,*,#383,.T.);
#515 = ORIENTED_EDGE('',*,*,#359,.T.);
#516 = ORIENTED_EDGE('',*,*,#335,.T.);
#517 = ORIENTED_EDGE('',*,*,#311,.T.);
#518 = ORIENTED_EDGE('',*,*,#287,.T.);
#519 = PLANE('',#520);
#520 = AXIS2_PLACEMENT_3D('',#521,#522,#523);
#521 = CARTESIAN_POINT('',(0.,0.,-0.55));
#522 = DIRECTION('',(0.,0.,1.));
#523 = DIRECTION('',(1.,0.,-0.));
#524 = ADVANCED_FACE('',(#525),#550,.T.);
#525 = FACE_BOUND('',#526,.T.);
#526 = EDGE_LOOP('',(#527,#537,#543,#544));
#527 = ORIENTED_EDGE('',*,*,#528,.T.);
#528 = EDGE_CURVE('',#529,#531,#533,.T.);
#529 = VERTEX_POINT('',#530);
#530 = CARTESIAN_POINT('',(-9.,-24.5,-14.45));
#531 = VERTEX_POINT('',#532);
#532 = CARTESIAN_POINT('',(9.,-24.5,-14.45));
#533 = LINE('',#534,#535);
#534 = CARTESIAN_POINT('',(-9.,-24.5,-14.45));
#535 = VECTOR('',#536,1.);
#536 = DIRECTION('',(1.,0.,0.));
#537 = ORIENTED_EDGE('',*,*,#538,.F.);
#538 = EDGE_CURVE('',#449,#531,#539,.T.);
#539 = LINE('',#540,#541);
#540 = CARTESIAN_POINT('',(9.,-24.5,-0.55));
#541 = VECTOR('',#542,1.);
#542 = DIRECTION('',(0.,0.,-1.));
#543 = ORIENTED_EDGE('',*,*,#446,.F.);
#544 = ORIENTED_EDGE('',*,*,#545,.T.);
#545 = EDGE_CURVE('',#447,#529,#546,.T.);
#546 = LINE('',#547,#548);
#547 = CARTESIAN_POINT('',(-9.,-24.5,-0.55));
#548 = VECTOR('',#549,1.);
#549 = DIRECTION('',(0.,0.,-1.));
#550 = PLANE('',#551);
#551 = AXIS2_PLACEMENT_3D('',#552,#553,#554);
#552 = CARTESIAN_POINT('',(-10.,-24.5,0.));
#553 = DIRECTION('',(0.,-1.,0.));
#554 = DIRECTION('',(1.,0.,0.));
#555 = ADVANCED_FACE('',(#556),#654,.T.);
#556 = FACE_BOUND('',#557,.T.);
#557 = EDGE_LOOP('',(#558,#568,#576,#584,#592,#600,#608,#616,#624,#632,
    #640,#648));
#558 = ORIENTED_EDGE('',*,*,#559,.F.);
#559 = EDGE_CURVE('',#560,#562,#564,.T.);
#560 = VERTEX_POINT('',#561);
#561 = CARTESIAN_POINT('',(-10.,-3.75,-14.45));
#562 = VERTEX_POINT('',#563);
#563 = CARTESIAN_POINT('',(-9.55,-3.75,-14.45));
#564 = LINE('',#565,#566);
#565 = CARTESIAN_POINT('',(-10.,-3.75,-14.45));
#566 = VECTOR('',#567,1.);
#567 = DIRECTION('',(1.,0.,0.));
#568 = ORIENTED_EDGE('',*,*,#569,.F.);
#569 = EDGE_CURVE('',#570,#560,#572,.T.);
#570 = VERTEX_POINT('',#571);
#571 = CARTESIAN_POINT('',(-10.,8.5,-14.45));
#572 = LINE('',#573,#574);
#573 = CARTESIAN_POINT('',(-10.,8.5,-14.45));
#574 = VECTOR('',#575,1.);
#575 = DIRECTION('',(0.,-1.,0.));
#576 = ORIENTED_EDGE('',*,*,#577,.T.);
#577 = EDGE_CURVE('',#570,#578,#580,.T.);
#578 = VERTEX_POINT('',#579);
#579 = CARTESIAN_POINT('',(-9.,9.5,-14.45));
#580 = LINE('',#581,#582);
#581 = CARTESIAN_POINT('',(-10.,8.5,-14.45));
#582 = VECTOR('',#583,1.);
#583 = DIRECTION('',(0.707106781187,0.707106781187,0.));
#584 = ORIENTED_EDGE('',*,*,#585,.F.);
#585 = EDGE_CURVE('',#586,#578,#588,.T.);
#586 = VERTEX_POINT('',#587);
#587 = CARTESIAN_POINT('',(9.,9.5,-14.45));
#588 = LINE('',#589,#590);
#589 = CARTESIAN_POINT('',(9.,9.5,-14.45));
#590 = VECTOR('',#591,1.);
#591 = DIRECTION('',(-1.,0.,0.));
#592 = ORIENTED_EDGE('',*,*,#593,.T.);
#593 = EDGE_CURVE('',#586,#594,#596,.T.);
#594 = VERTEX_POINT('',#595);
#595 = CARTESIAN_POINT('',(10.,8.5,-14.45));
#596 = LINE('',#597,#598);
#597 = CARTESIAN_POINT('',(9.,9.5,-14.45));
#598 = VECTOR('',#599,1.);
#599 = DIRECTION('',(0.707106781187,-0.707106781187,0.));
#600 = ORIENTED_EDGE('',*,*,#601,.F.);
#601 = EDGE_CURVE('',#602,#594,#604,.T.);
#602 = VERTEX_POINT('',#603);
#603 = CARTESIAN_POINT('',(10.,-3.75,-14.45));
#604 = LINE('',#605,#606);
#605 = CARTESIAN_POINT('',(10.,-3.75,-14.45));
#606 = VECTOR('',#607,1.);
#607 = DIRECTION('',(0.,1.,0.));
#608 = ORIENTED_EDGE('',*,*,#609,.F.);
#609 = EDGE_CURVE('',#610,#602,#612,.T.);
#610 = VERTEX_POINT('',#611);
#611 = CARTESIAN_POINT('',(9.55,-3.75,-14.45));
#612 = LINE('',#613,#614);
#613 = CARTESIAN_POINT('',(9.55,-3.75,-14.45));
#614 = VECTOR('',#615,1.);
#615 = DIRECTION('',(1.,0.,0.));
#616 = ORIENTED_EDGE('',*,*,#617,.T.);
#617 = EDGE_CURVE('',#610,#618,#620,.T.);
#618 = VERTEX_POINT('',#619);
#619 = CARTESIAN_POINT('',(9.55,8.313603896932,-14.45));
#620 = LINE('',#621,#622);
#621 = CARTESIAN_POINT('',(9.55,-3.75,-14.45));
#622 = VECTOR('',#623,1.);
#623 = DIRECTION('',(0.,1.,0.));
#624 = ORIENTED_EDGE('',*,*,#625,.T.);
#625 = EDGE_CURVE('',#618,#626,#628,.T.);
#626 = VERTEX_POINT('',#627);
#627 = CARTESIAN_POINT('',(8.813603896932,9.05,-14.45));
#628 = LINE('',#629,#630);
#629 = CARTESIAN_POINT('',(9.55,8.313603896932,-14.45));
#630 = VECTOR('',#631,1.);
#631 = DIRECTION('',(-0.707106781187,0.707106781187,0.));
#632 = ORIENTED_EDGE('',*,*,#633,.T.);
#633 = EDGE_CURVE('',#626,#634,#636,.T.);
#634 = VERTEX_POINT('',#635);
#635 = CARTESIAN_POINT('',(-8.813603896932,9.05,-14.45));
#636 = LINE('',#637,#638);
#637 = CARTESIAN_POINT('',(8.813603896932,9.05,-14.45));
#638 = VECTOR('',#639,1.);
#639 = DIRECTION('',(-1.,0.,0.));
#640 = ORIENTED_EDGE('',*,*,#641,.T.);
#641 = EDGE_CURVE('',#634,#642,#644,.T.);
#642 = VERTEX_POINT('',#643);
#643 = CARTESIAN_POINT('',(-9.55,8.313603896932,-14.45));
#644 = LINE('',#645,#646);
#645 = CARTESIAN_POINT('',(-8.813603896932,9.05,-14.45));
#646 = VECTOR('',#647,1.);
#647 = DIRECTION('',(-0.707106781187,-0.707106781187,0.));
#648 = ORIENTED_EDGE('',*,*,#649,.T.);
#649 = EDGE_CURVE('',#642,#562,#650,.T.);
#650 = LINE('',#651,#652);
#651 = CARTESIAN_POINT('',(-9.55,8.313603896932,-14.45));
#652 = VECTOR('',#653,1.);
#653 = DIRECTION('',(0.,-1.,0.));
#654 = PLANE('',#655);
#655 = AXIS2_PLACEMENT_3D('',#656,#657,#658);
#656 = CARTESIAN_POINT('',(0.,0.,-14.45));
#657 = DIRECTION('',(0.,0.,-1.));
#658 = DIRECTION('',(-1.,0.,0.));
#659 = ADVANCED_FACE('',(#660),#749,.T.);
#660 = FACE_BOUND('',#661,.T.);
#661 = EDGE_LOOP('',(#662,#672,#680,#688,#696,#704,#712,#720,#728,#734,
    #735,#743));
#662 = ORIENTED_EDGE('',*,*,#663,.F.);
#663 = EDGE_CURVE('',#664,#666,#668,.T.);
#664 = VERTEX_POINT('',#665);
#665 = CARTESIAN_POINT('',(-9.55,-14.25,-14.45));
#666 = VERTEX_POINT('',#667);
#667 = CARTESIAN_POINT('',(-10.,-14.25,-14.45));
#668 = LINE('',#669,#670);
#669 = CARTESIAN_POINT('',(-9.55,-14.25,-14.45));
#670 = VECTOR('',#671,1.);
#671 = DIRECTION('',(-1.,0.,0.));
#672 = ORIENTED_EDGE('',*,*,#673,.T.);
#673 = EDGE_CURVE('',#664,#674,#676,.T.);
#674 = VERTEX_POINT('',#675);
#675 = CARTESIAN_POINT('',(-9.55,-23.31360389693,-14.45));
#676 = LINE('',#677,#678);
#677 = CARTESIAN_POINT('',(-9.55,-14.25,-14.45));
#678 = VECTOR('',#679,1.);
#679 = DIRECTION('',(0.,-1.,0.));
#680 = ORIENTED_EDGE('',*,*,#681,.T.);
#681 = EDGE_CURVE('',#674,#682,#684,.T.);
#682 = VERTEX_POINT('',#683);
#683 = CARTESIAN_POINT('',(-8.813603896932,-24.05,-14.45));
#684 = LINE('',#685,#686);
#685 = CARTESIAN_POINT('',(-9.55,-23.31360389693,-14.45));
#686 = VECTOR('',#687,1.);
#687 = DIRECTION('',(0.707106781187,-0.707106781187,0.));
#688 = ORIENTED_EDGE('',*,*,#689,.T.);
#689 = EDGE_CURVE('',#682,#690,#692,.T.);
#690 = VERTEX_POINT('',#691);
#691 = CARTESIAN_POINT('',(8.813603896932,-24.05,-14.45));
#692 = LINE('',#693,#694);
#693 = CARTESIAN_POINT('',(-8.813603896932,-24.05,-14.45));
#694 = VECTOR('',#695,1.);
#695 = DIRECTION('',(1.,0.,0.));
#696 = ORIENTED_EDGE('',*,*,#697,.T.);
#697 = EDGE_CURVE('',#690,#698,#700,.T.);
#698 = VERTEX_POINT('',#699);
#699 = CARTESIAN_POINT('',(9.55,-23.31360389693,-14.45));
#700 = LINE('',#701,#702);
#701 = CARTESIAN_POINT('',(8.813603896932,-24.05,-14.45));
#702 = VECTOR('',#703,1.);
#703 = DIRECTION('',(0.707106781186,0.707106781187,0.));
#704 = ORIENTED_EDGE('',*,*,#705,.T.);
#705 = EDGE_CURVE('',#698,#706,#708,.T.);
#706 = VERTEX_POINT('',#707);
#707 = CARTESIAN_POINT('',(9.55,-14.25,-14.45));
#708 = LINE('',#709,#710);
#709 = CARTESIAN_POINT('',(9.55,-23.31360389693,-14.45));
#710 = VECTOR('',#711,1.);
#711 = DIRECTION('',(0.,1.,0.));
#712 = ORIENTED_EDGE('',*,*,#713,.F.);
#713 = EDGE_CURVE('',#714,#706,#716,.T.);
#714 = VERTEX_POINT('',#715);
#715 = CARTESIAN_POINT('',(10.,-14.25,-14.45));
#716 = LINE('',#717,#718);
#717 = CARTESIAN_POINT('',(10.,-14.25,-14.45));
#718 = VECTOR('',#719,1.);
#719 = DIRECTION('',(-1.,0.,0.));
#720 = ORIENTED_EDGE('',*,*,#721,.T.);
#721 = EDGE_CURVE('',#714,#722,#724,.T.);
#722 = VERTEX_POINT('',#723);
#723 = CARTESIAN_POINT('',(10.,-23.5,-14.45));
#724 = LINE('',#725,#726);
#725 = CARTESIAN_POINT('',(10.,-14.25,-14.45));
#726 = VECTOR('',#727,1.);
#727 = DIRECTION('',(0.,-1.,0.));
#728 = ORIENTED_EDGE('',*,*,#729,.T.);
#729 = EDGE_CURVE('',#722,#531,#730,.T.);
#730 = LINE('',#731,#732);
#731 = CARTESIAN_POINT('',(10.,-23.5,-14.45));
#732 = VECTOR('',#733,1.);
#733 = DIRECTION('',(-0.707106781187,-0.707106781187,0.));
#734 = ORIENTED_EDGE('',*,*,#528,.F.);
#735 = ORIENTED_EDGE('',*,*,#736,.T.);
#736 = EDGE_CURVE('',#529,#737,#739,.T.);
#737 = VERTEX_POINT('',#738);
#738 = CARTESIAN_POINT('',(-10.,-23.5,-14.45));
#739 = LINE('',#740,#741);
#740 = CARTESIAN_POINT('',(-9.,-24.5,-14.45));
#741 = VECTOR('',#742,1.);
#742 = DIRECTION('',(-0.707106781187,0.707106781187,0.));
#743 = ORIENTED_EDGE('',*,*,#744,.F.);
#744 = EDGE_CURVE('',#666,#737,#745,.T.);
#745 = LINE('',#746,#747);
#746 = CARTESIAN_POINT('',(-10.,-14.25,-14.45));
#747 = VECTOR('',#748,1.);
#748 = DIRECTION('',(0.,-1.,0.));
#749 = PLANE('',#750);
#750 = AXIS2_PLACEMENT_3D('',#751,#752,#753);
#751 = CARTESIAN_POINT('',(0.,0.,-14.45));
#752 = DIRECTION('',(0.,0.,-1.));
#753 = DIRECTION('',(-1.,0.,0.));
#754 = ADVANCED_FACE('',(#755),#796,.F.);
#755 = FACE_BOUND('',#756,.T.);
#756 = EDGE_LOOP('',(#757,#767,#775,#781,#782,#790));
#757 = ORIENTED_EDGE('',*,*,#758,.F.);
#758 = EDGE_CURVE('',#759,#761,#763,.T.);
#759 = VERTEX_POINT('',#760);
#760 = CARTESIAN_POINT('',(-6.3,-3.75,-10.2));
#761 = VERTEX_POINT('',#762);
#762 = CARTESIAN_POINT('',(-6.3,-3.75,-15.));
#763 = LINE('',#764,#765);
#764 = CARTESIAN_POINT('',(-6.3,-3.75,-10.2));
#765 = VECTOR('',#766,1.);
#766 = DIRECTION('',(0.,0.,-1.));
#767 = ORIENTED_EDGE('',*,*,#768,.F.);
#768 = EDGE_CURVE('',#769,#759,#771,.T.);
#769 = VERTEX_POINT('',#770);
#770 = CARTESIAN_POINT('',(-10.,-3.75,-10.2));
#771 = LINE('',#772,#773);
#772 = CARTESIAN_POINT('',(-10.,-3.75,-10.2));
#773 = VECTOR('',#774,1.);
#774 = DIRECTION('',(1.,0.,0.));
#775 = ORIENTED_EDGE('',*,*,#776,.F.);
#776 = EDGE_CURVE('',#560,#769,#777,.T.);
#777 = LINE('',#778,#779);
#778 = CARTESIAN_POINT('',(-10.,-3.75,-14.45));
#779 = VECTOR('',#780,1.);
#780 = DIRECTION('',(0.,0.,1.));
#781 = ORIENTED_EDGE('',*,*,#559,.T.);
#782 = ORIENTED_EDGE('',*,*,#783,.T.);
#783 = EDGE_CURVE('',#562,#784,#786,.T.);
#784 = VERTEX_POINT('',#785);
#785 = CARTESIAN_POINT('',(-9.55,-3.75,-15.));
#786 = LINE('',#787,#788);
#787 = CARTESIAN_POINT('',(-9.55,-3.75,-14.45));
#788 = VECTOR('',#789,1.);
#789 = DIRECTION('',(0.,0.,-1.));
#790 = ORIENTED_EDGE('',*,*,#791,.T.);
#791 = EDGE_CURVE('',#784,#761,#792,.T.);
#792 = LINE('',#793,#794);
#793 = CARTESIAN_POINT('',(-9.55,-3.75,-15.));
#794 = VECTOR('',#795,1.);
#795 = DIRECTION('',(1.,0.,0.));
#796 = PLANE('',#797);
#797 = AXIS2_PLACEMENT_3D('',#798,#799,#800);
#798 = CARTESIAN_POINT('',(-10.,-3.75,-15.));
#799 = DIRECTION('',(0.,1.,0.));
#800 = DIRECTION('',(1.,0.,0.));
#801 = ADVANCED_FACE('',(#802),#827,.T.);
#802 = FACE_BOUND('',#803,.T.);
#803 = EDGE_LOOP('',(#804,#805,#813,#821));
#804 = ORIENTED_EDGE('',*,*,#758,.T.);
#805 = ORIENTED_EDGE('',*,*,#806,.F.);
#806 = EDGE_CURVE('',#807,#761,#809,.T.);
#807 = VERTEX_POINT('',#808);
#808 = CARTESIAN_POINT('',(-6.,-4.05,-15.));
#809 = LINE('',#810,#811);
#810 = CARTESIAN_POINT('',(-6.,-4.05,-15.));
#811 = VECTOR('',#812,1.);
#812 = DIRECTION('',(-0.707106781187,0.707106781187,0.));
#813 = ORIENTED_EDGE('',*,*,#814,.F.);
#814 = EDGE_CURVE('',#815,#807,#817,.T.);
#815 = VERTEX_POINT('',#816);
#816 = CARTESIAN_POINT('',(-6.,-4.05,-10.2));
#817 = LINE('',#818,#819);
#818 = CARTESIAN_POINT('',(-6.,-4.05,-10.2));
#819 = VECTOR('',#820,1.);
#820 = DIRECTION('',(0.,0.,-1.));
#821 = ORIENTED_EDGE('',*,*,#822,.F.);
#822 = EDGE_CURVE('',#759,#815,#823,.T.);
#823 = LINE('',#824,#825);
#824 = CARTESIAN_POINT('',(-6.3,-3.75,-10.2));
#825 = VECTOR('',#826,1.);
#826 = DIRECTION('',(0.707106781187,-0.707106781187,0.));
#827 = PLANE('',#828);
#828 = AXIS2_PLACEMENT_3D('',#829,#830,#831);
#829 = CARTESIAN_POINT('',(-6.15,-3.9,-12.6));
#830 = DIRECTION('',(-0.707106781187,-0.707106781187,0.));
#831 = DIRECTION('',(-0.707106781187,0.707106781187,0.));
#832 = ADVANCED_FACE('',(#833),#883,.T.);
#833 = FACE_BOUND('',#834,.T.);
#834 = EDGE_LOOP('',(#835,#845,#853,#861,#869,#877));
#835 = ORIENTED_EDGE('',*,*,#836,.T.);
#836 = EDGE_CURVE('',#837,#839,#841,.T.);
#837 = VERTEX_POINT('',#838);
#838 = CARTESIAN_POINT('',(6.3,-14.25,-10.2));
#839 = VERTEX_POINT('',#840);
#840 = CARTESIAN_POINT('',(6.,-13.95,-10.2));
#841 = LINE('',#842,#843);
#842 = CARTESIAN_POINT('',(6.3,-14.25,-10.2));
#843 = VECTOR('',#844,1.);
#844 = DIRECTION('',(-0.707106781187,0.707106781187,0.));
#845 = ORIENTED_EDGE('',*,*,#846,.T.);
#846 = EDGE_CURVE('',#839,#847,#849,.T.);
#847 = VERTEX_POINT('',#848);
#848 = CARTESIAN_POINT('',(6.,-4.05,-10.2));
#849 = LINE('',#850,#851);
#850 = CARTESIAN_POINT('',(6.,-13.95,-10.2));
#851 = VECTOR('',#852,1.);
#852 = DIRECTION('',(0.,1.,0.));
#853 = ORIENTED_EDGE('',*,*,#854,.T.);
#854 = EDGE_CURVE('',#847,#855,#857,.T.);
#855 = VERTEX_POINT('',#856);
#856 = CARTESIAN_POINT('',(6.3,-3.75,-10.2));
#857 = LINE('',#858,#859);
#858 = CARTESIAN_POINT('',(6.,-4.05,-10.2));
#859 = VECTOR('',#860,1.);
#860 = DIRECTION('',(0.707106781187,0.707106781187,0.));
#861 = ORIENTED_EDGE('',*,*,#862,.F.);
#862 = EDGE_CURVE('',#863,#855,#865,.T.);
#863 = VERTEX_POINT('',#864);
#864 = CARTESIAN_POINT('',(10.,-3.75,-10.2));
#865 = LINE('',#866,#867);
#866 = CARTESIAN_POINT('',(10.,-3.75,-10.2));
#867 = VECTOR('',#868,1.);
#868 = DIRECTION('',(-1.,0.,0.));
#869 = ORIENTED_EDGE('',*,*,#870,.T.);
#870 = EDGE_CURVE('',#863,#871,#873,.T.);
#871 = VERTEX_POINT('',#872);
#872 = CARTESIAN_POINT('',(10.,-14.25,-10.2));
#873 = LINE('',#874,#875);
#874 = CARTESIAN_POINT('',(10.,-3.75,-10.2));
#875 = VECTOR('',#876,1.);
#876 = DIRECTION('',(0.,-1.,0.));
#877 = ORIENTED_EDGE('',*,*,#878,.F.);
#878 = EDGE_CURVE('',#837,#871,#879,.T.);
#879 = LINE('',#880,#881);
#880 = CARTESIAN_POINT('',(6.3,-14.25,-10.2));
#881 = VECTOR('',#882,1.);
#882 = DIRECTION('',(1.,0.,0.));
#883 = PLANE('',#884);
#884 = AXIS2_PLACEMENT_3D('',#885,#886,#887);
#885 = CARTESIAN_POINT('',(0.,0.,-10.2));
#886 = DIRECTION('',(0.,0.,-1.));
#887 = DIRECTION('',(-1.,0.,0.));
#888 = ADVANCED_FACE('',(#889),#923,.T.);
#889 = FACE_BOUND('',#890,.T.);
#890 = EDGE_LOOP('',(#891,#901,#909,#915,#916,#917));
#891 = ORIENTED_EDGE('',*,*,#892,.T.);
#892 = EDGE_CURVE('',#893,#895,#897,.T.);
#893 = VERTEX_POINT('',#894);
#894 = CARTESIAN_POINT('',(-6.,-13.95,-10.2));
#895 = VERTEX_POINT('',#896);
#896 = CARTESIAN_POINT('',(-6.3,-14.25,-10.2));
#897 = LINE('',#898,#899);
#898 = CARTESIAN_POINT('',(-6.,-13.95,-10.2));
#899 = VECTOR('',#900,1.);
#900 = DIRECTION('',(-0.707106781187,-0.707106781187,0.));
#901 = ORIENTED_EDGE('',*,*,#902,.T.);
#902 = EDGE_CURVE('',#895,#903,#905,.T.);
#903 = VERTEX_POINT('',#904);
#904 = CARTESIAN_POINT('',(-10.,-14.25,-10.2));
#905 = LINE('',#906,#907);
#906 = CARTESIAN_POINT('',(-6.3,-14.25,-10.2));
#907 = VECTOR('',#908,1.);
#908 = DIRECTION('',(-1.,0.,0.));
#909 = ORIENTED_EDGE('',*,*,#910,.T.);
#910 = EDGE_CURVE('',#903,#769,#911,.T.);
#911 = LINE('',#912,#913);
#912 = CARTESIAN_POINT('',(-10.,-14.25,-10.2));
#913 = VECTOR('',#914,1.);
#914 = DIRECTION('',(0.,1.,0.));
#915 = ORIENTED_EDGE('',*,*,#768,.T.);
#916 = ORIENTED_EDGE('',*,*,#822,.T.);
#917 = ORIENTED_EDGE('',*,*,#918,.F.);
#918 = EDGE_CURVE('',#893,#815,#919,.T.);
#919 = LINE('',#920,#921);
#920 = CARTESIAN_POINT('',(-6.,-13.95,-10.2));
#921 = VECTOR('',#922,1.);
#922 = DIRECTION('',(0.,1.,0.));
#923 = PLANE('',#924);
#924 = AXIS2_PLACEMENT_3D('',#925,#926,#927);
#925 = CARTESIAN_POINT('',(0.,0.,-10.2));
#926 = DIRECTION('',(0.,0.,-1.));
#927 = DIRECTION('',(-1.,0.,0.));
#928 = ADVANCED_FACE('',(#929),#954,.T.);
#929 = FACE_BOUND('',#930,.T.);
#930 = EDGE_LOOP('',(#931,#932,#940,#948));
#931 = ORIENTED_EDGE('',*,*,#836,.F.);
#932 = ORIENTED_EDGE('',*,*,#933,.F.);
#933 = EDGE_CURVE('',#934,#837,#936,.T.);
#934 = VERTEX_POINT('',#935);
#935 = CARTESIAN_POINT('',(6.3,-14.25,-15.));
#936 = LINE('',#937,#938);
#937 = CARTESIAN_POINT('',(6.3,-14.25,-15.));
#938 = VECTOR('',#939,1.);
#939 = DIRECTION('',(0.,0.,1.));
#940 = ORIENTED_EDGE('',*,*,#941,.F.);
#941 = EDGE_CURVE('',#942,#934,#944,.T.);
#942 = VERTEX_POINT('',#943);
#943 = CARTESIAN_POINT('',(6.,-13.95,-15.));
#944 = LINE('',#945,#946);
#945 = CARTESIAN_POINT('',(6.,-13.95,-15.));
#946 = VECTOR('',#947,1.);
#947 = DIRECTION('',(0.707106781187,-0.707106781187,0.));
#948 = ORIENTED_EDGE('',*,*,#949,.T.);
#949 = EDGE_CURVE('',#942,#839,#950,.T.);
#950 = LINE('',#951,#952);
#951 = CARTESIAN_POINT('',(6.,-13.95,-15.));
#952 = VECTOR('',#953,1.);
#953 = DIRECTION('',(0.,0.,1.));
#954 = PLANE('',#955);
#955 = AXIS2_PLACEMENT_3D('',#956,#957,#958);
#956 = CARTESIAN_POINT('',(6.15,-14.1,-12.6));
#957 = DIRECTION('',(0.707106781187,0.707106781187,0.));
#958 = DIRECTION('',(-0.707106781187,0.707106781187,0.));
#959 = ADVANCED_FACE('',(#960),#978,.F.);
#960 = FACE_BOUND('',#961,.T.);
#961 = EDGE_LOOP('',(#962,#963,#971,#977));
#962 = ORIENTED_EDGE('',*,*,#949,.F.);
#963 = ORIENTED_EDGE('',*,*,#964,.T.);
#964 = EDGE_CURVE('',#942,#965,#967,.T.);
#965 = VERTEX_POINT('',#966);
#966 = CARTESIAN_POINT('',(6.,-4.05,-15.));
#967 = LINE('',#968,#969);
#968 = CARTESIAN_POINT('',(6.,-13.95,-15.));
#969 = VECTOR('',#970,1.);
#970 = DIRECTION('',(0.,1.,0.));
#971 = ORIENTED_EDGE('',*,*,#972,.T.);
#972 = EDGE_CURVE('',#965,#847,#973,.T.);
#973 = LINE('',#974,#975);
#974 = CARTESIAN_POINT('',(6.,-4.05,-15.));
#975 = VECTOR('',#976,1.);
#976 = DIRECTION('',(0.,0.,1.));
#977 = ORIENTED_EDGE('',*,*,#846,.F.);
#978 = PLANE('',#979);
#979 = AXIS2_PLACEMENT_3D('',#980,#981,#982);
#980 = CARTESIAN_POINT('',(6.,-14.25,-15.));
#981 = DIRECTION('',(-1.,0.,0.));
#982 = DIRECTION('',(0.,1.,0.));
#983 = ADVANCED_FACE('',(#984),#1002,.T.);
#984 = FACE_BOUND('',#985,.T.);
#985 = EDGE_LOOP('',(#986,#987,#988,#996));
#986 = ORIENTED_EDGE('',*,*,#854,.F.);
#987 = ORIENTED_EDGE('',*,*,#972,.F.);
#988 = ORIENTED_EDGE('',*,*,#989,.F.);
#989 = EDGE_CURVE('',#990,#965,#992,.T.);
#990 = VERTEX_POINT('',#991);
#991 = CARTESIAN_POINT('',(6.3,-3.75,-15.));
#992 = LINE('',#993,#994);
#993 = CARTESIAN_POINT('',(6.3,-3.75,-15.));
#994 = VECTOR('',#995,1.);
#995 = DIRECTION('',(-0.707106781187,-0.707106781187,0.));
#996 = ORIENTED_EDGE('',*,*,#997,.T.);
#997 = EDGE_CURVE('',#990,#855,#998,.T.);
#998 = LINE('',#999,#1000);
#999 = CARTESIAN_POINT('',(6.3,-3.75,-15.));
#1000 = VECTOR('',#1001,1.);
#1001 = DIRECTION('',(0.,0.,1.));
#1002 = PLANE('',#1003);
#1003 = AXIS2_PLACEMENT_3D('',#1004,#1005,#1006);
#1004 = CARTESIAN_POINT('',(6.15,-3.9,-12.6));
#1005 = DIRECTION('',(0.707106781187,-0.707106781187,0.));
#1006 = DIRECTION('',(0.707106781187,0.707106781187,0.));
#1007 = ADVANCED_FACE('',(#1008),#1033,.F.);
#1008 = FACE_BOUND('',#1009,.T.);
#1009 = EDGE_LOOP('',(#1010,#1011,#1019,#1025,#1026,#1032));
#1010 = ORIENTED_EDGE('',*,*,#997,.F.);
#1011 = ORIENTED_EDGE('',*,*,#1012,.F.);
#1012 = EDGE_CURVE('',#1013,#990,#1015,.T.);
#1013 = VERTEX_POINT('',#1014);
#1014 = CARTESIAN_POINT('',(9.55,-3.75,-15.));
#1015 = LINE('',#1016,#1017);
#1016 = CARTESIAN_POINT('',(9.55,-3.75,-15.));
#1017 = VECTOR('',#1018,1.);
#1018 = DIRECTION('',(-1.,0.,0.));
#1019 = ORIENTED_EDGE('',*,*,#1020,.F.);
#1020 = EDGE_CURVE('',#610,#1013,#1021,.T.);
#1021 = LINE('',#1022,#1023);
#1022 = CARTESIAN_POINT('',(9.55,-3.75,-14.45));
#1023 = VECTOR('',#1024,1.);
#1024 = DIRECTION('',(0.,0.,-1.));
#1025 = ORIENTED_EDGE('',*,*,#609,.T.);
#1026 = ORIENTED_EDGE('',*,*,#1027,.T.);
#1027 = EDGE_CURVE('',#602,#863,#1028,.T.);
#1028 = LINE('',#1029,#1030);
#1029 = CARTESIAN_POINT('',(10.,-3.75,-14.45));
#1030 = VECTOR('',#1031,1.);
#1031 = DIRECTION('',(0.,0.,1.));
#1032 = ORIENTED_EDGE('',*,*,#862,.T.);
#1033 = PLANE('',#1034);
#1034 = AXIS2_PLACEMENT_3D('',#1035,#1036,#1037);
#1035 = CARTESIAN_POINT('',(6.,-3.75,-15.));
#1036 = DIRECTION('',(0.,1.,0.));
#1037 = DIRECTION('',(1.,0.,0.));
#1038 = ADVANCED_FACE('',(#1039),#1064,.T.);
#1039 = FACE_BOUND('',#1040,.T.);
#1040 = EDGE_LOOP('',(#1041,#1042,#1043,#1049,#1050,#1056,#1057,#1063));
#1041 = ORIENTED_EDGE('',*,*,#1027,.F.);
#1042 = ORIENTED_EDGE('',*,*,#601,.T.);
#1043 = ORIENTED_EDGE('',*,*,#1044,.F.);
#1044 = EDGE_CURVE('',#465,#594,#1045,.T.);
#1045 = LINE('',#1046,#1047);
#1046 = CARTESIAN_POINT('',(10.,8.5,-0.55));
#1047 = VECTOR('',#1048,1.);
#1048 = DIRECTION('',(0.,0.,-1.));
#1049 = ORIENTED_EDGE('',*,*,#464,.F.);
#1050 = ORIENTED_EDGE('',*,*,#1051,.T.);
#1051 = EDGE_CURVE('',#457,#722,#1052,.T.);
#1052 = LINE('',#1053,#1054);
#1053 = CARTESIAN_POINT('',(10.,-23.5,-0.55));
#1054 = VECTOR('',#1055,1.);
#1055 = DIRECTION('',(0.,0.,-1.));
#1056 = ORIENTED_EDGE('',*,*,#721,.F.);
#1057 = ORIENTED_EDGE('',*,*,#1058,.T.);
#1058 = EDGE_CURVE('',#714,#871,#1059,.T.);
#1059 = LINE('',#1060,#1061);
#1060 = CARTESIAN_POINT('',(10.,-14.25,-14.45));
#1061 = VECTOR('',#1062,1.);
#1062 = DIRECTION('',(0.,0.,1.));
#1063 = ORIENTED_EDGE('',*,*,#870,.F.);
#1064 = PLANE('',#1065);
#1065 = AXIS2_PLACEMENT_3D('',#1066,#1067,#1068);
#1066 = CARTESIAN_POINT('',(10.,-24.5,0.));
#1067 = DIRECTION('',(1.,0.,0.));
#1068 = DIRECTION('',(-0.,1.,0.));
#1069 = ADVANCED_FACE('',(#1070),#1090,.F.);
#1070 = FACE_BOUND('',#1071,.T.);
#1071 = EDGE_LOOP('',(#1072,#1073,#1074,#1075,#1076,#1084));
#1072 = ORIENTED_EDGE('',*,*,#933,.T.);
#1073 = ORIENTED_EDGE('',*,*,#878,.T.);
#1074 = ORIENTED_EDGE('',*,*,#1058,.F.);
#1075 = ORIENTED_EDGE('',*,*,#713,.T.);
#1076 = ORIENTED_EDGE('',*,*,#1077,.T.);
#1077 = EDGE_CURVE('',#706,#1078,#1080,.T.);
#1078 = VERTEX_POINT('',#1079);
#1079 = CARTESIAN_POINT('',(9.55,-14.25,-15.));
#1080 = LINE('',#1081,#1082);
#1081 = CARTESIAN_POINT('',(9.55,-14.25,-14.45));
#1082 = VECTOR('',#1083,1.);
#1083 = DIRECTION('',(0.,0.,-1.));
#1084 = ORIENTED_EDGE('',*,*,#1085,.T.);
#1085 = EDGE_CURVE('',#1078,#934,#1086,.T.);
#1086 = LINE('',#1087,#1088);
#1087 = CARTESIAN_POINT('',(9.55,-14.25,-15.));
#1088 = VECTOR('',#1089,1.);
#1089 = DIRECTION('',(-1.,0.,0.));
#1090 = PLANE('',#1091);
#1091 = AXIS2_PLACEMENT_3D('',#1092,#1093,#1094);
#1092 = CARTESIAN_POINT('',(10.,-14.25,-15.));
#1093 = DIRECTION('',(0.,-1.,0.));
#1094 = DIRECTION('',(-1.,0.,0.));
#1095 = ADVANCED_FACE('',(#1096,#1205,#1216,#1227,#1238,#1249,#1260,
    #1271,#1282,#1293),#1304,.F.);
#1096 = FACE_BOUND('',#1097,.T.);
#1097 = EDGE_LOOP('',(#1098,#1099,#1107,#1115,#1123,#1131,#1137,#1138,
    #1139,#1140,#1141,#1142,#1150,#1158,#1166,#1174,#1182,#1190,#1198,
    #1204));
#1098 = ORIENTED_EDGE('',*,*,#791,.F.);
#1099 = ORIENTED_EDGE('',*,*,#1100,.F.);
#1100 = EDGE_CURVE('',#1101,#784,#1103,.T.);
#1101 = VERTEX_POINT('',#1102);
#1102 = CARTESIAN_POINT('',(-9.55,8.313603896932,-15.));
#1103 = LINE('',#1104,#1105);
#1104 = CARTESIAN_POINT('',(-9.55,8.313603896932,-15.));
#1105 = VECTOR('',#1106,1.);
#1106 = DIRECTION('',(0.,-1.,0.));
#1107 = ORIENTED_EDGE('',*,*,#1108,.F.);
#1108 = EDGE_CURVE('',#1109,#1101,#1111,.T.);
#1109 = VERTEX_POINT('',#1110);
#1110 = CARTESIAN_POINT('',(-8.813603896932,9.05,-15.));
#1111 = LINE('',#1112,#1113);
#1112 = CARTESIAN_POINT('',(-8.813603896932,9.05,-15.));
#1113 = VECTOR('',#1114,1.);
#1114 = DIRECTION('',(-0.707106781187,-0.707106781187,0.));
#1115 = ORIENTED_EDGE('',*,*,#1116,.F.);
#1116 = EDGE_CURVE('',#1117,#1109,#1119,.T.);
#1117 = VERTEX_POINT('',#1118);
#1118 = CARTESIAN_POINT('',(8.813603896932,9.05,-15.));
#1119 = LINE('',#1120,#1121);
#1120 = CARTESIAN_POINT('',(8.813603896932,9.05,-15.));
#1121 = VECTOR('',#1122,1.);
#1122 = DIRECTION('',(-1.,0.,0.));
#1123 = ORIENTED_EDGE('',*,*,#1124,.F.);
#1124 = EDGE_CURVE('',#1125,#1117,#1127,.T.);
#1125 = VERTEX_POINT('',#1126);
#1126 = CARTESIAN_POINT('',(9.55,8.313603896932,-15.));
#1127 = LINE('',#1128,#1129);
#1128 = CARTESIAN_POINT('',(9.55,8.313603896932,-15.));
#1129 = VECTOR('',#1130,1.);
#1130 = DIRECTION('',(-0.707106781187,0.707106781187,0.));
#1131 = ORIENTED_EDGE('',*,*,#1132,.F.);
#1132 = EDGE_CURVE('',#1013,#1125,#1133,.T.);
#1133 = LINE('',#1134,#1135);
#1134 = CARTESIAN_POINT('',(9.55,-3.75,-15.));
#1135 = VECTOR('',#1136,1.);
#1136 = DIRECTION('',(0.,1.,0.));
#1137 = ORIENTED_EDGE('',*,*,#1012,.T.);
#1138 = ORIENTED_EDGE('',*,*,#989,.T.);
#1139 = ORIENTED_EDGE('',*,*,#964,.F.);
#1140 = ORIENTED_EDGE('',*,*,#941,.T.);
#1141 = ORIENTED_EDGE('',*,*,#1085,.F.);
#1142 = ORIENTED_EDGE('',*,*,#1143,.F.);
#1143 = EDGE_CURVE('',#1144,#1078,#1146,.T.);
#1144 = VERTEX_POINT('',#1145);
#1145 = CARTESIAN_POINT('',(9.55,-23.31360389693,-15.));
#1146 = LINE('',#1147,#1148);
#1147 = CARTESIAN_POINT('',(9.55,-23.31360389693,-15.));
#1148 = VECTOR('',#1149,1.);
#1149 = DIRECTION('',(0.,1.,0.));
#1150 = ORIENTED_EDGE('',*,*,#1151,.F.);
#1151 = EDGE_CURVE('',#1152,#1144,#1154,.T.);
#1152 = VERTEX_POINT('',#1153);
#1153 = CARTESIAN_POINT('',(8.813603896932,-24.05,-15.));
#1154 = LINE('',#1155,#1156);
#1155 = CARTESIAN_POINT('',(8.813603896932,-24.05,-15.));
#1156 = VECTOR('',#1157,1.);
#1157 = DIRECTION('',(0.707106781186,0.707106781187,0.));
#1158 = ORIENTED_EDGE('',*,*,#1159,.F.);
#1159 = EDGE_CURVE('',#1160,#1152,#1162,.T.);
#1160 = VERTEX_POINT('',#1161);
#1161 = CARTESIAN_POINT('',(-8.813603896932,-24.05,-15.));
#1162 = LINE('',#1163,#1164);
#1163 = CARTESIAN_POINT('',(-8.813603896932,-24.05,-15.));
#1164 = VECTOR('',#1165,1.);
#1165 = DIRECTION('',(1.,0.,0.));
#1166 = ORIENTED_EDGE('',*,*,#1167,.F.);
#1167 = EDGE_CURVE('',#1168,#1160,#1170,.T.);
#1168 = VERTEX_POINT('',#1169);
#1169 = CARTESIAN_POINT('',(-9.55,-23.31360389693,-15.));
#1170 = LINE('',#1171,#1172);
#1171 = CARTESIAN_POINT('',(-9.55,-23.31360389693,-15.));
#1172 = VECTOR('',#1173,1.);
#1173 = DIRECTION('',(0.707106781187,-0.707106781187,0.));
#1174 = ORIENTED_EDGE('',*,*,#1175,.F.);
#1175 = EDGE_CURVE('',#1176,#1168,#1178,.T.);
#1176 = VERTEX_POINT('',#1177);
#1177 = CARTESIAN_POINT('',(-9.55,-14.25,-15.));
#1178 = LINE('',#1179,#1180);
#1179 = CARTESIAN_POINT('',(-9.55,-14.25,-15.));
#1180 = VECTOR('',#1181,1.);
#1181 = DIRECTION('',(0.,-1.,0.));
#1182 = ORIENTED_EDGE('',*,*,#1183,.T.);
#1183 = EDGE_CURVE('',#1176,#1184,#1186,.T.);
#1184 = VERTEX_POINT('',#1185);
#1185 = CARTESIAN_POINT('',(-6.3,-14.25,-15.));
#1186 = LINE('',#1187,#1188);
#1187 = CARTESIAN_POINT('',(-9.55,-14.25,-15.));
#1188 = VECTOR('',#1189,1.);
#1189 = DIRECTION('',(1.,0.,0.));
#1190 = ORIENTED_EDGE('',*,*,#1191,.T.);
#1191 = EDGE_CURVE('',#1184,#1192,#1194,.T.);
#1192 = VERTEX_POINT('',#1193);
#1193 = CARTESIAN_POINT('',(-6.,-13.95,-15.));
#1194 = LINE('',#1195,#1196);
#1195 = CARTESIAN_POINT('',(-6.3,-14.25,-15.));
#1196 = VECTOR('',#1197,1.);
#1197 = DIRECTION('',(0.707106781186,0.707106781187,0.));
#1198 = ORIENTED_EDGE('',*,*,#1199,.T.);
#1199 = EDGE_CURVE('',#1192,#807,#1200,.T.);
#1200 = LINE('',#1201,#1202);
#1201 = CARTESIAN_POINT('',(-6.,-13.95,-15.));
#1202 = VECTOR('',#1203,1.);
#1203 = DIRECTION('',(0.,1.,0.));
#1204 = ORIENTED_EDGE('',*,*,#806,.T.);
#1205 = FACE_BOUND('',#1206,.T.);
#1206 = EDGE_LOOP('',(#1207));
#1207 = ORIENTED_EDGE('',*,*,#1208,.T.);
#1208 = EDGE_CURVE('',#1209,#1209,#1211,.T.);
#1209 = VERTEX_POINT('',#1210);
#1210 = CARTESIAN_POINT('',(7.2,7.5,-15.));
#1211 = CIRCLE('',#1212,0.8);
#1212 = AXIS2_PLACEMENT_3D('',#1213,#1214,#1215);
#1213 = CARTESIAN_POINT('',(8.,7.5,-15.));
#1214 = DIRECTION('',(0.,0.,1.));
#1215 = DIRECTION('',(1.,0.,-0.));
#1216 = FACE_BOUND('',#1217,.T.);
#1217 = EDGE_LOOP('',(#1218));
#1218 = ORIENTED_EDGE('',*,*,#1219,.T.);
#1219 = EDGE_CURVE('',#1220,#1220,#1222,.T.);
#1220 = VERTEX_POINT('',#1221);
#1221 = CARTESIAN_POINT('',(-8.8,7.5,-15.));
#1222 = CIRCLE('',#1223,0.8);
#1223 = AXIS2_PLACEMENT_3D('',#1224,#1225,#1226);
#1224 = CARTESIAN_POINT('',(-8.,7.5,-15.));
#1225 = DIRECTION('',(0.,0.,1.));
#1226 = DIRECTION('',(1.,0.,-0.));
#1227 = FACE_BOUND('',#1228,.T.);
#1228 = EDGE_LOOP('',(#1229));
#1229 = ORIENTED_EDGE('',*,*,#1230,.T.);
#1230 = EDGE_CURVE('',#1231,#1231,#1233,.T.);
#1231 = VERTEX_POINT('',#1232);
#1232 = CARTESIAN_POINT('',(4.1,-22.9,-15.));
#1233 = CIRCLE('',#1234,0.8);
#1234 = AXIS2_PLACEMENT_3D('',#1235,#1236,#1237);
#1235 = CARTESIAN_POINT('',(4.9,-22.9,-15.));
#1236 = DIRECTION('',(0.,0.,1.));
#1237 = DIRECTION('',(1.,0.,-0.));
#1238 = FACE_BOUND('',#1239,.T.);
#1239 = EDGE_LOOP('',(#1240));
#1240 = ORIENTED_EDGE('',*,*,#1241,.T.);
#1241 = EDGE_CURVE('',#1242,#1242,#1244,.T.);
#1242 = VERTEX_POINT('',#1243);
#1243 = CARTESIAN_POINT('',(-9.2,-19.4,-15.));
#1244 = CIRCLE('',#1245,0.8);
#1245 = AXIS2_PLACEMENT_3D('',#1246,#1247,#1248);
#1246 = CARTESIAN_POINT('',(-8.4,-19.4,-15.));
#1247 = DIRECTION('',(0.,0.,1.));
#1248 = DIRECTION('',(1.,0.,-0.));
#1249 = FACE_BOUND('',#1250,.T.);
#1250 = EDGE_LOOP('',(#1251));
#1251 = ORIENTED_EDGE('',*,*,#1252,.T.);
#1252 = EDGE_CURVE('',#1253,#1253,#1255,.T.);
#1253 = VERTEX_POINT('',#1254);
#1254 = CARTESIAN_POINT('',(7.6,4.5,-15.));
#1255 = CIRCLE('',#1256,0.8);
#1256 = AXIS2_PLACEMENT_3D('',#1257,#1258,#1259);
#1257 = CARTESIAN_POINT('',(8.4,4.5,-15.));
#1258 = DIRECTION('',(0.,0.,1.));
#1259 = DIRECTION('',(1.,0.,-0.));
#1260 = FACE_BOUND('',#1261,.T.);
#1261 = EDGE_LOOP('',(#1262));
#1262 = ORIENTED_EDGE('',*,*,#1263,.T.);
#1263 = EDGE_CURVE('',#1264,#1264,#1266,.T.);
#1264 = VERTEX_POINT('',#1265);
#1265 = CARTESIAN_POINT('',(-9.2,4.5,-15.));
#1266 = CIRCLE('',#1267,0.8);
#1267 = AXIS2_PLACEMENT_3D('',#1268,#1269,#1270);
#1268 = CARTESIAN_POINT('',(-8.4,4.5,-15.));
#1269 = DIRECTION('',(0.,0.,1.));
#1270 = DIRECTION('',(1.,0.,-0.));
#1271 = FACE_BOUND('',#1272,.T.);
#1272 = EDGE_LOOP('',(#1273));
#1273 = ORIENTED_EDGE('',*,*,#1274,.T.);
#1274 = EDGE_CURVE('',#1275,#1275,#1277,.T.);
#1275 = VERTEX_POINT('',#1276);
#1276 = CARTESIAN_POINT('',(-8.8,-22.5,-15.));
#1277 = CIRCLE('',#1278,0.8);
#1278 = AXIS2_PLACEMENT_3D('',#1279,#1280,#1281);
#1279 = CARTESIAN_POINT('',(-8.,-22.5,-15.));
#1280 = DIRECTION('',(0.,0.,1.));
#1281 = DIRECTION('',(1.,0.,-0.));
#1282 = FACE_BOUND('',#1283,.T.);
#1283 = EDGE_LOOP('',(#1284));
#1284 = ORIENTED_EDGE('',*,*,#1285,.T.);
#1285 = EDGE_CURVE('',#1286,#1286,#1288,.T.);
#1286 = VERTEX_POINT('',#1287);
#1287 = CARTESIAN_POINT('',(7.2,-22.5,-15.));
#1288 = CIRCLE('',#1289,0.8);
#1289 = AXIS2_PLACEMENT_3D('',#1290,#1291,#1292);
#1290 = CARTESIAN_POINT('',(8.,-22.5,-15.));
#1291 = DIRECTION('',(0.,0.,1.));
#1292 = DIRECTION('',(1.,0.,-0.));
#1293 = FACE_BOUND('',#1294,.T.);
#1294 = EDGE_LOOP('',(#1295));
#1295 = ORIENTED_EDGE('',*,*,#1296,.F.);
#1296 = EDGE_CURVE('',#1297,#1297,#1299,.T.);
#1297 = VERTEX_POINT('',#1298);
#1298 = CARTESIAN_POINT('',(1.1,-0.,-15.));
#1299 = CIRCLE('',#1300,1.1);
#1300 = AXIS2_PLACEMENT_3D('',#1301,#1302,#1303);
#1301 = CARTESIAN_POINT('',(0.,0.,-15.));
#1302 = DIRECTION('',(0.,0.,-1.));
#1303 = DIRECTION('',(-1.,0.,0.));
#1304 = PLANE('',#1305);
#1305 = AXIS2_PLACEMENT_3D('',#1306,#1307,#1308);
#1306 = CARTESIAN_POINT('',(0.,0.,-15.));
#1307 = DIRECTION('',(0.,0.,1.));
#1308 = DIRECTION('',(1.,0.,-0.));
#1309 = ADVANCED_FACE('',(#1310),#1321,.T.);
#1310 = FACE_BOUND('',#1311,.T.);
#1311 = EDGE_LOOP('',(#1312,#1318,#1319,#1320));
#1312 = ORIENTED_EDGE('',*,*,#1313,.F.);
#1313 = EDGE_CURVE('',#893,#1192,#1314,.T.);
#1314 = LINE('',#1315,#1316);
#1315 = CARTESIAN_POINT('',(-6.,-13.95,-10.2));
#1316 = VECTOR('',#1317,1.);
#1317 = DIRECTION('',(0.,0.,-1.));
#1318 = ORIENTED_EDGE('',*,*,#918,.T.);
#1319 = ORIENTED_EDGE('',*,*,#814,.T.);
#1320 = ORIENTED_EDGE('',*,*,#1199,.F.);
#1321 = PLANE('',#1322);
#1322 = AXIS2_PLACEMENT_3D('',#1323,#1324,#1325);
#1323 = CARTESIAN_POINT('',(-6.,-14.25,-15.));
#1324 = DIRECTION('',(-1.,0.,0.));
#1325 = DIRECTION('',(0.,1.,0.));
#1326 = ADVANCED_FACE('',(#1327),#1338,.T.);
#1327 = FACE_BOUND('',#1328,.T.);
#1328 = EDGE_LOOP('',(#1329,#1330,#1331,#1337));
#1329 = ORIENTED_EDGE('',*,*,#1313,.T.);
#1330 = ORIENTED_EDGE('',*,*,#1191,.F.);
#1331 = ORIENTED_EDGE('',*,*,#1332,.F.);
#1332 = EDGE_CURVE('',#895,#1184,#1333,.T.);
#1333 = LINE('',#1334,#1335);
#1334 = CARTESIAN_POINT('',(-6.3,-14.25,-10.2));
#1335 = VECTOR('',#1336,1.);
#1336 = DIRECTION('',(0.,0.,-1.));
#1337 = ORIENTED_EDGE('',*,*,#892,.F.);
#1338 = PLANE('',#1339);
#1339 = AXIS2_PLACEMENT_3D('',#1340,#1341,#1342);
#1340 = CARTESIAN_POINT('',(-6.15,-14.1,-12.6));
#1341 = DIRECTION('',(-0.707106781187,0.707106781187,0.));
#1342 = DIRECTION('',(0.707106781187,0.707106781187,0.));
#1343 = ADVANCED_FACE('',(#1344),#1362,.F.);
#1344 = FACE_BOUND('',#1345,.T.);
#1345 = EDGE_LOOP('',(#1346,#1347,#1348,#1354,#1355,#1361));
#1346 = ORIENTED_EDGE('',*,*,#1332,.T.);
#1347 = ORIENTED_EDGE('',*,*,#1183,.F.);
#1348 = ORIENTED_EDGE('',*,*,#1349,.F.);
#1349 = EDGE_CURVE('',#664,#1176,#1350,.T.);
#1350 = LINE('',#1351,#1352);
#1351 = CARTESIAN_POINT('',(-9.55,-14.25,-14.45));
#1352 = VECTOR('',#1353,1.);
#1353 = DIRECTION('',(0.,0.,-1.));
#1354 = ORIENTED_EDGE('',*,*,#663,.T.);
#1355 = ORIENTED_EDGE('',*,*,#1356,.T.);
#1356 = EDGE_CURVE('',#666,#903,#1357,.T.);
#1357 = LINE('',#1358,#1359);
#1358 = CARTESIAN_POINT('',(-10.,-14.25,-14.45));
#1359 = VECTOR('',#1360,1.);
#1360 = DIRECTION('',(0.,0.,1.));
#1361 = ORIENTED_EDGE('',*,*,#902,.F.);
#1362 = PLANE('',#1363);
#1363 = AXIS2_PLACEMENT_3D('',#1364,#1365,#1366);
#1364 = CARTESIAN_POINT('',(-6.,-14.25,-15.));
#1365 = DIRECTION('',(0.,-1.,0.));
#1366 = DIRECTION('',(-1.,0.,0.));
#1367 = ADVANCED_FACE('',(#1368),#1388,.T.);
#1368 = FACE_BOUND('',#1369,.T.);
#1369 = EDGE_LOOP('',(#1370,#1371,#1372,#1378,#1379,#1385,#1386,#1387));
#1370 = ORIENTED_EDGE('',*,*,#1356,.F.);
#1371 = ORIENTED_EDGE('',*,*,#744,.T.);
#1372 = ORIENTED_EDGE('',*,*,#1373,.F.);
#1373 = EDGE_CURVE('',#497,#737,#1374,.T.);
#1374 = LINE('',#1375,#1376);
#1375 = CARTESIAN_POINT('',(-10.,-23.5,-0.55));
#1376 = VECTOR('',#1377,1.);
#1377 = DIRECTION('',(0.,0.,-1.));
#1378 = ORIENTED_EDGE('',*,*,#496,.F.);
#1379 = ORIENTED_EDGE('',*,*,#1380,.T.);
#1380 = EDGE_CURVE('',#489,#570,#1381,.T.);
#1381 = LINE('',#1382,#1383);
#1382 = CARTESIAN_POINT('',(-10.,8.5,-0.55));
#1383 = VECTOR('',#1384,1.);
#1384 = DIRECTION('',(0.,0.,-1.));
#1385 = ORIENTED_EDGE('',*,*,#569,.T.);
#1386 = ORIENTED_EDGE('',*,*,#776,.T.);
#1387 = ORIENTED_EDGE('',*,*,#910,.F.);
#1388 = PLANE('',#1389);
#1389 = AXIS2_PLACEMENT_3D('',#1390,#1391,#1392);
#1390 = CARTESIAN_POINT('',(-10.,9.5,0.));
#1391 = DIRECTION('',(-1.,0.,0.));
#1392 = DIRECTION('',(0.,-1.,0.));
#1393 = ADVANCED_FACE('',(#1394),#1405,.T.);
#1394 = FACE_BOUND('',#1395,.T.);
#1395 = EDGE_LOOP('',(#1396,#1397,#1398,#1399));
#1396 = ORIENTED_EDGE('',*,*,#577,.F.);
#1397 = ORIENTED_EDGE('',*,*,#1380,.F.);
#1398 = ORIENTED_EDGE('',*,*,#488,.T.);
#1399 = ORIENTED_EDGE('',*,*,#1400,.T.);
#1400 = EDGE_CURVE('',#481,#578,#1401,.T.);
#1401 = LINE('',#1402,#1403);
#1402 = CARTESIAN_POINT('',(-9.,9.5,-0.55));
#1403 = VECTOR('',#1404,1.);
#1404 = DIRECTION('',(0.,0.,-1.));
#1405 = PLANE('',#1406);
#1406 = AXIS2_PLACEMENT_3D('',#1407,#1408,#1409);
#1407 = CARTESIAN_POINT('',(-9.5,9.,-7.5));
#1408 = DIRECTION('',(-0.707106781187,0.707106781187,0.));
#1409 = DIRECTION('',(0.707106781187,0.707106781187,0.));
#1410 = ADVANCED_FACE('',(#1411),#1422,.T.);
#1411 = FACE_BOUND('',#1412,.T.);
#1412 = EDGE_LOOP('',(#1413,#1414,#1415,#1416));
#1413 = ORIENTED_EDGE('',*,*,#585,.T.);
#1414 = ORIENTED_EDGE('',*,*,#1400,.F.);
#1415 = ORIENTED_EDGE('',*,*,#480,.F.);
#1416 = ORIENTED_EDGE('',*,*,#1417,.T.);
#1417 = EDGE_CURVE('',#473,#586,#1418,.T.);
#1418 = LINE('',#1419,#1420);
#1419 = CARTESIAN_POINT('',(9.,9.5,-0.55));
#1420 = VECTOR('',#1421,1.);
#1421 = DIRECTION('',(0.,0.,-1.));
#1422 = PLANE('',#1423);
#1423 = AXIS2_PLACEMENT_3D('',#1424,#1425,#1426);
#1424 = CARTESIAN_POINT('',(10.,9.5,0.));
#1425 = DIRECTION('',(0.,1.,0.));
#1426 = DIRECTION('',(-1.,0.,0.));
#1427 = ADVANCED_FACE('',(#1428),#1434,.T.);
#1428 = FACE_BOUND('',#1429,.T.);
#1429 = EDGE_LOOP('',(#1430,#1431,#1432,#1433));
#1430 = ORIENTED_EDGE('',*,*,#593,.F.);
#1431 = ORIENTED_EDGE('',*,*,#1417,.F.);
#1432 = ORIENTED_EDGE('',*,*,#472,.T.);
#1433 = ORIENTED_EDGE('',*,*,#1044,.T.);
#1434 = PLANE('',#1435);
#1435 = AXIS2_PLACEMENT_3D('',#1436,#1437,#1438);
#1436 = CARTESIAN_POINT('',(9.5,9.,-7.5));
#1437 = DIRECTION('',(0.707106781187,0.707106781187,0.));
#1438 = DIRECTION('',(0.707106781187,-0.707106781187,0.));
#1439 = ADVANCED_FACE('',(#1440),#1446,.T.);
#1440 = FACE_BOUND('',#1441,.T.);
#1441 = EDGE_LOOP('',(#1442,#1443,#1444,#1445));
#1442 = ORIENTED_EDGE('',*,*,#736,.F.);
#1443 = ORIENTED_EDGE('',*,*,#545,.F.);
#1444 = ORIENTED_EDGE('',*,*,#504,.T.);
#1445 = ORIENTED_EDGE('',*,*,#1373,.T.);
#1446 = PLANE('',#1447);
#1447 = AXIS2_PLACEMENT_3D('',#1448,#1449,#1450);
#1448 = CARTESIAN_POINT('',(-9.5,-24.,-7.5));
#1449 = DIRECTION('',(-0.707106781187,-0.707106781187,0.));
#1450 = DIRECTION('',(-0.707106781187,0.707106781187,0.));
#1451 = ADVANCED_FACE('',(#1452),#1463,.F.);
#1452 = FACE_BOUND('',#1453,.T.);
#1453 = EDGE_LOOP('',(#1454,#1455,#1456,#1462));
#1454 = ORIENTED_EDGE('',*,*,#1349,.T.);
#1455 = ORIENTED_EDGE('',*,*,#1175,.T.);
#1456 = ORIENTED_EDGE('',*,*,#1457,.T.);
#1457 = EDGE_CURVE('',#1168,#674,#1458,.T.);
#1458 = LINE('',#1459,#1460);
#1459 = CARTESIAN_POINT('',(-9.55,-23.31360389693,-15.));
#1460 = VECTOR('',#1461,1.);
#1461 = DIRECTION('',(0.,0.,1.));
#1462 = ORIENTED_EDGE('',*,*,#673,.F.);
#1463 = PLANE('',#1464);
#1464 = AXIS2_PLACEMENT_3D('',#1465,#1466,#1467);
#1465 = CARTESIAN_POINT('',(-9.55,8.313603896932,-15.));
#1466 = DIRECTION('',(1.,0.,0.));
#1467 = DIRECTION('',(0.,-1.,0.));
#1468 = ADVANCED_FACE('',(#1469),#1480,.F.);
#1469 = FACE_BOUND('',#1470,.T.);
#1470 = EDGE_LOOP('',(#1471,#1472,#1473,#1479));
#1471 = ORIENTED_EDGE('',*,*,#783,.F.);
#1472 = ORIENTED_EDGE('',*,*,#649,.F.);
#1473 = ORIENTED_EDGE('',*,*,#1474,.F.);
#1474 = EDGE_CURVE('',#1101,#642,#1475,.T.);
#1475 = LINE('',#1476,#1477);
#1476 = CARTESIAN_POINT('',(-9.55,8.313603896932,-15.));
#1477 = VECTOR('',#1478,1.);
#1478 = DIRECTION('',(0.,0.,1.));
#1479 = ORIENTED_EDGE('',*,*,#1100,.T.);
#1480 = PLANE('',#1481);
#1481 = AXIS2_PLACEMENT_3D('',#1482,#1483,#1484);
#1482 = CARTESIAN_POINT('',(-9.55,8.313603896932,-15.));
#1483 = DIRECTION('',(1.,0.,0.));
#1484 = DIRECTION('',(0.,-1.,0.));
#1485 = ADVANCED_FACE('',(#1486),#1497,.F.);
#1486 = FACE_BOUND('',#1487,.T.);
#1487 = EDGE_LOOP('',(#1488,#1489,#1495,#1496));
#1488 = ORIENTED_EDGE('',*,*,#1167,.T.);
#1489 = ORIENTED_EDGE('',*,*,#1490,.T.);
#1490 = EDGE_CURVE('',#1160,#682,#1491,.T.);
#1491 = LINE('',#1492,#1493);
#1492 = CARTESIAN_POINT('',(-8.813603896932,-24.05,-15.));
#1493 = VECTOR('',#1494,1.);
#1494 = DIRECTION('',(0.,0.,1.));
#1495 = ORIENTED_EDGE('',*,*,#681,.F.);
#1496 = ORIENTED_EDGE('',*,*,#1457,.F.);
#1497 = PLANE('',#1498);
#1498 = AXIS2_PLACEMENT_3D('',#1499,#1500,#1501);
#1499 = CARTESIAN_POINT('',(-9.55,-23.31360389693,-15.));
#1500 = DIRECTION('',(0.707106781187,0.707106781187,0.));
#1501 = DIRECTION('',(0.707106781187,-0.707106781187,0.));
#1502 = ADVANCED_FACE('',(#1503),#1514,.F.);
#1503 = FACE_BOUND('',#1504,.T.);
#1504 = EDGE_LOOP('',(#1505,#1506,#1512,#1513));
#1505 = ORIENTED_EDGE('',*,*,#1159,.T.);
#1506 = ORIENTED_EDGE('',*,*,#1507,.T.);
#1507 = EDGE_CURVE('',#1152,#690,#1508,.T.);
#1508 = LINE('',#1509,#1510);
#1509 = CARTESIAN_POINT('',(8.813603896932,-24.05,-15.));
#1510 = VECTOR('',#1511,1.);
#1511 = DIRECTION('',(0.,0.,1.));
#1512 = ORIENTED_EDGE('',*,*,#689,.F.);
#1513 = ORIENTED_EDGE('',*,*,#1490,.F.);
#1514 = PLANE('',#1515);
#1515 = AXIS2_PLACEMENT_3D('',#1516,#1517,#1518);
#1516 = CARTESIAN_POINT('',(-8.813603896932,-24.05,-15.));
#1517 = DIRECTION('',(0.,1.,0.));
#1518 = DIRECTION('',(1.,0.,0.));
#1519 = ADVANCED_FACE('',(#1520),#1531,.F.);
#1520 = FACE_BOUND('',#1521,.T.);
#1521 = EDGE_LOOP('',(#1522,#1523,#1529,#1530));
#1522 = ORIENTED_EDGE('',*,*,#1151,.T.);
#1523 = ORIENTED_EDGE('',*,*,#1524,.T.);
#1524 = EDGE_CURVE('',#1144,#698,#1525,.T.);
#1525 = LINE('',#1526,#1527);
#1526 = CARTESIAN_POINT('',(9.55,-23.31360389693,-15.));
#1527 = VECTOR('',#1528,1.);
#1528 = DIRECTION('',(0.,0.,1.));
#1529 = ORIENTED_EDGE('',*,*,#697,.F.);
#1530 = ORIENTED_EDGE('',*,*,#1507,.F.);
#1531 = PLANE('',#1532);
#1532 = AXIS2_PLACEMENT_3D('',#1533,#1534,#1535);
#1533 = CARTESIAN_POINT('',(8.813603896932,-24.05,-15.));
#1534 = DIRECTION('',(-0.707106781187,0.707106781186,0.));
#1535 = DIRECTION('',(0.707106781186,0.707106781187,0.));
#1536 = ADVANCED_FACE('',(#1537),#1543,.F.);
#1537 = FACE_BOUND('',#1538,.T.);
#1538 = EDGE_LOOP('',(#1539,#1540,#1541,#1542));
#1539 = ORIENTED_EDGE('',*,*,#1077,.F.);
#1540 = ORIENTED_EDGE('',*,*,#705,.F.);
#1541 = ORIENTED_EDGE('',*,*,#1524,.F.);
#1542 = ORIENTED_EDGE('',*,*,#1143,.T.);
#1543 = PLANE('',#1544);
#1544 = AXIS2_PLACEMENT_3D('',#1545,#1546,#1547);
#1545 = CARTESIAN_POINT('',(9.55,-3.75,-15.));
#1546 = DIRECTION('',(-1.,0.,0.));
#1547 = DIRECTION('',(0.,1.,0.));
#1548 = ADVANCED_FACE('',(#1549),#1560,.F.);
#1549 = FACE_BOUND('',#1550,.T.);
#1550 = EDGE_LOOP('',(#1551,#1552,#1553,#1559));
#1551 = ORIENTED_EDGE('',*,*,#1020,.T.);
#1552 = ORIENTED_EDGE('',*,*,#1132,.T.);
#1553 = ORIENTED_EDGE('',*,*,#1554,.T.);
#1554 = EDGE_CURVE('',#1125,#618,#1555,.T.);
#1555 = LINE('',#1556,#1557);
#1556 = CARTESIAN_POINT('',(9.55,8.313603896932,-15.));
#1557 = VECTOR('',#1558,1.);
#1558 = DIRECTION('',(0.,0.,1.));
#1559 = ORIENTED_EDGE('',*,*,#617,.F.);
#1560 = PLANE('',#1561);
#1561 = AXIS2_PLACEMENT_3D('',#1562,#1563,#1564);
#1562 = CARTESIAN_POINT('',(9.55,-3.75,-15.));
#1563 = DIRECTION('',(-1.,0.,0.));
#1564 = DIRECTION('',(0.,1.,0.));
#1565 = ADVANCED_FACE('',(#1566),#1577,.F.);
#1566 = FACE_BOUND('',#1567,.T.);
#1567 = EDGE_LOOP('',(#1568,#1569,#1575,#1576));
#1568 = ORIENTED_EDGE('',*,*,#1124,.T.);
#1569 = ORIENTED_EDGE('',*,*,#1570,.T.);
#1570 = EDGE_CURVE('',#1117,#626,#1571,.T.);
#1571 = LINE('',#1572,#1573);
#1572 = CARTESIAN_POINT('',(8.813603896932,9.05,-15.));
#1573 = VECTOR('',#1574,1.);
#1574 = DIRECTION('',(0.,0.,1.));
#1575 = ORIENTED_EDGE('',*,*,#625,.F.);
#1576 = ORIENTED_EDGE('',*,*,#1554,.F.);
#1577 = PLANE('',#1578);
#1578 = AXIS2_PLACEMENT_3D('',#1579,#1580,#1581);
#1579 = CARTESIAN_POINT('',(9.55,8.313603896932,-15.));
#1580 = DIRECTION('',(-0.707106781187,-0.707106781187,0.));
#1581 = DIRECTION('',(-0.707106781187,0.707106781187,0.));
#1582 = ADVANCED_FACE('',(#1583),#1594,.F.);
#1583 = FACE_BOUND('',#1584,.T.);
#1584 = EDGE_LOOP('',(#1585,#1586,#1592,#1593));
#1585 = ORIENTED_EDGE('',*,*,#1116,.T.);
#1586 = ORIENTED_EDGE('',*,*,#1587,.T.);
#1587 = EDGE_CURVE('',#1109,#634,#1588,.T.);
#1588 = LINE('',#1589,#1590);
#1589 = CARTESIAN_POINT('',(-8.813603896932,9.05,-15.));
#1590 = VECTOR('',#1591,1.);
#1591 = DIRECTION('',(0.,0.,1.));
#1592 = ORIENTED_EDGE('',*,*,#633,.F.);
#1593 = ORIENTED_EDGE('',*,*,#1570,.F.);
#1594 = PLANE('',#1595);
#1595 = AXIS2_PLACEMENT_3D('',#1596,#1597,#1598);
#1596 = CARTESIAN_POINT('',(8.813603896932,9.05,-15.));
#1597 = DIRECTION('',(0.,-1.,0.));
#1598 = DIRECTION('',(-1.,0.,0.));
#1599 = ADVANCED_FACE('',(#1600),#1606,.F.);
#1600 = FACE_BOUND('',#1601,.T.);
#1601 = EDGE_LOOP('',(#1602,#1603,#1604,#1605));
#1602 = ORIENTED_EDGE('',*,*,#1108,.T.);
#1603 = ORIENTED_EDGE('',*,*,#1474,.T.);
#1604 = ORIENTED_EDGE('',*,*,#641,.F.);
#1605 = ORIENTED_EDGE('',*,*,#1587,.F.);
#1606 = PLANE('',#1607);
#1607 = AXIS2_PLACEMENT_3D('',#1608,#1609,#1610);
#1608 = CARTESIAN_POINT('',(-8.813603896932,9.05,-15.));
#1609 = DIRECTION('',(0.707106781187,-0.707106781187,0.));
#1610 = DIRECTION('',(-0.707106781187,-0.707106781187,0.));
#1611 = ADVANCED_FACE('',(#1612),#1623,.F.);
#1612 = FACE_BOUND('',#1613,.F.);
#1613 = EDGE_LOOP('',(#1614,#1620,#1621,#1622));
#1614 = ORIENTED_EDGE('',*,*,#1615,.T.);
#1615 = EDGE_CURVE('',#1209,#150,#1616,.T.);
#1616 = LINE('',#1617,#1618);
#1617 = CARTESIAN_POINT('',(7.2,7.5,0.));
#1618 = VECTOR('',#1619,1.);
#1619 = DIRECTION('',(0.,0.,1.));
#1620 = ORIENTED_EDGE('',*,*,#149,.F.);
#1621 = ORIENTED_EDGE('',*,*,#1615,.F.);
#1622 = ORIENTED_EDGE('',*,*,#1208,.T.);
#1623 = CYLINDRICAL_SURFACE('',#1624,0.8);
#1624 = AXIS2_PLACEMENT_3D('',#1625,#1626,#1627);
#1625 = CARTESIAN_POINT('',(8.,7.5,0.));
#1626 = DIRECTION('',(0.,0.,1.));
#1627 = DIRECTION('',(1.,0.,-0.));
#1628 = ADVANCED_FACE('',(#1629),#1640,.F.);
#1629 = FACE_BOUND('',#1630,.F.);
#1630 = EDGE_LOOP('',(#1631,#1637,#1638,#1639));
#1631 = ORIENTED_EDGE('',*,*,#1632,.T.);
#1632 = EDGE_CURVE('',#1220,#161,#1633,.T.);
#1633 = LINE('',#1634,#1635);
#1634 = CARTESIAN_POINT('',(-8.8,7.5,0.));
#1635 = VECTOR('',#1636,1.);
#1636 = DIRECTION('',(0.,0.,1.));
#1637 = ORIENTED_EDGE('',*,*,#160,.F.);
#1638 = ORIENTED_EDGE('',*,*,#1632,.F.);
#1639 = ORIENTED_EDGE('',*,*,#1219,.T.);
#1640 = CYLINDRICAL_SURFACE('',#1641,0.8);
#1641 = AXIS2_PLACEMENT_3D('',#1642,#1643,#1644);
#1642 = CARTESIAN_POINT('',(-8.,7.5,0.));
#1643 = DIRECTION('',(0.,0.,1.));
#1644 = DIRECTION('',(1.,0.,-0.));
#1645 = ADVANCED_FACE('',(#1646),#1657,.F.);
#1646 = FACE_BOUND('',#1647,.F.);
#1647 = EDGE_LOOP('',(#1648,#1654,#1655,#1656));
#1648 = ORIENTED_EDGE('',*,*,#1649,.T.);
#1649 = EDGE_CURVE('',#1231,#172,#1650,.T.);
#1650 = LINE('',#1651,#1652);
#1651 = CARTESIAN_POINT('',(4.1,-22.9,0.));
#1652 = VECTOR('',#1653,1.);
#1653 = DIRECTION('',(0.,0.,1.));
#1654 = ORIENTED_EDGE('',*,*,#171,.F.);
#1655 = ORIENTED_EDGE('',*,*,#1649,.F.);
#1656 = ORIENTED_EDGE('',*,*,#1230,.T.);
#1657 = CYLINDRICAL_SURFACE('',#1658,0.8);
#1658 = AXIS2_PLACEMENT_3D('',#1659,#1660,#1661);
#1659 = CARTESIAN_POINT('',(4.9,-22.9,0.));
#1660 = DIRECTION('',(0.,0.,1.));
#1661 = DIRECTION('',(1.,0.,-0.));
#1662 = ADVANCED_FACE('',(#1663),#1674,.F.);
#1663 = FACE_BOUND('',#1664,.F.);
#1664 = EDGE_LOOP('',(#1665,#1671,#1672,#1673));
#1665 = ORIENTED_EDGE('',*,*,#1666,.T.);
#1666 = EDGE_CURVE('',#1242,#183,#1667,.T.);
#1667 = LINE('',#1668,#1669);
#1668 = CARTESIAN_POINT('',(-9.2,-19.4,0.));
#1669 = VECTOR('',#1670,1.);
#1670 = DIRECTION('',(0.,0.,1.));
#1671 = ORIENTED_EDGE('',*,*,#182,.F.);
#1672 = ORIENTED_EDGE('',*,*,#1666,.F.);
#1673 = ORIENTED_EDGE('',*,*,#1241,.T.);
#1674 = CYLINDRICAL_SURFACE('',#1675,0.8);
#1675 = AXIS2_PLACEMENT_3D('',#1676,#1677,#1678);
#1676 = CARTESIAN_POINT('',(-8.4,-19.4,0.));
#1677 = DIRECTION('',(0.,0.,1.));
#1678 = DIRECTION('',(1.,0.,-0.));
#1679 = ADVANCED_FACE('',(#1680),#1691,.F.);
#1680 = FACE_BOUND('',#1681,.F.);
#1681 = EDGE_LOOP('',(#1682,#1688,#1689,#1690));
#1682 = ORIENTED_EDGE('',*,*,#1683,.T.);
#1683 = EDGE_CURVE('',#1253,#194,#1684,.T.);
#1684 = LINE('',#1685,#1686);
#1685 = CARTESIAN_POINT('',(7.6,4.5,0.));
#1686 = VECTOR('',#1687,1.);
#1687 = DIRECTION('',(0.,0.,1.));
#1688 = ORIENTED_EDGE('',*,*,#193,.F.);
#1689 = ORIENTED_EDGE('',*,*,#1683,.F.);
#1690 = ORIENTED_EDGE('',*,*,#1252,.T.);
#1691 = CYLINDRICAL_SURFACE('',#1692,0.8);
#1692 = AXIS2_PLACEMENT_3D('',#1693,#1694,#1695);
#1693 = CARTESIAN_POINT('',(8.4,4.5,0.));
#1694 = DIRECTION('',(0.,0.,1.));
#1695 = DIRECTION('',(1.,0.,-0.));
#1696 = ADVANCED_FACE('',(#1697),#1708,.F.);
#1697 = FACE_BOUND('',#1698,.F.);
#1698 = EDGE_LOOP('',(#1699,#1705,#1706,#1707));
#1699 = ORIENTED_EDGE('',*,*,#1700,.T.);
#1700 = EDGE_CURVE('',#1264,#205,#1701,.T.);
#1701 = LINE('',#1702,#1703);
#1702 = CARTESIAN_POINT('',(-9.2,4.5,0.));
#1703 = VECTOR('',#1704,1.);
#1704 = DIRECTION('',(0.,0.,1.));
#1705 = ORIENTED_EDGE('',*,*,#204,.F.);
#1706 = ORIENTED_EDGE('',*,*,#1700,.F.);
#1707 = ORIENTED_EDGE('',*,*,#1263,.T.);
#1708 = CYLINDRICAL_SURFACE('',#1709,0.8);
#1709 = AXIS2_PLACEMENT_3D('',#1710,#1711,#1712);
#1710 = CARTESIAN_POINT('',(-8.4,4.5,0.));
#1711 = DIRECTION('',(0.,0.,1.));
#1712 = DIRECTION('',(1.,0.,-0.));
#1713 = ADVANCED_FACE('',(#1714),#1725,.F.);
#1714 = FACE_BOUND('',#1715,.F.);
#1715 = EDGE_LOOP('',(#1716,#1722,#1723,#1724));
#1716 = ORIENTED_EDGE('',*,*,#1717,.T.);
#1717 = EDGE_CURVE('',#1275,#216,#1718,.T.);
#1718 = LINE('',#1719,#1720);
#1719 = CARTESIAN_POINT('',(-8.8,-22.5,0.));
#1720 = VECTOR('',#1721,1.);
#1721 = DIRECTION('',(0.,0.,1.));
#1722 = ORIENTED_EDGE('',*,*,#215,.F.);
#1723 = ORIENTED_EDGE('',*,*,#1717,.F.);
#1724 = ORIENTED_EDGE('',*,*,#1274,.T.);
#1725 = CYLINDRICAL_SURFACE('',#1726,0.8);
#1726 = AXIS2_PLACEMENT_3D('',#1727,#1728,#1729);
#1727 = CARTESIAN_POINT('',(-8.,-22.5,0.));
#1728 = DIRECTION('',(0.,0.,1.));
#1729 = DIRECTION('',(1.,0.,-0.));
#1730 = ADVANCED_FACE('',(#1731),#1742,.F.);
#1731 = FACE_BOUND('',#1732,.F.);
#1732 = EDGE_LOOP('',(#1733,#1739,#1740,#1741));
#1733 = ORIENTED_EDGE('',*,*,#1734,.T.);
#1734 = EDGE_CURVE('',#1286,#227,#1735,.T.);
#1735 = LINE('',#1736,#1737);
#1736 = CARTESIAN_POINT('',(7.2,-22.5,0.));
#1737 = VECTOR('',#1738,1.);
#1738 = DIRECTION('',(0.,0.,1.));
#1739 = ORIENTED_EDGE('',*,*,#226,.F.);
#1740 = ORIENTED_EDGE('',*,*,#1734,.F.);
#1741 = ORIENTED_EDGE('',*,*,#1285,.T.);
#1742 = CYLINDRICAL_SURFACE('',#1743,0.8);
#1743 = AXIS2_PLACEMENT_3D('',#1744,#1745,#1746);
#1744 = CARTESIAN_POINT('',(8.,-22.5,0.));
#1745 = DIRECTION('',(0.,0.,1.));
#1746 = DIRECTION('',(1.,0.,-0.));
#1747 = ADVANCED_FACE('',(#1748),#1767,.F.);
#1748 = FACE_BOUND('',#1749,.F.);
#1749 = EDGE_LOOP('',(#1750,#1758,#1759,#1760));
#1750 = ORIENTED_EDGE('',*,*,#1751,.T.);
#1751 = EDGE_CURVE('',#1752,#1297,#1754,.T.);
#1752 = VERTEX_POINT('',#1753);
#1753 = CARTESIAN_POINT('',(1.1,-0.,-14.3));
#1754 = LINE('',#1755,#1756);
#1755 = CARTESIAN_POINT('',(1.1,-1.3E-16,-15.));
#1756 = VECTOR('',#1757,1.);
#1757 = DIRECTION('',(0.,0.,-1.));
#1758 = ORIENTED_EDGE('',*,*,#1296,.F.);
#1759 = ORIENTED_EDGE('',*,*,#1751,.F.);
#1760 = ORIENTED_EDGE('',*,*,#1761,.T.);
#1761 = EDGE_CURVE('',#1752,#1752,#1762,.T.);
#1762 = CIRCLE('',#1763,1.1);
#1763 = AXIS2_PLACEMENT_3D('',#1764,#1765,#1766);
#1764 = CARTESIAN_POINT('',(0.,0.,-14.3));
#1765 = DIRECTION('',(0.,0.,-1.));
#1766 = DIRECTION('',(-1.,0.,0.));
#1767 = CYLINDRICAL_SURFACE('',#1768,1.1);
#1768 = AXIS2_PLACEMENT_3D('',#1769,#1770,#1771);
#1769 = CARTESIAN_POINT('',(0.,0.,-15.));
#1770 = DIRECTION('',(0.,0.,-1.));
#1771 = DIRECTION('',(-1.,0.,0.));
#1772 = ADVANCED_FACE('',(#1773),#1776,.T.);
#1773 = FACE_BOUND('',#1774,.T.);
#1774 = EDGE_LOOP('',(#1775));
#1775 = ORIENTED_EDGE('',*,*,#1761,.T.);
#1776 = PLANE('',#1777);
#1777 = AXIS2_PLACEMENT_3D('',#1778,#1779,#1780);
#1778 = CARTESIAN_POINT('',(0.,0.,-14.3));
#1779 = DIRECTION('',(0.,0.,-1.));
#1780 = DIRECTION('',(-1.,0.,0.));
#1781 = ADVANCED_FACE('',(#1782),#1788,.T.);
#1782 = FACE_BOUND('',#1783,.T.);
#1783 = EDGE_LOOP('',(#1784,#1785,#1786,#1787));
#1784 = ORIENTED_EDGE('',*,*,#729,.F.);
#1785 = ORIENTED_EDGE('',*,*,#1051,.F.);
#1786 = ORIENTED_EDGE('',*,*,#456,.T.);
#1787 = ORIENTED_EDGE('',*,*,#538,.T.);
#1788 = PLANE('',#1789);
#1789 = AXIS2_PLACEMENT_3D('',#1790,#1791,#1792);
#1790 = CARTESIAN_POINT('',(9.5,-24.,-7.5));
#1791 = DIRECTION('',(0.707106781187,-0.707106781187,0.));
#1792 = DIRECTION('',(-0.707106781187,-0.707106781187,0.));
#1793 = ADVANCED_FACE('',(#1794),#1813,.T.);
#1794 = FACE_BOUND('',#1795,.T.);
#1795 = EDGE_LOOP('',(#1796,#1805,#1811,#1812));
#1796 = ORIENTED_EDGE('',*,*,#1797,.F.);
#1797 = EDGE_CURVE('',#1798,#1798,#1800,.T.);
#1798 = VERTEX_POINT('',#1799);
#1799 = CARTESIAN_POINT('',(-2.5,-0.,3.5));
#1800 = CIRCLE('',#1801,2.5);
#1801 = AXIS2_PLACEMENT_3D('',#1802,#1803,#1804);
#1802 = CARTESIAN_POINT('',(0.,0.,3.5));
#1803 = DIRECTION('',(0.,0.,1.));
#1804 = DIRECTION('',(1.,0.,-0.));
#1805 = ORIENTED_EDGE('',*,*,#1806,.T.);
#1806 = EDGE_CURVE('',#1798,#238,#1807,.T.);
#1807 = LINE('',#1808,#1809);
#1808 = CARTESIAN_POINT('',(-2.5,-3.1E-16,0.));
#1809 = VECTOR('',#1810,1.);
#1810 = DIRECTION('',(0.,0.,-1.));
#1811 = ORIENTED_EDGE('',*,*,#237,.T.);
#1812 = ORIENTED_EDGE('',*,*,#1806,.F.);
#1813 = CYLINDRICAL_SURFACE('',#1814,2.5);
#1814 = AXIS2_PLACEMENT_3D('',#1815,#1816,#1817);
#1815 = CARTESIAN_POINT('',(0.,0.,0.));
#1816 = DIRECTION('',(0.,0.,1.));
#1817 = DIRECTION('',(1.,0.,-0.));
#1818 = ADVANCED_FACE('',(#1819),#1822,.T.);
#1819 = FACE_BOUND('',#1820,.T.);
#1820 = EDGE_LOOP('',(#1821));
#1821 = ORIENTED_EDGE('',*,*,#1797,.T.);
#1822 = PLANE('',#1823);
#1823 = AXIS2_PLACEMENT_3D('',#1824,#1825,#1826);
#1824 = CARTESIAN_POINT('',(0.,0.,3.5));
#1825 = DIRECTION('',(0.,0.,1.));
#1826 = DIRECTION('',(1.,0.,-0.));
#1827 = ( GEOMETRIC_REPRESENTATION_CONTEXT(3) 
GLOBAL_UNCERTAINTY_ASSIGNED_CONTEXT((#1831)) 
GLOBAL_UNIT_ASSIGNED_CONTEXT((#1828,#1829,#1830)) REPRESENTATION_CONTEXT
('Context #1','3D Context with UNIT and UNCERTAINTY') );
#1828 = ( LENGTH_UNIT() NAMED_UNIT(*) SI_UNIT(.MILLI.,.METRE.) );
#1829 = ( NAMED_UNIT(*) PLANE_ANGLE_UNIT() SI_UNIT($,.RADIAN.) );
#1830 = ( NAMED_UNIT(*) SI_UNIT($,.STERADIAN.) SOLID_ANGLE_UNIT() );
#1831 = UNCERTAINTY_MEASURE_WITH_UNIT(LENGTH_MEASURE(1.E-07),#1828,
  'distance_accuracy_value','confusion accuracy');
#1832 = CONTEXT_DEPENDENT_SHAPE_REPRESENTATION(#1833,#1835);
#1833 = ( REPRESENTATION_RELATIONSHIP('','',#76,#10) 
REPRESENTATION_RELATIONSHIP_WITH_TRANSFORMATION(#1834) 
SHAPE_REPRESENTATION_RELATIONSHIP() );
#1834 = ITEM_DEFINED_TRANSFORMATION('','',#11,#15);
#1835 = PRODUCT_DEFINITION_SHAPE('Placement','Placement of an item',
  #1836);
#1836 = NEXT_ASSEMBLY_USAGE_OCCURRENCE('1','DC15_A01_CASE_M_DUMMY012',''
  ,#5,#71,$);
#1837 = PRODUCT_RELATED_PRODUCT_CATEGORY('part',$,(#73));
#1838 = SHAPE_DEFINITION_REPRESENTATION(#1839,#1845);
#1839 = PRODUCT_DEFINITION_SHAPE('','',#1840);
#1840 = PRODUCT_DEFINITION('design','',#1841,#1844);
#1841 = PRODUCT_DEFINITION_FORMATION('','',#1842);
#1842 = PRODUCT('DC15_A01_CASE_F_DUMMY012','DC15_A01_CASE_F_DUMMY012',''
  ,(#1843));
#1843 = PRODUCT_CONTEXT('',#2,'mechanical');
#1844 = PRODUCT_DEFINITION_CONTEXT('part definition',#2,'design');
#1845 = ADVANCED_BREP_SHAPE_REPRESENTATION('',(#11,#1846),#4857);
#1846 = MANIFOLD_SOLID_BREP('',#1847);
#1847 = CLOSED_SHELL('',(#1848,#1876,#2236,#2267,#2292,#2316,#2341,#2365
    ,#2390,#2414,#2432,#2448,#2473,#2493,#2534,#2590,#2621,#2645,#2662,
    #2697,#2916,#2947,#2972,#3198,#3223,#3243,#3277,#3295,#3320,#3364,
    #3416,#3468,#3520,#3537,#3554,#3571,#3602,#3627,#3651,#3673,#3690,
    #3707,#3731,#3764,#3781,#3805,#3822,#3846,#3863,#3880,#3892,#3916,
    #3940,#4008,#4030,#4054,#4071,#4096,#4113,#4135,#4147,#4164,#4188,
    #4205,#4230,#4247,#4264,#4276,#4300,#4317,#4364,#4381,#4405,#4430,
    #4452,#4469,#4486,#4498,#4515,#4532,#4544,#4556,#4578,#4590,#4607,
    #4624,#4641,#4658,#4675,#4692,#4709,#4726,#4743,#4760,#4777,#4789,
    #4806,#4823,#4840));
#1848 = ADVANCED_FACE('',(#1849,#1860),#1871,.T.);
#1849 = FACE_BOUND('',#1850,.T.);
#1850 = EDGE_LOOP('',(#1851));
#1851 = ORIENTED_EDGE('',*,*,#1852,.T.);
#1852 = EDGE_CURVE('',#1853,#1853,#1855,.T.);
#1853 = VERTEX_POINT('',#1854);
#1854 = CARTESIAN_POINT('',(-5.,-1.E-15,3.5));
#1855 = CIRCLE('',#1856,5.);
#1856 = AXIS2_PLACEMENT_3D('',#1857,#1858,#1859);
#1857 = CARTESIAN_POINT('',(0.,0.,3.5));
#1858 = DIRECTION('',(0.,0.,1.));
#1859 = DIRECTION('',(-1.,0.,0.));
#1860 = FACE_BOUND('',#1861,.T.);
#1861 = EDGE_LOOP('',(#1862));
#1862 = ORIENTED_EDGE('',*,*,#1863,.T.);
#1863 = EDGE_CURVE('',#1864,#1864,#1866,.T.);
#1864 = VERTEX_POINT('',#1865);
#1865 = CARTESIAN_POINT('',(-1.E-15,4.5,3.5));
#1866 = CIRCLE('',#1867,4.5);
#1867 = AXIS2_PLACEMENT_3D('',#1868,#1869,#1870);
#1868 = CARTESIAN_POINT('',(0.,0.,3.5));
#1869 = DIRECTION('',(0.,0.,-1.));
#1870 = DIRECTION('',(1.,0.,0.));
#1871 = PLANE('',#1872);
#1872 = AXIS2_PLACEMENT_3D('',#1873,#1874,#1875);
#1873 = CARTESIAN_POINT('',(0.,0.,3.5));
#1874 = DIRECTION('',(0.,0.,1.));
#1875 = DIRECTION('',(1.,0.,-0.));
#1876 = ADVANCED_FACE('',(#1877,#2117,#2187,#2198,#2209,#2220),#2231,.T.
  );
#1877 = FACE_BOUND('',#1878,.T.);
#1878 = EDGE_LOOP('',(#1879,#1889,#1897,#1905,#1913,#1921,#1930,#1938,
    #1946,#1954,#1963,#1971,#1979,#1987,#1995,#2003,#2012,#2020,#2028,
    #2036,#2044,#2052,#2061,#2069,#2077,#2085,#2093,#2101,#2110));
#1879 = ORIENTED_EDGE('',*,*,#1880,.F.);
#1880 = EDGE_CURVE('',#1881,#1883,#1885,.T.);
#1881 = VERTEX_POINT('',#1882);
#1882 = CARTESIAN_POINT('',(-0.25,9.3,3.5));
#1883 = VERTEX_POINT('',#1884);
#1884 = CARTESIAN_POINT('',(-0.25,6.995534289817,3.5));
#1885 = LINE('',#1886,#1887);
#1886 = CARTESIAN_POINT('',(-0.25,9.3,3.5));
#1887 = VECTOR('',#1888,1.);
#1888 = DIRECTION('',(0.,-1.,0.));
#1889 = ORIENTED_EDGE('',*,*,#1890,.T.);
#1890 = EDGE_CURVE('',#1881,#1891,#1893,.T.);
#1891 = VERTEX_POINT('',#1892);
#1892 = CARTESIAN_POINT('',(-8.917157287525,9.3,3.5));
#1893 = LINE('',#1894,#1895);
#1894 = CARTESIAN_POINT('',(-0.25,9.3,3.5));
#1895 = VECTOR('',#1896,1.);
#1896 = DIRECTION('',(-1.,0.,0.));
#1897 = ORIENTED_EDGE('',*,*,#1898,.T.);
#1898 = EDGE_CURVE('',#1891,#1899,#1901,.T.);
#1899 = VERTEX_POINT('',#1900);
#1900 = CARTESIAN_POINT('',(-9.8,8.417157287525,3.5));
#1901 = LINE('',#1902,#1903);
#1902 = CARTESIAN_POINT('',(-8.917157287525,9.3,3.5));
#1903 = VECTOR('',#1904,1.);
#1904 = DIRECTION('',(-0.707106781187,-0.707106781187,0.));
#1905 = ORIENTED_EDGE('',*,*,#1906,.T.);
#1906 = EDGE_CURVE('',#1899,#1907,#1909,.T.);
#1907 = VERTEX_POINT('',#1908);
#1908 = CARTESIAN_POINT('',(-9.8,6.3,3.5));
#1909 = LINE('',#1910,#1911);
#1910 = CARTESIAN_POINT('',(-9.8,8.417157287525,3.5));
#1911 = VECTOR('',#1912,1.);
#1912 = DIRECTION('',(0.,-1.,0.));
#1913 = ORIENTED_EDGE('',*,*,#1914,.T.);
#1914 = EDGE_CURVE('',#1907,#1915,#1917,.T.);
#1915 = VERTEX_POINT('',#1916);
#1916 = CARTESIAN_POINT('',(-8.400000020398,6.299999999087,
    3.499999999087));
#1917 = LINE('',#1918,#1919);
#1918 = CARTESIAN_POINT('',(-9.8,6.3,3.5));
#1919 = VECTOR('',#1920,1.);
#1920 = DIRECTION('',(1.,-1.30635822E-09,-1.30635885E-09));
#1921 = ORIENTED_EDGE('',*,*,#1922,.T.);
#1922 = EDGE_CURVE('',#1915,#1923,#1925,.T.);
#1923 = VERTEX_POINT('',#1924);
#1924 = CARTESIAN_POINT('',(-8.400000039107,2.700000000812,
    3.499999999188));
#1925 = CIRCLE('',#1926,1.8);
#1926 = AXIS2_PLACEMENT_3D('',#1927,#1928,#1929);
#1927 = CARTESIAN_POINT('',(-8.4,4.5,3.5));
#1928 = DIRECTION('',(0.,0.,-1.));
#1929 = DIRECTION('',(0.,1.,0.));
#1930 = ORIENTED_EDGE('',*,*,#1931,.T.);
#1931 = EDGE_CURVE('',#1923,#1932,#1934,.T.);
#1932 = VERTEX_POINT('',#1933);
#1933 = CARTESIAN_POINT('',(-9.8,2.7,3.5));
#1934 = LINE('',#1935,#1936);
#1935 = CARTESIAN_POINT('',(-8.400000039107,2.700000001328,
    3.499999998672));
#1936 = VECTOR('',#1937,1.);
#1937 = DIRECTION('',(-1.,-9.4886546E-10,9.4886482E-10));
#1938 = ORIENTED_EDGE('',*,*,#1939,.T.);
#1939 = EDGE_CURVE('',#1932,#1940,#1942,.T.);
#1940 = VERTEX_POINT('',#1941);
#1941 = CARTESIAN_POINT('',(-9.8,-17.6,3.5));
#1942 = LINE('',#1943,#1944);
#1943 = CARTESIAN_POINT('',(-9.8,2.7,3.5));
#1944 = VECTOR('',#1945,1.);
#1945 = DIRECTION('',(0.,-1.,0.));
#1946 = ORIENTED_EDGE('',*,*,#1947,.T.);
#1947 = EDGE_CURVE('',#1940,#1948,#1950,.T.);
#1948 = VERTEX_POINT('',#1949);
#1949 = CARTESIAN_POINT('',(-8.4,-17.60000024525,3.499999985285));
#1950 = LINE('',#1951,#1952);
#1951 = CARTESIAN_POINT('',(-9.8,-17.6,3.5));
#1952 = VECTOR('',#1953,1.);
#1953 = DIRECTION('',(1.,-5.403614912E-08,5.141511807E-08));
#1954 = ORIENTED_EDGE('',*,*,#1955,.T.);
#1955 = EDGE_CURVE('',#1948,#1956,#1958,.T.);
#1956 = VERTEX_POINT('',#1957);
#1957 = CARTESIAN_POINT('',(-8.400000038763,-21.20000011506,
    3.499999989308));
#1958 = CIRCLE('',#1959,1.799999950789);
#1959 = AXIS2_PLACEMENT_3D('',#1960,#1961,#1962);
#1960 = CARTESIAN_POINT('',(-8.4,-19.40000039368,3.5));
#1961 = DIRECTION('',(0.,0.,-1.));
#1962 = DIRECTION('',(0.,1.,0.));
#1963 = ORIENTED_EDGE('',*,*,#1964,.T.);
#1964 = EDGE_CURVE('',#1956,#1965,#1967,.T.);
#1965 = VERTEX_POINT('',#1966);
#1966 = CARTESIAN_POINT('',(-9.8,-21.19999980316,3.5));
#1967 = LINE('',#1968,#1969);
#1968 = CARTESIAN_POINT('',(-8.400000038763,-21.19999994123,
    3.499999924831));
#1969 = VECTOR('',#1970,1.);
#1970 = DIRECTION('',(-1.,9.862628574E-08,5.369218203E-08));
#1971 = ORIENTED_EDGE('',*,*,#1972,.T.);
#1972 = EDGE_CURVE('',#1965,#1973,#1975,.T.);
#1973 = VERTEX_POINT('',#1974);
#1974 = CARTESIAN_POINT('',(-9.8,-23.41715728753,3.5));
#1975 = LINE('',#1976,#1977);
#1976 = CARTESIAN_POINT('',(-9.8,-21.19999980316,3.5));
#1977 = VECTOR('',#1978,1.);
#1978 = DIRECTION('',(0.,-1.,0.));
#1979 = ORIENTED_EDGE('',*,*,#1980,.T.);
#1980 = EDGE_CURVE('',#1973,#1981,#1983,.T.);
#1981 = VERTEX_POINT('',#1982);
#1982 = CARTESIAN_POINT('',(-8.917157287525,-24.3,3.5));
#1983 = LINE('',#1984,#1985);
#1984 = CARTESIAN_POINT('',(-9.8,-23.41715728753,3.5));
#1985 = VECTOR('',#1986,1.);
#1986 = DIRECTION('',(0.707106781187,-0.707106781187,0.));
#1987 = ORIENTED_EDGE('',*,*,#1988,.T.);
#1988 = EDGE_CURVE('',#1981,#1989,#1991,.T.);
#1989 = VERTEX_POINT('',#1990);
#1990 = CARTESIAN_POINT('',(3.1,-24.3,3.5));
#1991 = LINE('',#1992,#1993);
#1992 = CARTESIAN_POINT('',(-8.917157287525,-24.3,3.5));
#1993 = VECTOR('',#1994,1.);
#1994 = DIRECTION('',(1.,0.,0.));
#1995 = ORIENTED_EDGE('',*,*,#1996,.T.);
#1996 = EDGE_CURVE('',#1989,#1997,#1999,.T.);
#1997 = VERTEX_POINT('',#1998);
#1998 = CARTESIAN_POINT('',(3.100000001118,-22.90000002236,
    3.499999998882));
#1999 = LINE('',#2000,#2001);
#2000 = CARTESIAN_POINT('',(3.1,-24.3,3.5));
#2001 = VECTOR('',#2002,1.);
#2002 = DIRECTION('',(1.30635853E-09,1.,-1.30635822E-09));
#2003 = ORIENTED_EDGE('',*,*,#2004,.T.);
#2004 = EDGE_CURVE('',#1997,#2005,#2007,.T.);
#2005 = VERTEX_POINT('',#2006);
#2006 = CARTESIAN_POINT('',(6.699999999336,-22.90000003758,
    3.499999999336));
#2007 = CIRCLE('',#2008,1.8);
#2008 = AXIS2_PLACEMENT_3D('',#2009,#2010,#2011);
#2009 = CARTESIAN_POINT('',(4.9,-22.9,3.5));
#2010 = DIRECTION('',(0.,0.,-1.));
#2011 = DIRECTION('',(-1.,0.,0.));
#2012 = ORIENTED_EDGE('',*,*,#2013,.T.);
#2013 = EDGE_CURVE('',#2005,#2014,#2016,.T.);
#2014 = VERTEX_POINT('',#2015);
#2015 = CARTESIAN_POINT('',(6.7,-24.3,3.5));
#2016 = LINE('',#2017,#2018);
#2017 = CARTESIAN_POINT('',(6.699999998672,-22.90000003911,
    3.499999998672));
#2018 = VECTOR('',#2019,1.);
#2019 = DIRECTION('',(9.488626E-10,-1.,9.4886482E-10));
#2020 = ORIENTED_EDGE('',*,*,#2021,.T.);
#2021 = EDGE_CURVE('',#2014,#2022,#2024,.T.);
#2022 = VERTEX_POINT('',#2023);
#2023 = CARTESIAN_POINT('',(8.917157287525,-24.3,3.5));
#2024 = LINE('',#2025,#2026);
#2025 = CARTESIAN_POINT('',(6.7,-24.3,3.5));
#2026 = VECTOR('',#2027,1.);
#2027 = DIRECTION('',(1.,0.,0.));
#2028 = ORIENTED_EDGE('',*,*,#2029,.T.);
#2029 = EDGE_CURVE('',#2022,#2030,#2032,.T.);
#2030 = VERTEX_POINT('',#2031);
#2031 = CARTESIAN_POINT('',(9.8,-23.41715728753,3.5));
#2032 = LINE('',#2033,#2034);
#2033 = CARTESIAN_POINT('',(8.917157287525,-24.3,3.5));
#2034 = VECTOR('',#2035,1.);
#2035 = DIRECTION('',(0.707106781187,0.707106781187,0.));
#2036 = ORIENTED_EDGE('',*,*,#2037,.T.);
#2037 = EDGE_CURVE('',#2030,#2038,#2040,.T.);
#2038 = VERTEX_POINT('',#2039);
#2039 = CARTESIAN_POINT('',(9.8,2.7,3.5));
#2040 = LINE('',#2041,#2042);
#2041 = CARTESIAN_POINT('',(9.8,-23.41715728753,3.5));
#2042 = VECTOR('',#2043,1.);
#2043 = DIRECTION('',(0.,1.,0.));
#2044 = ORIENTED_EDGE('',*,*,#2045,.T.);
#2045 = EDGE_CURVE('',#2038,#2046,#2048,.T.);
#2046 = VERTEX_POINT('',#2047);
#2047 = CARTESIAN_POINT('',(8.400000020398,2.700000000913,3.499999999087
    ));
#2048 = LINE('',#2049,#2050);
#2049 = CARTESIAN_POINT('',(9.8,2.7,3.5));
#2050 = VECTOR('',#2051,1.);
#2051 = DIRECTION('',(-1.,1.30635822E-09,-1.30635822E-09));
#2052 = ORIENTED_EDGE('',*,*,#2053,.T.);
#2053 = EDGE_CURVE('',#2046,#2054,#2056,.T.);
#2054 = VERTEX_POINT('',#2055);
#2055 = CARTESIAN_POINT('',(8.400000039107,6.299999999188,3.499999999188
    ));
#2056 = CIRCLE('',#2057,1.8);
#2057 = AXIS2_PLACEMENT_3D('',#2058,#2059,#2060);
#2058 = CARTESIAN_POINT('',(8.4,4.5,3.5));
#2059 = DIRECTION('',(0.,0.,-1.));
#2060 = DIRECTION('',(0.,-1.,0.));
#2061 = ORIENTED_EDGE('',*,*,#2062,.T.);
#2062 = EDGE_CURVE('',#2054,#2063,#2065,.T.);
#2063 = VERTEX_POINT('',#2064);
#2064 = CARTESIAN_POINT('',(9.8,6.3,3.5));
#2065 = LINE('',#2066,#2067);
#2066 = CARTESIAN_POINT('',(8.400000039107,6.299999998672,3.499999998672
    ));
#2067 = VECTOR('',#2068,1.);
#2068 = DIRECTION('',(1.,9.4886514E-10,9.4886482E-10));
#2069 = ORIENTED_EDGE('',*,*,#2070,.T.);
#2070 = EDGE_CURVE('',#2063,#2071,#2073,.T.);
#2071 = VERTEX_POINT('',#2072);
#2072 = CARTESIAN_POINT('',(9.8,8.417157287525,3.5));
#2073 = LINE('',#2074,#2075);
#2074 = CARTESIAN_POINT('',(9.8,6.3,3.5));
#2075 = VECTOR('',#2076,1.);
#2076 = DIRECTION('',(0.,1.,0.));
#2077 = ORIENTED_EDGE('',*,*,#2078,.T.);
#2078 = EDGE_CURVE('',#2071,#2079,#2081,.T.);
#2079 = VERTEX_POINT('',#2080);
#2080 = CARTESIAN_POINT('',(8.917157287525,9.3,3.5));
#2081 = LINE('',#2082,#2083);
#2082 = CARTESIAN_POINT('',(9.8,8.417157287525,3.5));
#2083 = VECTOR('',#2084,1.);
#2084 = DIRECTION('',(-0.707106781187,0.707106781187,0.));
#2085 = ORIENTED_EDGE('',*,*,#2086,.T.);
#2086 = EDGE_CURVE('',#2079,#2087,#2089,.T.);
#2087 = VERTEX_POINT('',#2088);
#2088 = CARTESIAN_POINT('',(0.25,9.3,3.5));
#2089 = LINE('',#2090,#2091);
#2090 = CARTESIAN_POINT('',(8.917157287525,9.3,3.5));
#2091 = VECTOR('',#2092,1.);
#2092 = DIRECTION('',(-1.,0.,0.));
#2093 = ORIENTED_EDGE('',*,*,#2094,.T.);
#2094 = EDGE_CURVE('',#2087,#2095,#2097,.T.);
#2095 = VERTEX_POINT('',#2096);
#2096 = CARTESIAN_POINT('',(0.25,6.995534289817,3.5));
#2097 = LINE('',#2098,#2099);
#2098 = CARTESIAN_POINT('',(0.25,9.3,3.5));
#2099 = VECTOR('',#2100,1.);
#2100 = DIRECTION('',(0.,-1.,0.));
#2101 = ORIENTED_EDGE('',*,*,#2102,.F.);
#2102 = EDGE_CURVE('',#2103,#2095,#2105,.T.);
#2103 = VERTEX_POINT('',#2104);
#2104 = CARTESIAN_POINT('',(-7.,-1.E-15,3.5));
#2105 = CIRCLE('',#2106,7.);
#2106 = AXIS2_PLACEMENT_3D('',#2107,#2108,#2109);
#2107 = CARTESIAN_POINT('',(0.,0.,3.5));
#2108 = DIRECTION('',(0.,0.,1.));
#2109 = DIRECTION('',(-3.57142857143E-02,0.999362041402,0.));
#2110 = ORIENTED_EDGE('',*,*,#2111,.F.);
#2111 = EDGE_CURVE('',#1883,#2103,#2112,.T.);
#2112 = CIRCLE('',#2113,7.);
#2113 = AXIS2_PLACEMENT_3D('',#2114,#2115,#2116);
#2114 = CARTESIAN_POINT('',(0.,0.,3.5));
#2115 = DIRECTION('',(0.,0.,1.));
#2116 = DIRECTION('',(-3.57142857143E-02,0.999362041402,0.));
#2117 = FACE_BOUND('',#2118,.T.);
#2118 = EDGE_LOOP('',(#2119,#2129,#2138,#2146,#2155,#2163,#2172,#2180));
#2119 = ORIENTED_EDGE('',*,*,#2120,.F.);
#2120 = EDGE_CURVE('',#2121,#2123,#2125,.T.);
#2121 = VERTEX_POINT('',#2122);
#2122 = CARTESIAN_POINT('',(-6.65,-13.,3.5));
#2123 = VERTEX_POINT('',#2124);
#2124 = CARTESIAN_POINT('',(-6.65,-17.8,3.5));
#2125 = LINE('',#2126,#2127);
#2126 = CARTESIAN_POINT('',(-6.65,-13.,3.5));
#2127 = VECTOR('',#2128,1.);
#2128 = DIRECTION('',(0.,-1.,0.));
#2129 = ORIENTED_EDGE('',*,*,#2130,.F.);
#2130 = EDGE_CURVE('',#2131,#2121,#2133,.T.);
#2131 = VERTEX_POINT('',#2132);
#2132 = CARTESIAN_POINT('',(-6.15,-12.5,3.5));
#2133 = CIRCLE('',#2134,0.5);
#2134 = AXIS2_PLACEMENT_3D('',#2135,#2136,#2137);
#2135 = CARTESIAN_POINT('',(-6.15,-13.,3.5));
#2136 = DIRECTION('',(0.,-0.,1.));
#2137 = DIRECTION('',(0.,1.,0.));
#2138 = ORIENTED_EDGE('',*,*,#2139,.F.);
#2139 = EDGE_CURVE('',#2140,#2131,#2142,.T.);
#2140 = VERTEX_POINT('',#2141);
#2141 = CARTESIAN_POINT('',(6.15,-12.5,3.5));
#2142 = LINE('',#2143,#2144);
#2143 = CARTESIAN_POINT('',(6.15,-12.5,3.5));
#2144 = VECTOR('',#2145,1.);
#2145 = DIRECTION('',(-1.,0.,0.));
#2146 = ORIENTED_EDGE('',*,*,#2147,.F.);
#2147 = EDGE_CURVE('',#2148,#2140,#2150,.T.);
#2148 = VERTEX_POINT('',#2149);
#2149 = CARTESIAN_POINT('',(6.65,-13.,3.5));
#2150 = CIRCLE('',#2151,0.5);
#2151 = AXIS2_PLACEMENT_3D('',#2152,#2153,#2154);
#2152 = CARTESIAN_POINT('',(6.15,-13.,3.5));
#2153 = DIRECTION('',(0.,0.,1.));
#2154 = DIRECTION('',(1.,0.,-0.));
#2155 = ORIENTED_EDGE('',*,*,#2156,.F.);
#2156 = EDGE_CURVE('',#2157,#2148,#2159,.T.);
#2157 = VERTEX_POINT('',#2158);
#2158 = CARTESIAN_POINT('',(6.65,-17.8,3.5));
#2159 = LINE('',#2160,#2161);
#2160 = CARTESIAN_POINT('',(6.65,-17.8,3.5));
#2161 = VECTOR('',#2162,1.);
#2162 = DIRECTION('',(0.,1.,0.));
#2163 = ORIENTED_EDGE('',*,*,#2164,.F.);
#2164 = EDGE_CURVE('',#2165,#2157,#2167,.T.);
#2165 = VERTEX_POINT('',#2166);
#2166 = CARTESIAN_POINT('',(6.15,-18.3,3.5));
#2167 = CIRCLE('',#2168,0.5);
#2168 = AXIS2_PLACEMENT_3D('',#2169,#2170,#2171);
#2169 = CARTESIAN_POINT('',(6.15,-17.8,3.5));
#2170 = DIRECTION('',(0.,0.,1.));
#2171 = DIRECTION('',(0.,-1.,0.));
#2172 = ORIENTED_EDGE('',*,*,#2173,.F.);
#2173 = EDGE_CURVE('',#2174,#2165,#2176,.T.);
#2174 = VERTEX_POINT('',#2175);
#2175 = CARTESIAN_POINT('',(-6.15,-18.3,3.5));
#2176 = LINE('',#2177,#2178);
#2177 = CARTESIAN_POINT('',(-6.15,-18.3,3.5));
#2178 = VECTOR('',#2179,1.);
#2179 = DIRECTION('',(1.,0.,0.));
#2180 = ORIENTED_EDGE('',*,*,#2181,.F.);
#2181 = EDGE_CURVE('',#2123,#2174,#2182,.T.);
#2182 = CIRCLE('',#2183,0.5);
#2183 = AXIS2_PLACEMENT_3D('',#2184,#2185,#2186);
#2184 = CARTESIAN_POINT('',(-6.15,-17.8,3.5));
#2185 = DIRECTION('',(0.,0.,1.));
#2186 = DIRECTION('',(-1.,0.,0.));
#2187 = FACE_BOUND('',#2188,.T.);
#2188 = EDGE_LOOP('',(#2189));
#2189 = ORIENTED_EDGE('',*,*,#2190,.T.);
#2190 = EDGE_CURVE('',#2191,#2191,#2193,.T.);
#2191 = VERTEX_POINT('',#2192);
#2192 = CARTESIAN_POINT('',(-7.,7.5,3.5));
#2193 = CIRCLE('',#2194,1.);
#2194 = AXIS2_PLACEMENT_3D('',#2195,#2196,#2197);
#2195 = CARTESIAN_POINT('',(-8.,7.5,3.5));
#2196 = DIRECTION('',(0.,0.,-1.));
#2197 = DIRECTION('',(-1.,0.,0.));
#2198 = FACE_BOUND('',#2199,.T.);
#2199 = EDGE_LOOP('',(#2200));
#2200 = ORIENTED_EDGE('',*,*,#2201,.T.);
#2201 = EDGE_CURVE('',#2202,#2202,#2204,.T.);
#2202 = VERTEX_POINT('',#2203);
#2203 = CARTESIAN_POINT('',(9.,7.5,3.5));
#2204 = CIRCLE('',#2205,1.);
#2205 = AXIS2_PLACEMENT_3D('',#2206,#2207,#2208);
#2206 = CARTESIAN_POINT('',(8.,7.5,3.5));
#2207 = DIRECTION('',(0.,0.,-1.));
#2208 = DIRECTION('',(-1.,0.,0.));
#2209 = FACE_BOUND('',#2210,.T.);
#2210 = EDGE_LOOP('',(#2211));
#2211 = ORIENTED_EDGE('',*,*,#2212,.T.);
#2212 = EDGE_CURVE('',#2213,#2213,#2215,.T.);
#2213 = VERTEX_POINT('',#2214);
#2214 = CARTESIAN_POINT('',(-7.,-22.5,3.5));
#2215 = CIRCLE('',#2216,1.);
#2216 = AXIS2_PLACEMENT_3D('',#2217,#2218,#2219);
#2217 = CARTESIAN_POINT('',(-8.,-22.5,3.5));
#2218 = DIRECTION('',(0.,0.,-1.));
#2219 = DIRECTION('',(-1.,0.,0.));
#2220 = FACE_BOUND('',#2221,.T.);
#2221 = EDGE_LOOP('',(#2222));
#2222 = ORIENTED_EDGE('',*,*,#2223,.T.);
#2223 = EDGE_CURVE('',#2224,#2224,#2226,.T.);
#2224 = VERTEX_POINT('',#2225);
#2225 = CARTESIAN_POINT('',(9.,-22.5,3.5));
#2226 = CIRCLE('',#2227,1.);
#2227 = AXIS2_PLACEMENT_3D('',#2228,#2229,#2230);
#2228 = CARTESIAN_POINT('',(8.,-22.5,3.5));
#2229 = DIRECTION('',(0.,0.,-1.));
#2230 = DIRECTION('',(-1.,0.,0.));
#2231 = PLANE('',#2232);
#2232 = AXIS2_PLACEMENT_3D('',#2233,#2234,#2235);
#2233 = CARTESIAN_POINT('',(0.,0.,3.5));
#2234 = DIRECTION('',(0.,0.,1.));
#2235 = DIRECTION('',(1.,0.,-0.));
#2236 = ADVANCED_FACE('',(#2237),#2262,.F.);
#2237 = FACE_BOUND('',#2238,.T.);
#2238 = EDGE_LOOP('',(#2239,#2240,#2248,#2256));
#2239 = ORIENTED_EDGE('',*,*,#2120,.T.);
#2240 = ORIENTED_EDGE('',*,*,#2241,.T.);
#2241 = EDGE_CURVE('',#2123,#2242,#2244,.T.);
#2242 = VERTEX_POINT('',#2243);
#2243 = CARTESIAN_POINT('',(-6.65,-17.8,3.3));
#2244 = LINE('',#2245,#2246);
#2245 = CARTESIAN_POINT('',(-6.65,-17.8,3.5));
#2246 = VECTOR('',#2247,1.);
#2247 = DIRECTION('',(0.,0.,-1.));
#2248 = ORIENTED_EDGE('',*,*,#2249,.F.);
#2249 = EDGE_CURVE('',#2250,#2242,#2252,.T.);
#2250 = VERTEX_POINT('',#2251);
#2251 = CARTESIAN_POINT('',(-6.65,-13.,3.3));
#2252 = LINE('',#2253,#2254);
#2253 = CARTESIAN_POINT('',(-6.65,-13.,3.3));
#2254 = VECTOR('',#2255,1.);
#2255 = DIRECTION('',(0.,-1.,0.));
#2256 = ORIENTED_EDGE('',*,*,#2257,.F.);
#2257 = EDGE_CURVE('',#2121,#2250,#2258,.T.);
#2258 = LINE('',#2259,#2260);
#2259 = CARTESIAN_POINT('',(-6.65,-13.,3.5));
#2260 = VECTOR('',#2261,1.);
#2261 = DIRECTION('',(0.,0.,-1.));
#2262 = PLANE('',#2263);
#2263 = AXIS2_PLACEMENT_3D('',#2264,#2265,#2266);
#2264 = CARTESIAN_POINT('',(-6.65,-13.,3.5));
#2265 = DIRECTION('',(-1.,0.,0.));
#2266 = DIRECTION('',(0.,-1.,0.));
#2267 = ADVANCED_FACE('',(#2268),#2287,.F.);
#2268 = FACE_BOUND('',#2269,.F.);
#2269 = EDGE_LOOP('',(#2270,#2278,#2285,#2286));
#2270 = ORIENTED_EDGE('',*,*,#2271,.T.);
#2271 = EDGE_CURVE('',#2131,#2272,#2274,.T.);
#2272 = VERTEX_POINT('',#2273);
#2273 = CARTESIAN_POINT('',(-6.15,-12.5,3.3));
#2274 = LINE('',#2275,#2276);
#2275 = CARTESIAN_POINT('',(-6.15,-12.5,3.5));
#2276 = VECTOR('',#2277,1.);
#2277 = DIRECTION('',(0.,0.,-1.));
#2278 = ORIENTED_EDGE('',*,*,#2279,.T.);
#2279 = EDGE_CURVE('',#2272,#2250,#2280,.T.);
#2280 = CIRCLE('',#2281,0.5);
#2281 = AXIS2_PLACEMENT_3D('',#2282,#2283,#2284);
#2282 = CARTESIAN_POINT('',(-6.15,-13.,3.3));
#2283 = DIRECTION('',(0.,-0.,1.));
#2284 = DIRECTION('',(0.,1.,0.));
#2285 = ORIENTED_EDGE('',*,*,#2257,.F.);
#2286 = ORIENTED_EDGE('',*,*,#2130,.F.);
#2287 = CYLINDRICAL_SURFACE('',#2288,0.5);
#2288 = AXIS2_PLACEMENT_3D('',#2289,#2290,#2291);
#2289 = CARTESIAN_POINT('',(-6.15,-13.,3.5));
#2290 = DIRECTION('',(0.,0.,1.));
#2291 = DIRECTION('',(1.,0.,-0.));
#2292 = ADVANCED_FACE('',(#2293),#2311,.F.);
#2293 = FACE_BOUND('',#2294,.T.);
#2294 = EDGE_LOOP('',(#2295,#2296,#2297,#2305));
#2295 = ORIENTED_EDGE('',*,*,#2139,.T.);
#2296 = ORIENTED_EDGE('',*,*,#2271,.T.);
#2297 = ORIENTED_EDGE('',*,*,#2298,.F.);
#2298 = EDGE_CURVE('',#2299,#2272,#2301,.T.);
#2299 = VERTEX_POINT('',#2300);
#2300 = CARTESIAN_POINT('',(6.15,-12.5,3.3));
#2301 = LINE('',#2302,#2303);
#2302 = CARTESIAN_POINT('',(6.15,-12.5,3.3));
#2303 = VECTOR('',#2304,1.);
#2304 = DIRECTION('',(-1.,0.,0.));
#2305 = ORIENTED_EDGE('',*,*,#2306,.F.);
#2306 = EDGE_CURVE('',#2140,#2299,#2307,.T.);
#2307 = LINE('',#2308,#2309);
#2308 = CARTESIAN_POINT('',(6.15,-12.5,3.5));
#2309 = VECTOR('',#2310,1.);
#2310 = DIRECTION('',(0.,0.,-1.));
#2311 = PLANE('',#2312);
#2312 = AXIS2_PLACEMENT_3D('',#2313,#2314,#2315);
#2313 = CARTESIAN_POINT('',(6.15,-12.5,3.5));
#2314 = DIRECTION('',(0.,1.,0.));
#2315 = DIRECTION('',(-1.,0.,0.));
#2316 = ADVANCED_FACE('',(#2317),#2336,.F.);
#2317 = FACE_BOUND('',#2318,.F.);
#2318 = EDGE_LOOP('',(#2319,#2327,#2334,#2335));
#2319 = ORIENTED_EDGE('',*,*,#2320,.T.);
#2320 = EDGE_CURVE('',#2148,#2321,#2323,.T.);
#2321 = VERTEX_POINT('',#2322);
#2322 = CARTESIAN_POINT('',(6.65,-13.,3.3));
#2323 = LINE('',#2324,#2325);
#2324 = CARTESIAN_POINT('',(6.65,-13.,3.5));
#2325 = VECTOR('',#2326,1.);
#2326 = DIRECTION('',(0.,0.,-1.));
#2327 = ORIENTED_EDGE('',*,*,#2328,.T.);
#2328 = EDGE_CURVE('',#2321,#2299,#2329,.T.);
#2329 = CIRCLE('',#2330,0.5);
#2330 = AXIS2_PLACEMENT_3D('',#2331,#2332,#2333);
#2331 = CARTESIAN_POINT('',(6.15,-13.,3.3));
#2332 = DIRECTION('',(0.,0.,1.));
#2333 = DIRECTION('',(1.,0.,-0.));
#2334 = ORIENTED_EDGE('',*,*,#2306,.F.);
#2335 = ORIENTED_EDGE('',*,*,#2147,.F.);
#2336 = CYLINDRICAL_SURFACE('',#2337,0.5);
#2337 = AXIS2_PLACEMENT_3D('',#2338,#2339,#2340);
#2338 = CARTESIAN_POINT('',(6.15,-13.,3.5));
#2339 = DIRECTION('',(0.,0.,1.));
#2340 = DIRECTION('',(1.,0.,-0.));
#2341 = ADVANCED_FACE('',(#2342),#2360,.F.);
#2342 = FACE_BOUND('',#2343,.T.);
#2343 = EDGE_LOOP('',(#2344,#2345,#2346,#2354));
#2344 = ORIENTED_EDGE('',*,*,#2156,.T.);
#2345 = ORIENTED_EDGE('',*,*,#2320,.T.);
#2346 = ORIENTED_EDGE('',*,*,#2347,.F.);
#2347 = EDGE_CURVE('',#2348,#2321,#2350,.T.);
#2348 = VERTEX_POINT('',#2349);
#2349 = CARTESIAN_POINT('',(6.65,-17.8,3.3));
#2350 = LINE('',#2351,#2352);
#2351 = CARTESIAN_POINT('',(6.65,-17.8,3.3));
#2352 = VECTOR('',#2353,1.);
#2353 = DIRECTION('',(0.,1.,0.));
#2354 = ORIENTED_EDGE('',*,*,#2355,.F.);
#2355 = EDGE_CURVE('',#2157,#2348,#2356,.T.);
#2356 = LINE('',#2357,#2358);
#2357 = CARTESIAN_POINT('',(6.65,-17.8,3.5));
#2358 = VECTOR('',#2359,1.);
#2359 = DIRECTION('',(0.,0.,-1.));
#2360 = PLANE('',#2361);
#2361 = AXIS2_PLACEMENT_3D('',#2362,#2363,#2364);
#2362 = CARTESIAN_POINT('',(6.65,-17.8,3.5));
#2363 = DIRECTION('',(1.,0.,0.));
#2364 = DIRECTION('',(-0.,1.,0.));
#2365 = ADVANCED_FACE('',(#2366),#2385,.F.);
#2366 = FACE_BOUND('',#2367,.F.);
#2367 = EDGE_LOOP('',(#2368,#2376,#2383,#2384));
#2368 = ORIENTED_EDGE('',*,*,#2369,.T.);
#2369 = EDGE_CURVE('',#2165,#2370,#2372,.T.);
#2370 = VERTEX_POINT('',#2371);
#2371 = CARTESIAN_POINT('',(6.15,-18.3,3.3));
#2372 = LINE('',#2373,#2374);
#2373 = CARTESIAN_POINT('',(6.15,-18.3,3.5));
#2374 = VECTOR('',#2375,1.);
#2375 = DIRECTION('',(0.,0.,-1.));
#2376 = ORIENTED_EDGE('',*,*,#2377,.T.);
#2377 = EDGE_CURVE('',#2370,#2348,#2378,.T.);
#2378 = CIRCLE('',#2379,0.5);
#2379 = AXIS2_PLACEMENT_3D('',#2380,#2381,#2382);
#2380 = CARTESIAN_POINT('',(6.15,-17.8,3.3));
#2381 = DIRECTION('',(0.,0.,1.));
#2382 = DIRECTION('',(0.,-1.,0.));
#2383 = ORIENTED_EDGE('',*,*,#2355,.F.);
#2384 = ORIENTED_EDGE('',*,*,#2164,.F.);
#2385 = CYLINDRICAL_SURFACE('',#2386,0.5);
#2386 = AXIS2_PLACEMENT_3D('',#2387,#2388,#2389);
#2387 = CARTESIAN_POINT('',(6.15,-17.8,3.5));
#2388 = DIRECTION('',(0.,0.,1.));
#2389 = DIRECTION('',(1.,0.,-0.));
#2390 = ADVANCED_FACE('',(#2391),#2409,.F.);
#2391 = FACE_BOUND('',#2392,.T.);
#2392 = EDGE_LOOP('',(#2393,#2394,#2395,#2403));
#2393 = ORIENTED_EDGE('',*,*,#2173,.T.);
#2394 = ORIENTED_EDGE('',*,*,#2369,.T.);
#2395 = ORIENTED_EDGE('',*,*,#2396,.F.);
#2396 = EDGE_CURVE('',#2397,#2370,#2399,.T.);
#2397 = VERTEX_POINT('',#2398);
#2398 = CARTESIAN_POINT('',(-6.15,-18.3,3.3));
#2399 = LINE('',#2400,#2401);
#2400 = CARTESIAN_POINT('',(-6.15,-18.3,3.3));
#2401 = VECTOR('',#2402,1.);
#2402 = DIRECTION('',(1.,0.,0.));
#2403 = ORIENTED_EDGE('',*,*,#2404,.F.);
#2404 = EDGE_CURVE('',#2174,#2397,#2405,.T.);
#2405 = LINE('',#2406,#2407);
#2406 = CARTESIAN_POINT('',(-6.15,-18.3,3.5));
#2407 = VECTOR('',#2408,1.);
#2408 = DIRECTION('',(0.,0.,-1.));
#2409 = PLANE('',#2410);
#2410 = AXIS2_PLACEMENT_3D('',#2411,#2412,#2413);
#2411 = CARTESIAN_POINT('',(-6.15,-18.3,3.5));
#2412 = DIRECTION('',(0.,-1.,0.));
#2413 = DIRECTION('',(1.,0.,0.));
#2414 = ADVANCED_FACE('',(#2415),#2427,.F.);
#2415 = FACE_BOUND('',#2416,.F.);
#2416 = EDGE_LOOP('',(#2417,#2418,#2425,#2426));
#2417 = ORIENTED_EDGE('',*,*,#2241,.T.);
#2418 = ORIENTED_EDGE('',*,*,#2419,.T.);
#2419 = EDGE_CURVE('',#2242,#2397,#2420,.T.);
#2420 = CIRCLE('',#2421,0.5);
#2421 = AXIS2_PLACEMENT_3D('',#2422,#2423,#2424);
#2422 = CARTESIAN_POINT('',(-6.15,-17.8,3.3));
#2423 = DIRECTION('',(0.,0.,1.));
#2424 = DIRECTION('',(-1.,0.,0.));
#2425 = ORIENTED_EDGE('',*,*,#2404,.F.);
#2426 = ORIENTED_EDGE('',*,*,#2181,.F.);
#2427 = CYLINDRICAL_SURFACE('',#2428,0.5);
#2428 = AXIS2_PLACEMENT_3D('',#2429,#2430,#2431);
#2429 = CARTESIAN_POINT('',(-6.15,-17.8,3.5));
#2430 = DIRECTION('',(0.,0.,1.));
#2431 = DIRECTION('',(1.,0.,-0.));
#2432 = ADVANCED_FACE('',(#2433),#2443,.T.);
#2433 = FACE_BOUND('',#2434,.T.);
#2434 = EDGE_LOOP('',(#2435,#2436,#2437,#2438,#2439,#2440,#2441,#2442));
#2435 = ORIENTED_EDGE('',*,*,#2279,.T.);
#2436 = ORIENTED_EDGE('',*,*,#2249,.T.);
#2437 = ORIENTED_EDGE('',*,*,#2419,.T.);
#2438 = ORIENTED_EDGE('',*,*,#2396,.T.);
#2439 = ORIENTED_EDGE('',*,*,#2377,.T.);
#2440 = ORIENTED_EDGE('',*,*,#2347,.T.);
#2441 = ORIENTED_EDGE('',*,*,#2328,.T.);
#2442 = ORIENTED_EDGE('',*,*,#2298,.T.);
#2443 = PLANE('',#2444);
#2444 = AXIS2_PLACEMENT_3D('',#2445,#2446,#2447);
#2445 = CARTESIAN_POINT('',(0.,0.,3.3));
#2446 = DIRECTION('',(0.,0.,1.));
#2447 = DIRECTION('',(1.,0.,-0.));
#2448 = ADVANCED_FACE('',(#2449),#2468,.T.);
#2449 = FACE_BOUND('',#2450,.T.);
#2450 = EDGE_LOOP('',(#2451,#2452,#2460,#2467));
#2451 = ORIENTED_EDGE('',*,*,#1852,.F.);
#2452 = ORIENTED_EDGE('',*,*,#2453,.T.);
#2453 = EDGE_CURVE('',#1853,#2454,#2456,.T.);
#2454 = VERTEX_POINT('',#2455);
#2455 = CARTESIAN_POINT('',(-5.,-1.E-15,3.2));
#2456 = LINE('',#2457,#2458);
#2457 = CARTESIAN_POINT('',(-5.,-6.1E-16,3.5));
#2458 = VECTOR('',#2459,1.);
#2459 = DIRECTION('',(0.,0.,-1.));
#2460 = ORIENTED_EDGE('',*,*,#2461,.F.);
#2461 = EDGE_CURVE('',#2454,#2454,#2462,.T.);
#2462 = CIRCLE('',#2463,5.);
#2463 = AXIS2_PLACEMENT_3D('',#2464,#2465,#2466);
#2464 = CARTESIAN_POINT('',(0.,0.,3.2));
#2465 = DIRECTION('',(0.,0.,-1.));
#2466 = DIRECTION('',(1.,0.,0.));
#2467 = ORIENTED_EDGE('',*,*,#2453,.F.);
#2468 = CYLINDRICAL_SURFACE('',#2469,5.);
#2469 = AXIS2_PLACEMENT_3D('',#2470,#2471,#2472);
#2470 = CARTESIAN_POINT('',(0.,0.,3.5));
#2471 = DIRECTION('',(0.,0.,1.));
#2472 = DIRECTION('',(1.,0.,-0.));
#2473 = ADVANCED_FACE('',(#2474,#2485),#2488,.T.);
#2474 = FACE_BOUND('',#2475,.T.);
#2475 = EDGE_LOOP('',(#2476));
#2476 = ORIENTED_EDGE('',*,*,#2477,.T.);
#2477 = EDGE_CURVE('',#2478,#2478,#2480,.T.);
#2478 = VERTEX_POINT('',#2479);
#2479 = CARTESIAN_POINT('',(-7.,-1.E-15,3.2));
#2480 = CIRCLE('',#2481,7.);
#2481 = AXIS2_PLACEMENT_3D('',#2482,#2483,#2484);
#2482 = CARTESIAN_POINT('',(0.,0.,3.2));
#2483 = DIRECTION('',(0.,0.,1.));
#2484 = DIRECTION('',(1.,0.,-0.));
#2485 = FACE_BOUND('',#2486,.T.);
#2486 = EDGE_LOOP('',(#2487));
#2487 = ORIENTED_EDGE('',*,*,#2461,.T.);
#2488 = PLANE('',#2489);
#2489 = AXIS2_PLACEMENT_3D('',#2490,#2491,#2492);
#2490 = CARTESIAN_POINT('',(0.,0.,3.2));
#2491 = DIRECTION('',(0.,0.,1.));
#2492 = DIRECTION('',(1.,0.,-0.));
#2493 = ADVANCED_FACE('',(#2494),#2529,.F.);
#2494 = FACE_BOUND('',#2495,.F.);
#2495 = EDGE_LOOP('',(#2496,#2502,#2503,#2511,#2520,#2526,#2527,#2528));
#2496 = ORIENTED_EDGE('',*,*,#2497,.T.);
#2497 = EDGE_CURVE('',#2478,#2103,#2498,.T.);
#2498 = LINE('',#2499,#2500);
#2499 = CARTESIAN_POINT('',(-7.,-8.6E-16,3.5));
#2500 = VECTOR('',#2501,1.);
#2501 = DIRECTION('',(0.,0.,1.));
#2502 = ORIENTED_EDGE('',*,*,#2111,.F.);
#2503 = ORIENTED_EDGE('',*,*,#2504,.F.);
#2504 = EDGE_CURVE('',#2505,#1883,#2507,.T.);
#2505 = VERTEX_POINT('',#2506);
#2506 = CARTESIAN_POINT('',(-0.25,6.995534289817,3.3));
#2507 = LINE('',#2508,#2509);
#2508 = CARTESIAN_POINT('',(-0.25,6.995534289817,3.3));
#2509 = VECTOR('',#2510,1.);
#2510 = DIRECTION('',(0.,0.,1.));
#2511 = ORIENTED_EDGE('',*,*,#2512,.F.);
#2512 = EDGE_CURVE('',#2513,#2505,#2515,.T.);
#2513 = VERTEX_POINT('',#2514);
#2514 = CARTESIAN_POINT('',(0.25,6.995534289817,3.3));
#2515 = CIRCLE('',#2516,7.);
#2516 = AXIS2_PLACEMENT_3D('',#2517,#2518,#2519);
#2517 = CARTESIAN_POINT('',(0.,0.,3.3));
#2518 = DIRECTION('',(0.,0.,1.));
#2519 = DIRECTION('',(3.57142857143E-02,0.999362041402,-0.));
#2520 = ORIENTED_EDGE('',*,*,#2521,.T.);
#2521 = EDGE_CURVE('',#2513,#2095,#2522,.T.);
#2522 = LINE('',#2523,#2524);
#2523 = CARTESIAN_POINT('',(0.25,6.995534289817,3.3));
#2524 = VECTOR('',#2525,1.);
#2525 = DIRECTION('',(0.,0.,1.));
#2526 = ORIENTED_EDGE('',*,*,#2102,.F.);
#2527 = ORIENTED_EDGE('',*,*,#2497,.F.);
#2528 = ORIENTED_EDGE('',*,*,#2477,.T.);
#2529 = CYLINDRICAL_SURFACE('',#2530,7.);
#2530 = AXIS2_PLACEMENT_3D('',#2531,#2532,#2533);
#2531 = CARTESIAN_POINT('',(0.,0.,3.5));
#2532 = DIRECTION('',(0.,0.,1.));
#2533 = DIRECTION('',(1.,0.,-0.));
#2534 = ADVANCED_FACE('',(#2535),#2585,.F.);
#2535 = FACE_BOUND('',#2536,.T.);
#2536 = EDGE_LOOP('',(#2537,#2547,#2555,#2563,#2569,#2570,#2571,#2579));
#2537 = ORIENTED_EDGE('',*,*,#2538,.T.);
#2538 = EDGE_CURVE('',#2539,#2541,#2543,.T.);
#2539 = VERTEX_POINT('',#2540);
#2540 = CARTESIAN_POINT('',(-0.25,9.3,3.1));
#2541 = VERTEX_POINT('',#2542);
#2542 = CARTESIAN_POINT('',(-0.25,9.3,-0.5));
#2543 = LINE('',#2544,#2545);
#2544 = CARTESIAN_POINT('',(-0.25,9.3,3.1));
#2545 = VECTOR('',#2546,1.);
#2546 = DIRECTION('',(0.,0.,-1.));
#2547 = ORIENTED_EDGE('',*,*,#2548,.F.);
#2548 = EDGE_CURVE('',#2549,#2541,#2551,.T.);
#2549 = VERTEX_POINT('',#2550);
#2550 = CARTESIAN_POINT('',(-0.25,9.5,-0.5));
#2551 = LINE('',#2552,#2553);
#2552 = CARTESIAN_POINT('',(-0.25,9.5,-0.5));
#2553 = VECTOR('',#2554,1.);
#2554 = DIRECTION('',(0.,-1.,0.));
#2555 = ORIENTED_EDGE('',*,*,#2556,.T.);
#2556 = EDGE_CURVE('',#2549,#2557,#2559,.T.);
#2557 = VERTEX_POINT('',#2558);
#2558 = CARTESIAN_POINT('',(-0.25,9.5,3.3));
#2559 = LINE('',#2560,#2561);
#2560 = CARTESIAN_POINT('',(-0.25,9.5,-0.5));
#2561 = VECTOR('',#2562,1.);
#2562 = DIRECTION('',(0.,0.,1.));
#2563 = ORIENTED_EDGE('',*,*,#2564,.F.);
#2564 = EDGE_CURVE('',#1881,#2557,#2565,.T.);
#2565 = LINE('',#2566,#2567);
#2566 = CARTESIAN_POINT('',(-0.25,9.3,3.5));
#2567 = VECTOR('',#2568,1.);
#2568 = DIRECTION('',(0.,0.707106781187,-0.707106781187));
#2569 = ORIENTED_EDGE('',*,*,#1880,.T.);
#2570 = ORIENTED_EDGE('',*,*,#2504,.F.);
#2571 = ORIENTED_EDGE('',*,*,#2572,.F.);
#2572 = EDGE_CURVE('',#2573,#2505,#2575,.T.);
#2573 = VERTEX_POINT('',#2574);
#2574 = CARTESIAN_POINT('',(-0.25,9.1,3.3));
#2575 = LINE('',#2576,#2577);
#2576 = CARTESIAN_POINT('',(-0.25,9.1,3.3));
#2577 = VECTOR('',#2578,1.);
#2578 = DIRECTION('',(0.,-1.,0.));
#2579 = ORIENTED_EDGE('',*,*,#2580,.T.);
#2580 = EDGE_CURVE('',#2573,#2539,#2581,.T.);
#2581 = LINE('',#2582,#2583);
#2582 = CARTESIAN_POINT('',(-0.25,9.1,3.3));
#2583 = VECTOR('',#2584,1.);
#2584 = DIRECTION('',(0.,0.707106781186,-0.707106781187));
#2585 = PLANE('',#2586);
#2586 = AXIS2_PLACEMENT_3D('',#2587,#2588,#2589);
#2587 = CARTESIAN_POINT('',(-0.25,9.5,3.5));
#2588 = DIRECTION('',(-1.,0.,0.));
#2589 = DIRECTION('',(0.,-1.,0.));
#2590 = ADVANCED_FACE('',(#2591),#2616,.F.);
#2591 = FACE_BOUND('',#2592,.T.);
#2592 = EDGE_LOOP('',(#2593,#2601,#2609,#2615));
#2593 = ORIENTED_EDGE('',*,*,#2594,.T.);
#2594 = EDGE_CURVE('',#2539,#2595,#2597,.T.);
#2595 = VERTEX_POINT('',#2596);
#2596 = CARTESIAN_POINT('',(0.25,9.3,3.1));
#2597 = LINE('',#2598,#2599);
#2598 = CARTESIAN_POINT('',(-0.25,9.3,3.1));
#2599 = VECTOR('',#2600,1.);
#2600 = DIRECTION('',(1.,0.,0.));
#2601 = ORIENTED_EDGE('',*,*,#2602,.T.);
#2602 = EDGE_CURVE('',#2595,#2603,#2605,.T.);
#2603 = VERTEX_POINT('',#2604);
#2604 = CARTESIAN_POINT('',(0.25,9.3,-0.5));
#2605 = LINE('',#2606,#2607);
#2606 = CARTESIAN_POINT('',(0.25,9.3,3.1));
#2607 = VECTOR('',#2608,1.);
#2608 = DIRECTION('',(0.,0.,-1.));
#2609 = ORIENTED_EDGE('',*,*,#2610,.F.);
#2610 = EDGE_CURVE('',#2541,#2603,#2611,.T.);
#2611 = LINE('',#2612,#2613);
#2612 = CARTESIAN_POINT('',(-0.25,9.3,-0.5));
#2613 = VECTOR('',#2614,1.);
#2614 = DIRECTION('',(1.,0.,0.));
#2615 = ORIENTED_EDGE('',*,*,#2538,.F.);
#2616 = PLANE('',#2617);
#2617 = AXIS2_PLACEMENT_3D('',#2618,#2619,#2620);
#2618 = CARTESIAN_POINT('',(-0.25,9.3,3.5));
#2619 = DIRECTION('',(0.,-1.,0.));
#2620 = DIRECTION('',(1.,0.,0.));
#2621 = ADVANCED_FACE('',(#2622),#2640,.T.);
#2622 = FACE_BOUND('',#2623,.T.);
#2623 = EDGE_LOOP('',(#2624,#2632,#2638,#2639));
#2624 = ORIENTED_EDGE('',*,*,#2625,.T.);
#2625 = EDGE_CURVE('',#2573,#2626,#2628,.T.);
#2626 = VERTEX_POINT('',#2627);
#2627 = CARTESIAN_POINT('',(0.25,9.1,3.3));
#2628 = LINE('',#2629,#2630);
#2629 = CARTESIAN_POINT('',(-0.25,9.1,3.3));
#2630 = VECTOR('',#2631,1.);
#2631 = DIRECTION('',(1.,0.,0.));
#2632 = ORIENTED_EDGE('',*,*,#2633,.F.);
#2633 = EDGE_CURVE('',#2595,#2626,#2634,.T.);
#2634 = LINE('',#2635,#2636);
#2635 = CARTESIAN_POINT('',(0.25,9.3,3.1));
#2636 = VECTOR('',#2637,1.);
#2637 = DIRECTION('',(0.,-0.707106781187,0.707106781187));
#2638 = ORIENTED_EDGE('',*,*,#2594,.F.);
#2639 = ORIENTED_EDGE('',*,*,#2580,.F.);
#2640 = PLANE('',#2641);
#2641 = AXIS2_PLACEMENT_3D('',#2642,#2643,#2644);
#2642 = CARTESIAN_POINT('',(-2.487E-14,9.2,3.2));
#2643 = DIRECTION('',(0.,0.707106781187,0.707106781187));
#2644 = DIRECTION('',(0.,-0.707106781187,0.707106781187));
#2645 = ADVANCED_FACE('',(#2646),#2657,.F.);
#2646 = FACE_BOUND('',#2647,.T.);
#2647 = EDGE_LOOP('',(#2648,#2649,#2650,#2651));
#2648 = ORIENTED_EDGE('',*,*,#2625,.F.);
#2649 = ORIENTED_EDGE('',*,*,#2572,.T.);
#2650 = ORIENTED_EDGE('',*,*,#2512,.F.);
#2651 = ORIENTED_EDGE('',*,*,#2652,.F.);
#2652 = EDGE_CURVE('',#2626,#2513,#2653,.T.);
#2653 = LINE('',#2654,#2655);
#2654 = CARTESIAN_POINT('',(0.25,9.1,3.3));
#2655 = VECTOR('',#2656,1.);
#2656 = DIRECTION('',(0.,-1.,0.));
#2657 = PLANE('',#2658);
#2658 = AXIS2_PLACEMENT_3D('',#2659,#2660,#2661);
#2659 = CARTESIAN_POINT('',(0.25,9.5,3.3));
#2660 = DIRECTION('',(0.,0.,-1.));
#2661 = DIRECTION('',(-1.,0.,0.));
#2662 = ADVANCED_FACE('',(#2663),#2692,.F.);
#2663 = FACE_BOUND('',#2664,.T.);
#2664 = EDGE_LOOP('',(#2665,#2666,#2667,#2668,#2676,#2684,#2690,#2691));
#2665 = ORIENTED_EDGE('',*,*,#2652,.T.);
#2666 = ORIENTED_EDGE('',*,*,#2521,.T.);
#2667 = ORIENTED_EDGE('',*,*,#2094,.F.);
#2668 = ORIENTED_EDGE('',*,*,#2669,.T.);
#2669 = EDGE_CURVE('',#2087,#2670,#2672,.T.);
#2670 = VERTEX_POINT('',#2671);
#2671 = CARTESIAN_POINT('',(0.25,9.5,3.3));
#2672 = LINE('',#2673,#2674);
#2673 = CARTESIAN_POINT('',(0.25,9.3,3.5));
#2674 = VECTOR('',#2675,1.);
#2675 = DIRECTION('',(0.,0.707106781187,-0.707106781187));
#2676 = ORIENTED_EDGE('',*,*,#2677,.F.);
#2677 = EDGE_CURVE('',#2678,#2670,#2680,.T.);
#2678 = VERTEX_POINT('',#2679);
#2679 = CARTESIAN_POINT('',(0.25,9.5,-0.5));
#2680 = LINE('',#2681,#2682);
#2681 = CARTESIAN_POINT('',(0.25,9.5,-0.5));
#2682 = VECTOR('',#2683,1.);
#2683 = DIRECTION('',(0.,0.,1.));
#2684 = ORIENTED_EDGE('',*,*,#2685,.T.);
#2685 = EDGE_CURVE('',#2678,#2603,#2686,.T.);
#2686 = LINE('',#2687,#2688);
#2687 = CARTESIAN_POINT('',(0.25,9.5,-0.5));
#2688 = VECTOR('',#2689,1.);
#2689 = DIRECTION('',(0.,-1.,0.));
#2690 = ORIENTED_EDGE('',*,*,#2602,.F.);
#2691 = ORIENTED_EDGE('',*,*,#2633,.T.);
#2692 = PLANE('',#2693);
#2693 = AXIS2_PLACEMENT_3D('',#2694,#2695,#2696);
#2694 = CARTESIAN_POINT('',(0.25,9.3,3.5));
#2695 = DIRECTION('',(1.,0.,0.));
#2696 = DIRECTION('',(-0.,1.,0.));
#2697 = ADVANCED_FACE('',(#2698,#2773),#2911,.T.);
#2698 = FACE_BOUND('',#2699,.T.);
#2699 = EDGE_LOOP('',(#2700,#2701,#2702,#2703,#2711,#2719,#2727,#2735,
    #2743,#2751,#2759,#2767));
#2700 = ORIENTED_EDGE('',*,*,#2548,.T.);
#2701 = ORIENTED_EDGE('',*,*,#2610,.T.);
#2702 = ORIENTED_EDGE('',*,*,#2685,.F.);
#2703 = ORIENTED_EDGE('',*,*,#2704,.T.);
#2704 = EDGE_CURVE('',#2678,#2705,#2707,.T.);
#2705 = VERTEX_POINT('',#2706);
#2706 = CARTESIAN_POINT('',(9.,9.5,-0.5));
#2707 = LINE('',#2708,#2709);
#2708 = CARTESIAN_POINT('',(0.25,9.5,-0.5));
#2709 = VECTOR('',#2710,1.);
#2710 = DIRECTION('',(1.,0.,0.));
#2711 = ORIENTED_EDGE('',*,*,#2712,.T.);
#2712 = EDGE_CURVE('',#2705,#2713,#2715,.T.);
#2713 = VERTEX_POINT('',#2714);
#2714 = CARTESIAN_POINT('',(10.,8.5,-0.5));
#2715 = LINE('',#2716,#2717);
#2716 = CARTESIAN_POINT('',(9.,9.5,-0.5));
#2717 = VECTOR('',#2718,1.);
#2718 = DIRECTION('',(0.707106781187,-0.707106781187,0.));
#2719 = ORIENTED_EDGE('',*,*,#2720,.T.);
#2720 = EDGE_CURVE('',#2713,#2721,#2723,.T.);
#2721 = VERTEX_POINT('',#2722);
#2722 = CARTESIAN_POINT('',(10.,-23.5,-0.5));
#2723 = LINE('',#2724,#2725);
#2724 = CARTESIAN_POINT('',(10.,8.5,-0.5));
#2725 = VECTOR('',#2726,1.);
#2726 = DIRECTION('',(0.,-1.,0.));
#2727 = ORIENTED_EDGE('',*,*,#2728,.T.);
#2728 = EDGE_CURVE('',#2721,#2729,#2731,.T.);
#2729 = VERTEX_POINT('',#2730);
#2730 = CARTESIAN_POINT('',(9.,-24.5,-0.5));
#2731 = LINE('',#2732,#2733);
#2732 = CARTESIAN_POINT('',(10.,-23.5,-0.5));
#2733 = VECTOR('',#2734,1.);
#2734 = DIRECTION('',(-0.707106781187,-0.707106781187,0.));
#2735 = ORIENTED_EDGE('',*,*,#2736,.T.);
#2736 = EDGE_CURVE('',#2729,#2737,#2739,.T.);
#2737 = VERTEX_POINT('',#2738);
#2738 = CARTESIAN_POINT('',(-9.,-24.5,-0.5));
#2739 = LINE('',#2740,#2741);
#2740 = CARTESIAN_POINT('',(9.,-24.5,-0.5));
#2741 = VECTOR('',#2742,1.);
#2742 = DIRECTION('',(-1.,0.,0.));
#2743 = ORIENTED_EDGE('',*,*,#2744,.T.);
#2744 = EDGE_CURVE('',#2737,#2745,#2747,.T.);
#2745 = VERTEX_POINT('',#2746);
#2746 = CARTESIAN_POINT('',(-10.,-23.5,-0.5));
#2747 = LINE('',#2748,#2749);
#2748 = CARTESIAN_POINT('',(-9.,-24.5,-0.5));
#2749 = VECTOR('',#2750,1.);
#2750 = DIRECTION('',(-0.707106781187,0.707106781187,0.));
#2751 = ORIENTED_EDGE('',*,*,#2752,.T.);
#2752 = EDGE_CURVE('',#2745,#2753,#2755,.T.);
#2753 = VERTEX_POINT('',#2754);
#2754 = CARTESIAN_POINT('',(-10.,8.5,-0.5));
#2755 = LINE('',#2756,#2757);
#2756 = CARTESIAN_POINT('',(-10.,-23.5,-0.5));
#2757 = VECTOR('',#2758,1.);
#2758 = DIRECTION('',(0.,1.,0.));
#2759 = ORIENTED_EDGE('',*,*,#2760,.T.);
#2760 = EDGE_CURVE('',#2753,#2761,#2763,.T.);
#2761 = VERTEX_POINT('',#2762);
#2762 = CARTESIAN_POINT('',(-9.,9.5,-0.5));
#2763 = LINE('',#2764,#2765);
#2764 = CARTESIAN_POINT('',(-10.,8.5,-0.5));
#2765 = VECTOR('',#2766,1.);
#2766 = DIRECTION('',(0.707106781187,0.707106781187,0.));
#2767 = ORIENTED_EDGE('',*,*,#2768,.T.);
#2768 = EDGE_CURVE('',#2761,#2549,#2769,.T.);
#2769 = LINE('',#2770,#2771);
#2770 = CARTESIAN_POINT('',(-9.,9.5,-0.5));
#2771 = VECTOR('',#2772,1.);
#2772 = DIRECTION('',(1.,0.,0.));
#2773 = FACE_BOUND('',#2774,.T.);
#2774 = EDGE_LOOP('',(#2775,#2785,#2794,#2802,#2811,#2819,#2828,#2836,
    #2845,#2853,#2862,#2870,#2879,#2887,#2896,#2904));
#2775 = ORIENTED_EDGE('',*,*,#2776,.T.);
#2776 = EDGE_CURVE('',#2777,#2779,#2781,.T.);
#2777 = VERTEX_POINT('',#2778);
#2778 = CARTESIAN_POINT('',(8.420101012678,9.1,-0.5));
#2779 = VERTEX_POINT('',#2780);
#2780 = CARTESIAN_POINT('',(-8.420101012678,9.1,-0.5));
#2781 = LINE('',#2782,#2783);
#2782 = CARTESIAN_POINT('',(8.420101012678,9.1,-0.5));
#2783 = VECTOR('',#2784,1.);
#2784 = DIRECTION('',(-1.,0.,0.));
#2785 = ORIENTED_EDGE('',*,*,#2786,.T.);
#2786 = EDGE_CURVE('',#2779,#2787,#2789,.T.);
#2787 = VERTEX_POINT('',#2788);
#2788 = CARTESIAN_POINT('',(-9.127207793864,8.807106781187,-0.5));
#2789 = CIRCLE('',#2790,1.);
#2790 = AXIS2_PLACEMENT_3D('',#2791,#2792,#2793);
#2791 = CARTESIAN_POINT('',(-8.420101012678,8.1,-0.5));
#2792 = DIRECTION('',(0.,-0.,1.));
#2793 = DIRECTION('',(0.,1.,0.));
#2794 = ORIENTED_EDGE('',*,*,#2795,.T.);
#2795 = EDGE_CURVE('',#2787,#2796,#2798,.T.);
#2796 = VERTEX_POINT('',#2797);
#2797 = CARTESIAN_POINT('',(-9.307106781187,8.627207793864,-0.5));
#2798 = LINE('',#2799,#2800);
#2799 = CARTESIAN_POINT('',(-9.127207793864,8.807106781187,-0.5));
#2800 = VECTOR('',#2801,1.);
#2801 = DIRECTION('',(-0.707106781187,-0.707106781186,0.));
#2802 = ORIENTED_EDGE('',*,*,#2803,.T.);
#2803 = EDGE_CURVE('',#2796,#2804,#2806,.T.);
#2804 = VERTEX_POINT('',#2805);
#2805 = CARTESIAN_POINT('',(-9.6,7.920101012678,-0.5));
#2806 = CIRCLE('',#2807,1.);
#2807 = AXIS2_PLACEMENT_3D('',#2808,#2809,#2810);
#2808 = CARTESIAN_POINT('',(-8.6,7.920101012678,-0.5));
#2809 = DIRECTION('',(0.,0.,1.));
#2810 = DIRECTION('',(-0.707106781186,0.707106781187,0.));
#2811 = ORIENTED_EDGE('',*,*,#2812,.T.);
#2812 = EDGE_CURVE('',#2804,#2813,#2815,.T.);
#2813 = VERTEX_POINT('',#2814);
#2814 = CARTESIAN_POINT('',(-9.6,-22.92010101268,-0.5));
#2815 = LINE('',#2816,#2817);
#2816 = CARTESIAN_POINT('',(-9.6,7.920101012678,-0.5));
#2817 = VECTOR('',#2818,1.);
#2818 = DIRECTION('',(0.,-1.,0.));
#2819 = ORIENTED_EDGE('',*,*,#2820,.T.);
#2820 = EDGE_CURVE('',#2813,#2821,#2823,.T.);
#2821 = VERTEX_POINT('',#2822);
#2822 = CARTESIAN_POINT('',(-9.307106781187,-23.62720779386,-0.5));
#2823 = CIRCLE('',#2824,1.);
#2824 = AXIS2_PLACEMENT_3D('',#2825,#2826,#2827);
#2825 = CARTESIAN_POINT('',(-8.6,-22.92010101268,-0.5));
#2826 = DIRECTION('',(0.,0.,1.));
#2827 = DIRECTION('',(-1.,0.,0.));
#2828 = ORIENTED_EDGE('',*,*,#2829,.T.);
#2829 = EDGE_CURVE('',#2821,#2830,#2832,.T.);
#2830 = VERTEX_POINT('',#2831);
#2831 = CARTESIAN_POINT('',(-9.127207793864,-23.80710678119,-0.5));
#2832 = LINE('',#2833,#2834);
#2833 = CARTESIAN_POINT('',(-9.307106781187,-23.62720779386,-0.5));
#2834 = VECTOR('',#2835,1.);
#2835 = DIRECTION('',(0.707106781187,-0.707106781187,0.));
#2836 = ORIENTED_EDGE('',*,*,#2837,.T.);
#2837 = EDGE_CURVE('',#2830,#2838,#2840,.T.);
#2838 = VERTEX_POINT('',#2839);
#2839 = CARTESIAN_POINT('',(-8.420101012678,-24.1,-0.5));
#2840 = CIRCLE('',#2841,1.);
#2841 = AXIS2_PLACEMENT_3D('',#2842,#2843,#2844);
#2842 = CARTESIAN_POINT('',(-8.420101012678,-23.1,-0.5));
#2843 = DIRECTION('',(0.,0.,1.));
#2844 = DIRECTION('',(-0.707106781187,-0.707106781187,0.));
#2845 = ORIENTED_EDGE('',*,*,#2846,.T.);
#2846 = EDGE_CURVE('',#2838,#2847,#2849,.T.);
#2847 = VERTEX_POINT('',#2848);
#2848 = CARTESIAN_POINT('',(8.420101012678,-24.1,-0.5));
#2849 = LINE('',#2850,#2851);
#2850 = CARTESIAN_POINT('',(-8.420101012678,-24.1,-0.5));
#2851 = VECTOR('',#2852,1.);
#2852 = DIRECTION('',(1.,0.,0.));
#2853 = ORIENTED_EDGE('',*,*,#2854,.T.);
#2854 = EDGE_CURVE('',#2847,#2855,#2857,.T.);
#2855 = VERTEX_POINT('',#2856);
#2856 = CARTESIAN_POINT('',(9.127207793864,-23.80710678119,-0.5));
#2857 = CIRCLE('',#2858,1.);
#2858 = AXIS2_PLACEMENT_3D('',#2859,#2860,#2861);
#2859 = CARTESIAN_POINT('',(8.420101012678,-23.1,-0.5));
#2860 = DIRECTION('',(0.,0.,1.));
#2861 = DIRECTION('',(0.,-1.,0.));
#2862 = ORIENTED_EDGE('',*,*,#2863,.T.);
#2863 = EDGE_CURVE('',#2855,#2864,#2866,.T.);
#2864 = VERTEX_POINT('',#2865);
#2865 = CARTESIAN_POINT('',(9.307106781187,-23.62720779386,-0.5));
#2866 = LINE('',#2867,#2868);
#2867 = CARTESIAN_POINT('',(9.127207793864,-23.80710678119,-0.5));
#2868 = VECTOR('',#2869,1.);
#2869 = DIRECTION('',(0.707106781187,0.707106781187,0.));
#2870 = ORIENTED_EDGE('',*,*,#2871,.T.);
#2871 = EDGE_CURVE('',#2864,#2872,#2874,.T.);
#2872 = VERTEX_POINT('',#2873);
#2873 = CARTESIAN_POINT('',(9.6,-22.92010101268,-0.5));
#2874 = CIRCLE('',#2875,1.);
#2875 = AXIS2_PLACEMENT_3D('',#2876,#2877,#2878);
#2876 = CARTESIAN_POINT('',(8.6,-22.92010101268,-0.5));
#2877 = DIRECTION('',(0.,0.,1.));
#2878 = DIRECTION('',(0.707106781187,-0.707106781187,0.));
#2879 = ORIENTED_EDGE('',*,*,#2880,.T.);
#2880 = EDGE_CURVE('',#2872,#2881,#2883,.T.);
#2881 = VERTEX_POINT('',#2882);
#2882 = CARTESIAN_POINT('',(9.6,7.920101012678,-0.5));
#2883 = LINE('',#2884,#2885);
#2884 = CARTESIAN_POINT('',(9.6,-22.92010101268,-0.5));
#2885 = VECTOR('',#2886,1.);
#2886 = DIRECTION('',(0.,1.,0.));
#2887 = ORIENTED_EDGE('',*,*,#2888,.T.);
#2888 = EDGE_CURVE('',#2881,#2889,#2891,.T.);
#2889 = VERTEX_POINT('',#2890);
#2890 = CARTESIAN_POINT('',(9.307106781187,8.627207793864,-0.5));
#2891 = CIRCLE('',#2892,1.);
#2892 = AXIS2_PLACEMENT_3D('',#2893,#2894,#2895);
#2893 = CARTESIAN_POINT('',(8.6,7.920101012678,-0.5));
#2894 = DIRECTION('',(0.,0.,1.));
#2895 = DIRECTION('',(1.,0.,-0.));
#2896 = ORIENTED_EDGE('',*,*,#2897,.T.);
#2897 = EDGE_CURVE('',#2889,#2898,#2900,.T.);
#2898 = VERTEX_POINT('',#2899);
#2899 = CARTESIAN_POINT('',(9.127207793864,8.807106781187,-0.5));
#2900 = LINE('',#2901,#2902);
#2901 = CARTESIAN_POINT('',(9.307106781187,8.627207793864,-0.5));
#2902 = VECTOR('',#2903,1.);
#2903 = DIRECTION('',(-0.707106781187,0.707106781186,0.));
#2904 = ORIENTED_EDGE('',*,*,#2905,.T.);
#2905 = EDGE_CURVE('',#2898,#2777,#2906,.T.);
#2906 = CIRCLE('',#2907,1.);
#2907 = AXIS2_PLACEMENT_3D('',#2908,#2909,#2910);
#2908 = CARTESIAN_POINT('',(8.420101012678,8.1,-0.5));
#2909 = DIRECTION('',(0.,0.,1.));
#2910 = DIRECTION('',(0.707106781187,0.707106781187,-0.));
#2911 = PLANE('',#2912);
#2912 = AXIS2_PLACEMENT_3D('',#2913,#2914,#2915);
#2913 = CARTESIAN_POINT('',(0.,0.,-0.5));
#2914 = DIRECTION('',(0.,0.,-1.));
#2915 = DIRECTION('',(-1.,0.,0.));
#2916 = ADVANCED_FACE('',(#2917),#2942,.T.);
#2917 = FACE_BOUND('',#2918,.T.);
#2918 = EDGE_LOOP('',(#2919,#2927,#2935,#2941));
#2919 = ORIENTED_EDGE('',*,*,#2920,.F.);
#2920 = EDGE_CURVE('',#2921,#2777,#2923,.T.);
#2921 = VERTEX_POINT('',#2922);
#2922 = CARTESIAN_POINT('',(8.420101012678,9.1,0.));
#2923 = LINE('',#2924,#2925);
#2924 = CARTESIAN_POINT('',(8.420101012678,9.1,0.));
#2925 = VECTOR('',#2926,1.);
#2926 = DIRECTION('',(0.,0.,-1.));
#2927 = ORIENTED_EDGE('',*,*,#2928,.T.);
#2928 = EDGE_CURVE('',#2921,#2929,#2931,.T.);
#2929 = VERTEX_POINT('',#2930);
#2930 = CARTESIAN_POINT('',(-8.420101012678,9.1,0.));
#2931 = LINE('',#2932,#2933);
#2932 = CARTESIAN_POINT('',(8.420101012678,9.1,0.));
#2933 = VECTOR('',#2934,1.);
#2934 = DIRECTION('',(-1.,0.,0.));
#2935 = ORIENTED_EDGE('',*,*,#2936,.T.);
#2936 = EDGE_CURVE('',#2929,#2779,#2937,.T.);
#2937 = LINE('',#2938,#2939);
#2938 = CARTESIAN_POINT('',(-8.420101012678,9.1,0.));
#2939 = VECTOR('',#2940,1.);
#2940 = DIRECTION('',(0.,0.,-1.));
#2941 = ORIENTED_EDGE('',*,*,#2776,.F.);
#2942 = PLANE('',#2943);
#2943 = AXIS2_PLACEMENT_3D('',#2944,#2945,#2946);
#2944 = CARTESIAN_POINT('',(8.834314575051,9.1,0.));
#2945 = DIRECTION('',(0.,-1.,0.));
#2946 = DIRECTION('',(-1.,0.,0.));
#2947 = ADVANCED_FACE('',(#2948),#2967,.F.);
#2948 = FACE_BOUND('',#2949,.F.);
#2949 = EDGE_LOOP('',(#2950,#2959,#2965,#2966));
#2950 = ORIENTED_EDGE('',*,*,#2951,.T.);
#2951 = EDGE_CURVE('',#2921,#2952,#2954,.T.);
#2952 = VERTEX_POINT('',#2953);
#2953 = CARTESIAN_POINT('',(9.127207793864,8.807106781187,0.));
#2954 = CIRCLE('',#2955,1.);
#2955 = AXIS2_PLACEMENT_3D('',#2956,#2957,#2958);
#2956 = CARTESIAN_POINT('',(8.420101012678,8.1,0.));
#2957 = DIRECTION('',(0.,0.,-1.));
#2958 = DIRECTION('',(0.,1.,0.));
#2959 = ORIENTED_EDGE('',*,*,#2960,.T.);
#2960 = EDGE_CURVE('',#2952,#2898,#2961,.T.);
#2961 = LINE('',#2962,#2963);
#2962 = CARTESIAN_POINT('',(9.127207793864,8.807106781187,0.));
#2963 = VECTOR('',#2964,1.);
#2964 = DIRECTION('',(0.,0.,-1.));
#2965 = ORIENTED_EDGE('',*,*,#2905,.T.);
#2966 = ORIENTED_EDGE('',*,*,#2920,.F.);
#2967 = CYLINDRICAL_SURFACE('',#2968,1.);
#2968 = AXIS2_PLACEMENT_3D('',#2969,#2970,#2971);
#2969 = CARTESIAN_POINT('',(8.420101012678,8.1,8.7144));
#2970 = DIRECTION('',(0.,0.,-1.));
#2971 = DIRECTION('',(0.,1.,0.));
#2972 = ADVANCED_FACE('',(#2973,#3094,#3105,#3116,#3127,#3138,#3149,
    #3160,#3171,#3182),#3193,.F.);
#2973 = FACE_BOUND('',#2974,.T.);
#2974 = EDGE_LOOP('',(#2975,#2986,#2994,#3003,#3011,#3020,#3028,#3037,
    #3045,#3054,#3062,#3071,#3079,#3086,#3087,#3088));
#2975 = ORIENTED_EDGE('',*,*,#2976,.T.);
#2976 = EDGE_CURVE('',#2977,#2979,#2981,.T.);
#2977 = VERTEX_POINT('',#2978);
#2978 = CARTESIAN_POINT('',(9.307106781187,8.627207793864,0.));
#2979 = VERTEX_POINT('',#2980);
#2980 = CARTESIAN_POINT('',(9.6,7.920101012678,0.));
#2981 = CIRCLE('',#2982,1.);
#2982 = AXIS2_PLACEMENT_3D('',#2983,#2984,#2985);
#2983 = CARTESIAN_POINT('',(8.6,7.920101012678,0.));
#2984 = DIRECTION('',(0.,0.,-1.));
#2985 = DIRECTION('',(0.707106781186,0.707106781187,0.));
#2986 = ORIENTED_EDGE('',*,*,#2987,.F.);
#2987 = EDGE_CURVE('',#2988,#2979,#2990,.T.);
#2988 = VERTEX_POINT('',#2989);
#2989 = CARTESIAN_POINT('',(9.6,-22.92010101268,0.));
#2990 = LINE('',#2991,#2992);
#2991 = CARTESIAN_POINT('',(9.6,-22.92010101268,0.));
#2992 = VECTOR('',#2993,1.);
#2993 = DIRECTION('',(0.,1.,0.));
#2994 = ORIENTED_EDGE('',*,*,#2995,.T.);
#2995 = EDGE_CURVE('',#2988,#2996,#2998,.T.);
#2996 = VERTEX_POINT('',#2997);
#2997 = CARTESIAN_POINT('',(9.307106781187,-23.62720779386,0.));
#2998 = CIRCLE('',#2999,1.);
#2999 = AXIS2_PLACEMENT_3D('',#3000,#3001,#3002);
#3000 = CARTESIAN_POINT('',(8.6,-22.92010101268,0.));
#3001 = DIRECTION('',(0.,0.,-1.));
#3002 = DIRECTION('',(1.,0.,0.));
#3003 = ORIENTED_EDGE('',*,*,#3004,.F.);
#3004 = EDGE_CURVE('',#3005,#2996,#3007,.T.);
#3005 = VERTEX_POINT('',#3006);
#3006 = CARTESIAN_POINT('',(9.127207793864,-23.80710678119,0.));
#3007 = LINE('',#3008,#3009);
#3008 = CARTESIAN_POINT('',(9.127207793864,-23.80710678119,0.));
#3009 = VECTOR('',#3010,1.);
#3010 = DIRECTION('',(0.707106781187,0.707106781186,0.));
#3011 = ORIENTED_EDGE('',*,*,#3012,.T.);
#3012 = EDGE_CURVE('',#3005,#3013,#3015,.T.);
#3013 = VERTEX_POINT('',#3014);
#3014 = CARTESIAN_POINT('',(8.420101012678,-24.1,0.));
#3015 = CIRCLE('',#3016,1.);
#3016 = AXIS2_PLACEMENT_3D('',#3017,#3018,#3019);
#3017 = CARTESIAN_POINT('',(8.420101012678,-23.1,0.));
#3018 = DIRECTION('',(0.,0.,-1.));
#3019 = DIRECTION('',(0.707106781186,-0.707106781187,0.));
#3020 = ORIENTED_EDGE('',*,*,#3021,.F.);
#3021 = EDGE_CURVE('',#3022,#3013,#3024,.T.);
#3022 = VERTEX_POINT('',#3023);
#3023 = CARTESIAN_POINT('',(-8.420101012678,-24.1,0.));
#3024 = LINE('',#3025,#3026);
#3025 = CARTESIAN_POINT('',(-8.420101012678,-24.1,0.));
#3026 = VECTOR('',#3027,1.);
#3027 = DIRECTION('',(1.,0.,0.));
#3028 = ORIENTED_EDGE('',*,*,#3029,.T.);
#3029 = EDGE_CURVE('',#3022,#3030,#3032,.T.);
#3030 = VERTEX_POINT('',#3031);
#3031 = CARTESIAN_POINT('',(-9.127207793864,-23.80710678119,0.));
#3032 = CIRCLE('',#3033,1.);
#3033 = AXIS2_PLACEMENT_3D('',#3034,#3035,#3036);
#3034 = CARTESIAN_POINT('',(-8.420101012678,-23.1,0.));
#3035 = DIRECTION('',(0.,0.,-1.));
#3036 = DIRECTION('',(0.,-1.,0.));
#3037 = ORIENTED_EDGE('',*,*,#3038,.F.);
#3038 = EDGE_CURVE('',#3039,#3030,#3041,.T.);
#3039 = VERTEX_POINT('',#3040);
#3040 = CARTESIAN_POINT('',(-9.307106781187,-23.62720779386,0.));
#3041 = LINE('',#3042,#3043);
#3042 = CARTESIAN_POINT('',(-9.307106781187,-23.62720779386,0.));
#3043 = VECTOR('',#3044,1.);
#3044 = DIRECTION('',(0.707106781187,-0.707106781187,0.));
#3045 = ORIENTED_EDGE('',*,*,#3046,.T.);
#3046 = EDGE_CURVE('',#3039,#3047,#3049,.T.);
#3047 = VERTEX_POINT('',#3048);
#3048 = CARTESIAN_POINT('',(-9.6,-22.92010101268,0.));
#3049 = CIRCLE('',#3050,1.);
#3050 = AXIS2_PLACEMENT_3D('',#3051,#3052,#3053);
#3051 = CARTESIAN_POINT('',(-8.6,-22.92010101268,0.));
#3052 = DIRECTION('',(0.,0.,-1.));
#3053 = DIRECTION('',(-0.707106781186,-0.707106781187,-0.));
#3054 = ORIENTED_EDGE('',*,*,#3055,.F.);
#3055 = EDGE_CURVE('',#3056,#3047,#3058,.T.);
#3056 = VERTEX_POINT('',#3057);
#3057 = CARTESIAN_POINT('',(-9.6,7.920101012678,0.));
#3058 = LINE('',#3059,#3060);
#3059 = CARTESIAN_POINT('',(-9.6,7.920101012678,0.));
#3060 = VECTOR('',#3061,1.);
#3061 = DIRECTION('',(0.,-1.,0.));
#3062 = ORIENTED_EDGE('',*,*,#3063,.T.);
#3063 = EDGE_CURVE('',#3056,#3064,#3066,.T.);
#3064 = VERTEX_POINT('',#3065);
#3065 = CARTESIAN_POINT('',(-9.307106781187,8.627207793864,0.));
#3066 = CIRCLE('',#3067,1.);
#3067 = AXIS2_PLACEMENT_3D('',#3068,#3069,#3070);
#3068 = CARTESIAN_POINT('',(-8.6,7.920101012678,0.));
#3069 = DIRECTION('',(0.,0.,-1.));
#3070 = DIRECTION('',(-1.,0.,0.));
#3071 = ORIENTED_EDGE('',*,*,#3072,.F.);
#3072 = EDGE_CURVE('',#3073,#3064,#3075,.T.);
#3073 = VERTEX_POINT('',#3074);
#3074 = CARTESIAN_POINT('',(-9.127207793864,8.807106781187,0.));
#3075 = LINE('',#3076,#3077);
#3076 = CARTESIAN_POINT('',(-9.127207793864,8.807106781187,0.));
#3077 = VECTOR('',#3078,1.);
#3078 = DIRECTION('',(-0.707106781187,-0.707106781186,0.));
#3079 = ORIENTED_EDGE('',*,*,#3080,.T.);
#3080 = EDGE_CURVE('',#3073,#2929,#3081,.T.);
#3081 = CIRCLE('',#3082,1.);
#3082 = AXIS2_PLACEMENT_3D('',#3083,#3084,#3085);
#3083 = CARTESIAN_POINT('',(-8.420101012678,8.1,0.));
#3084 = DIRECTION('',(0.,0.,-1.));
#3085 = DIRECTION('',(-0.707106781186,0.707106781187,0.));
#3086 = ORIENTED_EDGE('',*,*,#2928,.F.);
#3087 = ORIENTED_EDGE('',*,*,#2951,.T.);
#3088 = ORIENTED_EDGE('',*,*,#3089,.F.);
#3089 = EDGE_CURVE('',#2977,#2952,#3090,.T.);
#3090 = LINE('',#3091,#3092);
#3091 = CARTESIAN_POINT('',(9.307106781187,8.627207793864,0.));
#3092 = VECTOR('',#3093,1.);
#3093 = DIRECTION('',(-0.707106781187,0.707106781186,0.));
#3094 = FACE_BOUND('',#3095,.T.);
#3095 = EDGE_LOOP('',(#3096));
#3096 = ORIENTED_EDGE('',*,*,#3097,.F.);
#3097 = EDGE_CURVE('',#3098,#3098,#3100,.T.);
#3098 = VERTEX_POINT('',#3099);
#3099 = CARTESIAN_POINT('',(9.3,4.5,0.));
#3100 = CIRCLE('',#3101,0.9);
#3101 = AXIS2_PLACEMENT_3D('',#3102,#3103,#3104);
#3102 = CARTESIAN_POINT('',(8.4,4.5,0.));
#3103 = DIRECTION('',(0.,0.,-1.));
#3104 = DIRECTION('',(-1.,0.,0.));
#3105 = FACE_BOUND('',#3106,.T.);
#3106 = EDGE_LOOP('',(#3107));
#3107 = ORIENTED_EDGE('',*,*,#3108,.F.);
#3108 = EDGE_CURVE('',#3109,#3109,#3111,.T.);
#3109 = VERTEX_POINT('',#3110);
#3110 = CARTESIAN_POINT('',(-7.5,4.5,0.));
#3111 = CIRCLE('',#3112,0.9);
#3112 = AXIS2_PLACEMENT_3D('',#3113,#3114,#3115);
#3113 = CARTESIAN_POINT('',(-8.4,4.5,0.));
#3114 = DIRECTION('',(0.,0.,-1.));
#3115 = DIRECTION('',(-1.,0.,0.));
#3116 = FACE_BOUND('',#3117,.T.);
#3117 = EDGE_LOOP('',(#3118));
#3118 = ORIENTED_EDGE('',*,*,#3119,.F.);
#3119 = EDGE_CURVE('',#3120,#3120,#3122,.T.);
#3120 = VERTEX_POINT('',#3121);
#3121 = CARTESIAN_POINT('',(5.8,-22.9,0.));
#3122 = CIRCLE('',#3123,0.9);
#3123 = AXIS2_PLACEMENT_3D('',#3124,#3125,#3126);
#3124 = CARTESIAN_POINT('',(4.9,-22.9,0.));
#3125 = DIRECTION('',(0.,0.,-1.));
#3126 = DIRECTION('',(-1.,0.,0.));
#3127 = FACE_BOUND('',#3128,.T.);
#3128 = EDGE_LOOP('',(#3129));
#3129 = ORIENTED_EDGE('',*,*,#3130,.F.);
#3130 = EDGE_CURVE('',#3131,#3131,#3133,.T.);
#3131 = VERTEX_POINT('',#3132);
#3132 = CARTESIAN_POINT('',(-7.5,-19.4,0.));
#3133 = CIRCLE('',#3134,0.9);
#3134 = AXIS2_PLACEMENT_3D('',#3135,#3136,#3137);
#3135 = CARTESIAN_POINT('',(-8.4,-19.4,0.));
#3136 = DIRECTION('',(0.,0.,-1.));
#3137 = DIRECTION('',(-1.,0.,0.));
#3138 = FACE_BOUND('',#3139,.T.);
#3139 = EDGE_LOOP('',(#3140));
#3140 = ORIENTED_EDGE('',*,*,#3141,.T.);
#3141 = EDGE_CURVE('',#3142,#3142,#3144,.T.);
#3142 = VERTEX_POINT('',#3143);
#3143 = CARTESIAN_POINT('',(-3.,0.,0.));
#3144 = CIRCLE('',#3145,3.);
#3145 = AXIS2_PLACEMENT_3D('',#3146,#3147,#3148);
#3146 = CARTESIAN_POINT('',(0.,0.,0.));
#3147 = DIRECTION('',(0.,0.,1.));
#3148 = DIRECTION('',(-1.,0.,0.));
#3149 = FACE_BOUND('',#3150,.T.);
#3150 = EDGE_LOOP('',(#3151));
#3151 = ORIENTED_EDGE('',*,*,#3152,.F.);
#3152 = EDGE_CURVE('',#3153,#3153,#3155,.T.);
#3153 = VERTEX_POINT('',#3154);
#3154 = CARTESIAN_POINT('',(-7.,7.5,0.));
#3155 = CIRCLE('',#3156,1.);
#3156 = AXIS2_PLACEMENT_3D('',#3157,#3158,#3159);
#3157 = CARTESIAN_POINT('',(-8.,7.5,0.));
#3158 = DIRECTION('',(0.,0.,-1.));
#3159 = DIRECTION('',(-1.,0.,0.));
#3160 = FACE_BOUND('',#3161,.T.);
#3161 = EDGE_LOOP('',(#3162));
#3162 = ORIENTED_EDGE('',*,*,#3163,.F.);
#3163 = EDGE_CURVE('',#3164,#3164,#3166,.T.);
#3164 = VERTEX_POINT('',#3165);
#3165 = CARTESIAN_POINT('',(9.,7.5,0.));
#3166 = CIRCLE('',#3167,1.);
#3167 = AXIS2_PLACEMENT_3D('',#3168,#3169,#3170);
#3168 = CARTESIAN_POINT('',(8.,7.5,0.));
#3169 = DIRECTION('',(0.,0.,-1.));
#3170 = DIRECTION('',(-1.,0.,0.));
#3171 = FACE_BOUND('',#3172,.T.);
#3172 = EDGE_LOOP('',(#3173));
#3173 = ORIENTED_EDGE('',*,*,#3174,.F.);
#3174 = EDGE_CURVE('',#3175,#3175,#3177,.T.);
#3175 = VERTEX_POINT('',#3176);
#3176 = CARTESIAN_POINT('',(-7.,-22.5,0.));
#3177 = CIRCLE('',#3178,1.);
#3178 = AXIS2_PLACEMENT_3D('',#3179,#3180,#3181);
#3179 = CARTESIAN_POINT('',(-8.,-22.5,0.));
#3180 = DIRECTION('',(0.,0.,-1.));
#3181 = DIRECTION('',(-1.,0.,0.));
#3182 = FACE_BOUND('',#3183,.T.);
#3183 = EDGE_LOOP('',(#3184));
#3184 = ORIENTED_EDGE('',*,*,#3185,.F.);
#3185 = EDGE_CURVE('',#3186,#3186,#3188,.T.);
#3186 = VERTEX_POINT('',#3187);
#3187 = CARTESIAN_POINT('',(9.,-22.5,0.));
#3188 = CIRCLE('',#3189,1.);
#3189 = AXIS2_PLACEMENT_3D('',#3190,#3191,#3192);
#3190 = CARTESIAN_POINT('',(8.,-22.5,0.));
#3191 = DIRECTION('',(0.,0.,-1.));
#3192 = DIRECTION('',(-1.,0.,0.));
#3193 = PLANE('',#3194);
#3194 = AXIS2_PLACEMENT_3D('',#3195,#3196,#3197);
#3195 = CARTESIAN_POINT('',(0.,0.,0.));
#3196 = DIRECTION('',(0.,0.,1.));
#3197 = DIRECTION('',(1.,0.,-0.));
#3198 = ADVANCED_FACE('',(#3199),#3218,.F.);
#3199 = FACE_BOUND('',#3200,.F.);
#3200 = EDGE_LOOP('',(#3201,#3209,#3216,#3217));
#3201 = ORIENTED_EDGE('',*,*,#3202,.T.);
#3202 = EDGE_CURVE('',#3142,#3203,#3205,.T.);
#3203 = VERTEX_POINT('',#3204);
#3204 = CARTESIAN_POINT('',(-3.,0.,0.5));
#3205 = LINE('',#3206,#3207);
#3206 = CARTESIAN_POINT('',(-3.,-3.7E-16,3.5));
#3207 = VECTOR('',#3208,1.);
#3208 = DIRECTION('',(0.,0.,1.));
#3209 = ORIENTED_EDGE('',*,*,#3210,.F.);
#3210 = EDGE_CURVE('',#3203,#3203,#3211,.T.);
#3211 = CIRCLE('',#3212,3.);
#3212 = AXIS2_PLACEMENT_3D('',#3213,#3214,#3215);
#3213 = CARTESIAN_POINT('',(0.,0.,0.5));
#3214 = DIRECTION('',(0.,0.,1.));
#3215 = DIRECTION('',(-1.,0.,0.));
#3216 = ORIENTED_EDGE('',*,*,#3202,.F.);
#3217 = ORIENTED_EDGE('',*,*,#3141,.T.);
#3218 = CYLINDRICAL_SURFACE('',#3219,3.);
#3219 = AXIS2_PLACEMENT_3D('',#3220,#3221,#3222);
#3220 = CARTESIAN_POINT('',(0.,0.,3.5));
#3221 = DIRECTION('',(0.,0.,1.));
#3222 = DIRECTION('',(1.,0.,-0.));
#3223 = ADVANCED_FACE('',(#3224,#3235),#3238,.T.);
#3224 = FACE_BOUND('',#3225,.T.);
#3225 = EDGE_LOOP('',(#3226));
#3226 = ORIENTED_EDGE('',*,*,#3227,.T.);
#3227 = EDGE_CURVE('',#3228,#3228,#3230,.T.);
#3228 = VERTEX_POINT('',#3229);
#3229 = CARTESIAN_POINT('',(-3.9,-0.,0.5));
#3230 = CIRCLE('',#3231,3.9);
#3231 = AXIS2_PLACEMENT_3D('',#3232,#3233,#3234);
#3232 = CARTESIAN_POINT('',(0.,0.,0.5));
#3233 = DIRECTION('',(0.,0.,1.));
#3234 = DIRECTION('',(1.,0.,-0.));
#3235 = FACE_BOUND('',#3236,.T.);
#3236 = EDGE_LOOP('',(#3237));
#3237 = ORIENTED_EDGE('',*,*,#3210,.F.);
#3238 = PLANE('',#3239);
#3239 = AXIS2_PLACEMENT_3D('',#3240,#3241,#3242);
#3240 = CARTESIAN_POINT('',(0.,0.,0.5));
#3241 = DIRECTION('',(0.,0.,1.));
#3242 = DIRECTION('',(1.,0.,-0.));
#3243 = ADVANCED_FACE('',(#3244),#3272,.F.);
#3244 = FACE_BOUND('',#3245,.F.);
#3245 = EDGE_LOOP('',(#3246,#3254,#3263,#3270,#3271));
#3246 = ORIENTED_EDGE('',*,*,#3247,.T.);
#3247 = EDGE_CURVE('',#3228,#3248,#3250,.T.);
#3248 = VERTEX_POINT('',#3249);
#3249 = CARTESIAN_POINT('',(-3.9,-0.,2.9));
#3250 = LINE('',#3251,#3252);
#3251 = CARTESIAN_POINT('',(-3.9,-4.8E-16,3.5));
#3252 = VECTOR('',#3253,1.);
#3253 = DIRECTION('',(0.,0.,1.));
#3254 = ORIENTED_EDGE('',*,*,#3255,.T.);
#3255 = EDGE_CURVE('',#3248,#3256,#3258,.T.);
#3256 = VERTEX_POINT('',#3257);
#3257 = CARTESIAN_POINT('',(-0.,3.9,2.9));
#3258 = CIRCLE('',#3259,3.9);
#3259 = AXIS2_PLACEMENT_3D('',#3260,#3261,#3262);
#3260 = CARTESIAN_POINT('',(0.,0.,2.9));
#3261 = DIRECTION('',(0.,0.,-1.));
#3262 = DIRECTION('',(-1.,0.,0.));
#3263 = ORIENTED_EDGE('',*,*,#3264,.T.);
#3264 = EDGE_CURVE('',#3256,#3248,#3265,.T.);
#3265 = CIRCLE('',#3266,3.9);
#3266 = AXIS2_PLACEMENT_3D('',#3267,#3268,#3269);
#3267 = CARTESIAN_POINT('',(0.,0.,2.9));
#3268 = DIRECTION('',(0.,0.,-1.));
#3269 = DIRECTION('',(-1.,0.,0.));
#3270 = ORIENTED_EDGE('',*,*,#3247,.F.);
#3271 = ORIENTED_EDGE('',*,*,#3227,.T.);
#3272 = CYLINDRICAL_SURFACE('',#3273,3.9);
#3273 = AXIS2_PLACEMENT_3D('',#3274,#3275,#3276);
#3274 = CARTESIAN_POINT('',(0.,0.,3.5));
#3275 = DIRECTION('',(0.,0.,1.));
#3276 = DIRECTION('',(1.,0.,-0.));
#3277 = ADVANCED_FACE('',(#3278),#3290,.F.);
#3278 = FACE_BOUND('',#3279,.F.);
#3279 = EDGE_LOOP('',(#3280,#3286,#3287,#3288,#3289));
#3280 = ORIENTED_EDGE('',*,*,#3281,.T.);
#3281 = EDGE_CURVE('',#3256,#1864,#3282,.T.);
#3282 = LINE('',#3283,#3284);
#3283 = CARTESIAN_POINT('',(-5.1E-16,4.199999999384,3.199999999384));
#3284 = VECTOR('',#3285,1.);
#3285 = DIRECTION('',(-9.E-17,0.707106781187,0.707106781187));
#3286 = ORIENTED_EDGE('',*,*,#1863,.T.);
#3287 = ORIENTED_EDGE('',*,*,#3281,.F.);
#3288 = ORIENTED_EDGE('',*,*,#3255,.F.);
#3289 = ORIENTED_EDGE('',*,*,#3264,.F.);
#3290 = CONICAL_SURFACE('',#3291,4.199999999384,0.785398163397);
#3291 = AXIS2_PLACEMENT_3D('',#3292,#3293,#3294);
#3292 = CARTESIAN_POINT('',(0.,0.,3.199999999384));
#3293 = DIRECTION('',(0.,0.,1.));
#3294 = DIRECTION('',(0.,-1.,0.));
#3295 = ADVANCED_FACE('',(#3296),#3315,.F.);
#3296 = FACE_BOUND('',#3297,.F.);
#3297 = EDGE_LOOP('',(#3298,#3306,#3307,#3308));
#3298 = ORIENTED_EDGE('',*,*,#3299,.T.);
#3299 = EDGE_CURVE('',#3300,#3098,#3302,.T.);
#3300 = VERTEX_POINT('',#3301);
#3301 = CARTESIAN_POINT('',(9.3,4.5,2.));
#3302 = LINE('',#3303,#3304);
#3303 = CARTESIAN_POINT('',(9.3,4.5,0.));
#3304 = VECTOR('',#3305,1.);
#3305 = DIRECTION('',(0.,0.,-1.));
#3306 = ORIENTED_EDGE('',*,*,#3097,.F.);
#3307 = ORIENTED_EDGE('',*,*,#3299,.F.);
#3308 = ORIENTED_EDGE('',*,*,#3309,.T.);
#3309 = EDGE_CURVE('',#3300,#3300,#3310,.T.);
#3310 = CIRCLE('',#3311,0.9);
#3311 = AXIS2_PLACEMENT_3D('',#3312,#3313,#3314);
#3312 = CARTESIAN_POINT('',(8.4,4.5,2.));
#3313 = DIRECTION('',(0.,0.,-1.));
#3314 = DIRECTION('',(-1.,0.,0.));
#3315 = CYLINDRICAL_SURFACE('',#3316,0.9);
#3316 = AXIS2_PLACEMENT_3D('',#3317,#3318,#3319);
#3317 = CARTESIAN_POINT('',(8.4,4.5,0.));
#3318 = DIRECTION('',(0.,0.,-1.));
#3319 = DIRECTION('',(-1.,0.,0.));
#3320 = ADVANCED_FACE('',(#3321,#3356),#3359,.T.);
#3321 = FACE_BOUND('',#3322,.T.);
#3322 = EDGE_LOOP('',(#3323,#3333,#3341,#3349));
#3323 = ORIENTED_EDGE('',*,*,#3324,.F.);
#3324 = EDGE_CURVE('',#3325,#3327,#3329,.T.);
#3325 = VERTEX_POINT('',#3326);
#3326 = CARTESIAN_POINT('',(10.,2.9,2.));
#3327 = VERTEX_POINT('',#3328);
#3328 = CARTESIAN_POINT('',(8.4,2.9,2.));
#3329 = LINE('',#3330,#3331);
#3330 = CARTESIAN_POINT('',(10.,2.9,2.));
#3331 = VECTOR('',#3332,1.);
#3332 = DIRECTION('',(-1.,0.,0.));
#3333 = ORIENTED_EDGE('',*,*,#3334,.T.);
#3334 = EDGE_CURVE('',#3325,#3335,#3337,.T.);
#3335 = VERTEX_POINT('',#3336);
#3336 = CARTESIAN_POINT('',(10.,6.1,2.));
#3337 = LINE('',#3338,#3339);
#3338 = CARTESIAN_POINT('',(10.,2.9,2.));
#3339 = VECTOR('',#3340,1.);
#3340 = DIRECTION('',(0.,1.,0.));
#3341 = ORIENTED_EDGE('',*,*,#3342,.F.);
#3342 = EDGE_CURVE('',#3343,#3335,#3345,.T.);
#3343 = VERTEX_POINT('',#3344);
#3344 = CARTESIAN_POINT('',(8.4,6.1,2.));
#3345 = LINE('',#3346,#3347);
#3346 = CARTESIAN_POINT('',(8.4,6.1,2.));
#3347 = VECTOR('',#3348,1.);
#3348 = DIRECTION('',(1.,0.,0.));
#3349 = ORIENTED_EDGE('',*,*,#3350,.T.);
#3350 = EDGE_CURVE('',#3343,#3327,#3351,.T.);
#3351 = CIRCLE('',#3352,1.6);
#3352 = AXIS2_PLACEMENT_3D('',#3353,#3354,#3355);
#3353 = CARTESIAN_POINT('',(8.4,4.5,2.));
#3354 = DIRECTION('',(0.,-0.,1.));
#3355 = DIRECTION('',(0.,1.,0.));
#3356 = FACE_BOUND('',#3357,.T.);
#3357 = EDGE_LOOP('',(#3358));
#3358 = ORIENTED_EDGE('',*,*,#3309,.T.);
#3359 = PLANE('',#3360);
#3360 = AXIS2_PLACEMENT_3D('',#3361,#3362,#3363);
#3361 = CARTESIAN_POINT('',(0.,0.,2.));
#3362 = DIRECTION('',(0.,0.,1.));
#3363 = DIRECTION('',(1.,0.,-0.));
#3364 = ADVANCED_FACE('',(#3365,#3400),#3411,.T.);
#3365 = FACE_BOUND('',#3366,.T.);
#3366 = EDGE_LOOP('',(#3367,#3377,#3385,#3393));
#3367 = ORIENTED_EDGE('',*,*,#3368,.F.);
#3368 = EDGE_CURVE('',#3369,#3371,#3373,.T.);
#3369 = VERTEX_POINT('',#3370);
#3370 = CARTESIAN_POINT('',(-10.,6.1,2.));
#3371 = VERTEX_POINT('',#3372);
#3372 = CARTESIAN_POINT('',(-8.4,6.1,2.));
#3373 = LINE('',#3374,#3375);
#3374 = CARTESIAN_POINT('',(-10.,6.1,2.));
#3375 = VECTOR('',#3376,1.);
#3376 = DIRECTION('',(1.,0.,0.));
#3377 = ORIENTED_EDGE('',*,*,#3378,.F.);
#3378 = EDGE_CURVE('',#3379,#3369,#3381,.T.);
#3379 = VERTEX_POINT('',#3380);
#3380 = CARTESIAN_POINT('',(-10.,2.9,2.));
#3381 = LINE('',#3382,#3383);
#3382 = CARTESIAN_POINT('',(-10.,2.9,2.));
#3383 = VECTOR('',#3384,1.);
#3384 = DIRECTION('',(0.,1.,0.));
#3385 = ORIENTED_EDGE('',*,*,#3386,.F.);
#3386 = EDGE_CURVE('',#3387,#3379,#3389,.T.);
#3387 = VERTEX_POINT('',#3388);
#3388 = CARTESIAN_POINT('',(-8.4,2.9,2.));
#3389 = LINE('',#3390,#3391);
#3390 = CARTESIAN_POINT('',(-8.4,2.9,2.));
#3391 = VECTOR('',#3392,1.);
#3392 = DIRECTION('',(-1.,0.,0.));
#3393 = ORIENTED_EDGE('',*,*,#3394,.T.);
#3394 = EDGE_CURVE('',#3387,#3371,#3395,.T.);
#3395 = CIRCLE('',#3396,1.6);
#3396 = AXIS2_PLACEMENT_3D('',#3397,#3398,#3399);
#3397 = CARTESIAN_POINT('',(-8.4,4.5,2.));
#3398 = DIRECTION('',(0.,0.,1.));
#3399 = DIRECTION('',(0.,-1.,0.));
#3400 = FACE_BOUND('',#3401,.T.);
#3401 = EDGE_LOOP('',(#3402));
#3402 = ORIENTED_EDGE('',*,*,#3403,.T.);
#3403 = EDGE_CURVE('',#3404,#3404,#3406,.T.);
#3404 = VERTEX_POINT('',#3405);
#3405 = CARTESIAN_POINT('',(-7.5,4.5,2.));
#3406 = CIRCLE('',#3407,0.9);
#3407 = AXIS2_PLACEMENT_3D('',#3408,#3409,#3410);
#3408 = CARTESIAN_POINT('',(-8.4,4.5,2.));
#3409 = DIRECTION('',(0.,0.,-1.));
#3410 = DIRECTION('',(-1.,0.,0.));
#3411 = PLANE('',#3412);
#3412 = AXIS2_PLACEMENT_3D('',#3413,#3414,#3415);
#3413 = CARTESIAN_POINT('',(0.,0.,2.));
#3414 = DIRECTION('',(0.,0.,1.));
#3415 = DIRECTION('',(1.,0.,-0.));
#3416 = ADVANCED_FACE('',(#3417,#3452),#3463,.T.);
#3417 = FACE_BOUND('',#3418,.T.);
#3418 = EDGE_LOOP('',(#3419,#3429,#3437,#3445));
#3419 = ORIENTED_EDGE('',*,*,#3420,.F.);
#3420 = EDGE_CURVE('',#3421,#3423,#3425,.T.);
#3421 = VERTEX_POINT('',#3422);
#3422 = CARTESIAN_POINT('',(3.3,-24.5,2.));
#3423 = VERTEX_POINT('',#3424);
#3424 = CARTESIAN_POINT('',(3.3,-22.9,2.));
#3425 = LINE('',#3426,#3427);
#3426 = CARTESIAN_POINT('',(3.3,-24.5,2.));
#3427 = VECTOR('',#3428,1.);
#3428 = DIRECTION('',(0.,1.,0.));
#3429 = ORIENTED_EDGE('',*,*,#3430,.T.);
#3430 = EDGE_CURVE('',#3421,#3431,#3433,.T.);
#3431 = VERTEX_POINT('',#3432);
#3432 = CARTESIAN_POINT('',(6.5,-24.5,2.));
#3433 = LINE('',#3434,#3435);
#3434 = CARTESIAN_POINT('',(3.3,-24.5,2.));
#3435 = VECTOR('',#3436,1.);
#3436 = DIRECTION('',(1.,0.,0.));
#3437 = ORIENTED_EDGE('',*,*,#3438,.F.);
#3438 = EDGE_CURVE('',#3439,#3431,#3441,.T.);
#3439 = VERTEX_POINT('',#3440);
#3440 = CARTESIAN_POINT('',(6.5,-22.9,2.));
#3441 = LINE('',#3442,#3443);
#3442 = CARTESIAN_POINT('',(6.5,-22.9,2.));
#3443 = VECTOR('',#3444,1.);
#3444 = DIRECTION('',(0.,-1.,0.));
#3445 = ORIENTED_EDGE('',*,*,#3446,.T.);
#3446 = EDGE_CURVE('',#3439,#3423,#3447,.T.);
#3447 = CIRCLE('',#3448,1.6);
#3448 = AXIS2_PLACEMENT_3D('',#3449,#3450,#3451);
#3449 = CARTESIAN_POINT('',(4.9,-22.9,2.));
#3450 = DIRECTION('',(0.,0.,1.));
#3451 = DIRECTION('',(1.,0.,-0.));
#3452 = FACE_BOUND('',#3453,.T.);
#3453 = EDGE_LOOP('',(#3454));
#3454 = ORIENTED_EDGE('',*,*,#3455,.T.);
#3455 = EDGE_CURVE('',#3456,#3456,#3458,.T.);
#3456 = VERTEX_POINT('',#3457);
#3457 = CARTESIAN_POINT('',(5.8,-22.9,2.));
#3458 = CIRCLE('',#3459,0.9);
#3459 = AXIS2_PLACEMENT_3D('',#3460,#3461,#3462);
#3460 = CARTESIAN_POINT('',(4.9,-22.9,2.));
#3461 = DIRECTION('',(0.,0.,-1.));
#3462 = DIRECTION('',(-1.,0.,0.));
#3463 = PLANE('',#3464);
#3464 = AXIS2_PLACEMENT_3D('',#3465,#3466,#3467);
#3465 = CARTESIAN_POINT('',(0.,0.,2.));
#3466 = DIRECTION('',(0.,0.,1.));
#3467 = DIRECTION('',(1.,0.,-0.));
#3468 = ADVANCED_FACE('',(#3469,#3504),#3515,.T.);
#3469 = FACE_BOUND('',#3470,.T.);
#3470 = EDGE_LOOP('',(#3471,#3481,#3489,#3497));
#3471 = ORIENTED_EDGE('',*,*,#3472,.F.);
#3472 = EDGE_CURVE('',#3473,#3475,#3477,.T.);
#3473 = VERTEX_POINT('',#3474);
#3474 = CARTESIAN_POINT('',(-10.,-17.8,2.));
#3475 = VERTEX_POINT('',#3476);
#3476 = CARTESIAN_POINT('',(-8.4,-17.8,2.));
#3477 = LINE('',#3478,#3479);
#3478 = CARTESIAN_POINT('',(-10.,-17.8,2.));
#3479 = VECTOR('',#3480,1.);
#3480 = DIRECTION('',(1.,0.,0.));
#3481 = ORIENTED_EDGE('',*,*,#3482,.F.);
#3482 = EDGE_CURVE('',#3483,#3473,#3485,.T.);
#3483 = VERTEX_POINT('',#3484);
#3484 = CARTESIAN_POINT('',(-10.,-20.99999980316,2.));
#3485 = LINE('',#3486,#3487);
#3486 = CARTESIAN_POINT('',(-10.,-20.99999980316,2.));
#3487 = VECTOR('',#3488,1.);
#3488 = DIRECTION('',(0.,1.,0.));
#3489 = ORIENTED_EDGE('',*,*,#3490,.F.);
#3490 = EDGE_CURVE('',#3491,#3483,#3493,.T.);
#3491 = VERTEX_POINT('',#3492);
#3492 = CARTESIAN_POINT('',(-8.4,-20.99999993438,2.));
#3493 = LINE('',#3494,#3495);
#3494 = CARTESIAN_POINT('',(-8.4,-20.99999990158,2.));
#3495 = VECTOR('',#3496,1.);
#3496 = DIRECTION('',(-1.,6.151321452E-08,0.));
#3497 = ORIENTED_EDGE('',*,*,#3498,.T.);
#3498 = EDGE_CURVE('',#3491,#3475,#3499,.T.);
#3499 = CIRCLE('',#3500,1.6);
#3500 = AXIS2_PLACEMENT_3D('',#3501,#3502,#3503);
#3501 = CARTESIAN_POINT('',(-8.4,-19.4,2.));
#3502 = DIRECTION('',(0.,0.,1.));
#3503 = DIRECTION('',(0.,-1.,0.));
#3504 = FACE_BOUND('',#3505,.T.);
#3505 = EDGE_LOOP('',(#3506));
#3506 = ORIENTED_EDGE('',*,*,#3507,.T.);
#3507 = EDGE_CURVE('',#3508,#3508,#3510,.T.);
#3508 = VERTEX_POINT('',#3509);
#3509 = CARTESIAN_POINT('',(-7.5,-19.4,2.));
#3510 = CIRCLE('',#3511,0.9);
#3511 = AXIS2_PLACEMENT_3D('',#3512,#3513,#3514);
#3512 = CARTESIAN_POINT('',(-8.4,-19.4,2.));
#3513 = DIRECTION('',(0.,0.,-1.));
#3514 = DIRECTION('',(-1.,0.,0.));
#3515 = PLANE('',#3516);
#3516 = AXIS2_PLACEMENT_3D('',#3517,#3518,#3519);
#3517 = CARTESIAN_POINT('',(0.,0.,2.));
#3518 = DIRECTION('',(0.,0.,1.));
#3519 = DIRECTION('',(1.,0.,-0.));
#3520 = ADVANCED_FACE('',(#3521),#3532,.F.);
#3521 = FACE_BOUND('',#3522,.F.);
#3522 = EDGE_LOOP('',(#3523,#3529,#3530,#3531));
#3523 = ORIENTED_EDGE('',*,*,#3524,.T.);
#3524 = EDGE_CURVE('',#3508,#3131,#3525,.T.);
#3525 = LINE('',#3526,#3527);
#3526 = CARTESIAN_POINT('',(-7.5,-19.4,0.));
#3527 = VECTOR('',#3528,1.);
#3528 = DIRECTION('',(0.,0.,-1.));
#3529 = ORIENTED_EDGE('',*,*,#3130,.F.);
#3530 = ORIENTED_EDGE('',*,*,#3524,.F.);
#3531 = ORIENTED_EDGE('',*,*,#3507,.T.);
#3532 = CYLINDRICAL_SURFACE('',#3533,0.9);
#3533 = AXIS2_PLACEMENT_3D('',#3534,#3535,#3536);
#3534 = CARTESIAN_POINT('',(-8.4,-19.4,0.));
#3535 = DIRECTION('',(0.,0.,-1.));
#3536 = DIRECTION('',(-1.,0.,0.));
#3537 = ADVANCED_FACE('',(#3538),#3549,.F.);
#3538 = FACE_BOUND('',#3539,.F.);
#3539 = EDGE_LOOP('',(#3540,#3546,#3547,#3548));
#3540 = ORIENTED_EDGE('',*,*,#3541,.T.);
#3541 = EDGE_CURVE('',#3456,#3120,#3542,.T.);
#3542 = LINE('',#3543,#3544);
#3543 = CARTESIAN_POINT('',(5.8,-22.9,0.));
#3544 = VECTOR('',#3545,1.);
#3545 = DIRECTION('',(0.,0.,-1.));
#3546 = ORIENTED_EDGE('',*,*,#3119,.F.);
#3547 = ORIENTED_EDGE('',*,*,#3541,.F.);
#3548 = ORIENTED_EDGE('',*,*,#3455,.T.);
#3549 = CYLINDRICAL_SURFACE('',#3550,0.9);
#3550 = AXIS2_PLACEMENT_3D('',#3551,#3552,#3553);
#3551 = CARTESIAN_POINT('',(4.9,-22.9,0.));
#3552 = DIRECTION('',(0.,0.,-1.));
#3553 = DIRECTION('',(-1.,0.,0.));
#3554 = ADVANCED_FACE('',(#3555),#3566,.F.);
#3555 = FACE_BOUND('',#3556,.F.);
#3556 = EDGE_LOOP('',(#3557,#3563,#3564,#3565));
#3557 = ORIENTED_EDGE('',*,*,#3558,.T.);
#3558 = EDGE_CURVE('',#3404,#3109,#3559,.T.);
#3559 = LINE('',#3560,#3561);
#3560 = CARTESIAN_POINT('',(-7.5,4.5,0.));
#3561 = VECTOR('',#3562,1.);
#3562 = DIRECTION('',(0.,0.,-1.));
#3563 = ORIENTED_EDGE('',*,*,#3108,.F.);
#3564 = ORIENTED_EDGE('',*,*,#3558,.F.);
#3565 = ORIENTED_EDGE('',*,*,#3403,.T.);
#3566 = CYLINDRICAL_SURFACE('',#3567,0.9);
#3567 = AXIS2_PLACEMENT_3D('',#3568,#3569,#3570);
#3568 = CARTESIAN_POINT('',(-8.4,4.5,0.));
#3569 = DIRECTION('',(0.,0.,-1.));
#3570 = DIRECTION('',(-1.,0.,0.));
#3571 = ADVANCED_FACE('',(#3572),#3597,.F.);
#3572 = FACE_BOUND('',#3573,.T.);
#3573 = EDGE_LOOP('',(#3574,#3582,#3590,#3596));
#3574 = ORIENTED_EDGE('',*,*,#3575,.F.);
#3575 = EDGE_CURVE('',#3576,#3327,#3578,.T.);
#3576 = VERTEX_POINT('',#3577);
#3577 = CARTESIAN_POINT('',(8.400000013976,2.900000000777,3.299999999382
    ));
#3578 = LINE('',#3579,#3580);
#3579 = CARTESIAN_POINT('',(8.400000014907,2.900000001219,3.299999998781
    ));
#3580 = VECTOR('',#3581,1.);
#3581 = DIRECTION('',(-1.146700923E-08,-9.3789797E-10,-1.));
#3582 = ORIENTED_EDGE('',*,*,#3583,.F.);
#3583 = EDGE_CURVE('',#3584,#3576,#3586,.T.);
#3584 = VERTEX_POINT('',#3585);
#3585 = CARTESIAN_POINT('',(10.,2.9,3.3));
#3586 = LINE('',#3587,#3588);
#3587 = CARTESIAN_POINT('',(10.,2.9,3.3));
#3588 = VECTOR('',#3589,1.);
#3589 = DIRECTION('',(-1.,7.6204294E-10,-7.620421E-10));
#3590 = ORIENTED_EDGE('',*,*,#3591,.T.);
#3591 = EDGE_CURVE('',#3584,#3325,#3592,.T.);
#3592 = LINE('',#3593,#3594);
#3593 = CARTESIAN_POINT('',(10.,2.9,3.3));
#3594 = VECTOR('',#3595,1.);
#3595 = DIRECTION('',(0.,0.,-1.));
#3596 = ORIENTED_EDGE('',*,*,#3324,.T.);
#3597 = PLANE('',#3598);
#3598 = AXIS2_PLACEMENT_3D('',#3599,#3600,#3601);
#3599 = CARTESIAN_POINT('',(8.4,2.9,3.5));
#3600 = DIRECTION('',(0.,-1.,0.));
#3601 = DIRECTION('',(1.,0.,0.));
#3602 = ADVANCED_FACE('',(#3603),#3622,.F.);
#3603 = FACE_BOUND('',#3604,.F.);
#3604 = EDGE_LOOP('',(#3605,#3606,#3607,#3616));
#3605 = ORIENTED_EDGE('',*,*,#3350,.T.);
#3606 = ORIENTED_EDGE('',*,*,#3575,.F.);
#3607 = ORIENTED_EDGE('',*,*,#3608,.T.);
#3608 = EDGE_CURVE('',#3576,#3609,#3611,.T.);
#3609 = VERTEX_POINT('',#3610);
#3610 = CARTESIAN_POINT('',(8.400000026071,6.099999999336,3.299999999335
    ));
#3611 = CIRCLE('',#3612,1.6);
#3612 = AXIS2_PLACEMENT_3D('',#3613,#3614,#3615);
#3613 = CARTESIAN_POINT('',(8.4,4.5,3.3));
#3614 = DIRECTION('',(0.,0.,-1.));
#3615 = DIRECTION('',(0.,-1.,0.));
#3616 = ORIENTED_EDGE('',*,*,#3617,.F.);
#3617 = EDGE_CURVE('',#3343,#3609,#3618,.T.);
#3618 = LINE('',#3619,#3620);
#3619 = CARTESIAN_POINT('',(8.4,6.1,2.));
#3620 = VECTOR('',#3621,1.);
#3621 = DIRECTION('',(2.005468066E-08,-6.8123626E-10,1.));
#3622 = CYLINDRICAL_SURFACE('',#3623,1.6);
#3623 = AXIS2_PLACEMENT_3D('',#3624,#3625,#3626);
#3624 = CARTESIAN_POINT('',(8.4,4.5,3.5));
#3625 = DIRECTION('',(0.,0.,1.));
#3626 = DIRECTION('',(-1.,3.48879249E-09,0.));
#3627 = ADVANCED_FACE('',(#3628),#3646,.F.);
#3628 = FACE_BOUND('',#3629,.T.);
#3629 = EDGE_LOOP('',(#3630,#3631,#3639,#3645));
#3630 = ORIENTED_EDGE('',*,*,#3342,.T.);
#3631 = ORIENTED_EDGE('',*,*,#3632,.F.);
#3632 = EDGE_CURVE('',#3633,#3335,#3635,.T.);
#3633 = VERTEX_POINT('',#3634);
#3634 = CARTESIAN_POINT('',(10.,6.1,3.3));
#3635 = LINE('',#3636,#3637);
#3636 = CARTESIAN_POINT('',(10.,6.1,3.3));
#3637 = VECTOR('',#3638,1.);
#3638 = DIRECTION('',(0.,0.,-1.));
#3639 = ORIENTED_EDGE('',*,*,#3640,.F.);
#3640 = EDGE_CURVE('',#3609,#3633,#3641,.T.);
#3641 = LINE('',#3642,#3643);
#3642 = CARTESIAN_POINT('',(8.400000026071,6.099999999114,3.299999999114
    ));
#3643 = VECTOR('',#3644,1.);
#3644 = DIRECTION('',(1.,5.5350447E-10,5.5350447E-10));
#3645 = ORIENTED_EDGE('',*,*,#3617,.F.);
#3646 = PLANE('',#3647);
#3647 = AXIS2_PLACEMENT_3D('',#3648,#3649,#3650);
#3648 = CARTESIAN_POINT('',(11.16826489962,6.1,3.5));
#3649 = DIRECTION('',(0.,1.,0.));
#3650 = DIRECTION('',(-1.,0.,0.));
#3651 = ADVANCED_FACE('',(#3652),#3668,.T.);
#3652 = FACE_BOUND('',#3653,.T.);
#3653 = EDGE_LOOP('',(#3654,#3655,#3661,#3662));
#3654 = ORIENTED_EDGE('',*,*,#3640,.T.);
#3655 = ORIENTED_EDGE('',*,*,#3656,.T.);
#3656 = EDGE_CURVE('',#3633,#2063,#3657,.T.);
#3657 = LINE('',#3658,#3659);
#3658 = CARTESIAN_POINT('',(10.,6.1,3.3));
#3659 = VECTOR('',#3660,1.);
#3660 = DIRECTION('',(-0.57735026919,0.57735026919,0.57735026919));
#3661 = ORIENTED_EDGE('',*,*,#2062,.F.);
#3662 = ORIENTED_EDGE('',*,*,#3663,.T.);
#3663 = EDGE_CURVE('',#2054,#3609,#3664,.T.);
#3664 = LINE('',#3665,#3666);
#3665 = CARTESIAN_POINT('',(8.400000039107,6.299999998672,3.499999998672
    ));
#3666 = VECTOR('',#3667,1.);
#3667 = DIRECTION('',(-4.608760232E-08,-0.707106781187,-0.707106781187)
  );
#3668 = PLANE('',#3669);
#3669 = AXIS2_PLACEMENT_3D('',#3670,#3671,#3672);
#3670 = CARTESIAN_POINT('',(9.2,6.2,3.4));
#3671 = DIRECTION('',(0.,-0.707106781187,0.707106781187));
#3672 = DIRECTION('',(0.,-0.707106781187,-0.707106781187));
#3673 = ADVANCED_FACE('',(#3674),#3685,.F.);
#3674 = FACE_BOUND('',#3675,.F.);
#3675 = EDGE_LOOP('',(#3676,#3677,#3678,#3684));
#3676 = ORIENTED_EDGE('',*,*,#3663,.T.);
#3677 = ORIENTED_EDGE('',*,*,#3608,.F.);
#3678 = ORIENTED_EDGE('',*,*,#3679,.F.);
#3679 = EDGE_CURVE('',#2046,#3576,#3680,.T.);
#3680 = LINE('',#3681,#3682);
#3681 = CARTESIAN_POINT('',(8.400000022361,2.700000001829,3.499999998171
    ));
#3682 = VECTOR('',#3683,1.);
#3683 = DIRECTION('',(-2.635229374E-08,0.707106781187,-0.707106781187));
#3684 = ORIENTED_EDGE('',*,*,#2053,.T.);
#3685 = CONICAL_SURFACE('',#3686,1.699999997826,0.785398163397);
#3686 = AXIS2_PLACEMENT_3D('',#3687,#3688,#3689);
#3687 = CARTESIAN_POINT('',(8.4,4.5,3.399999997826));
#3688 = DIRECTION('',(0.,0.,1.));
#3689 = DIRECTION('',(-1.,4.65166679E-09,0.));
#3690 = ADVANCED_FACE('',(#3691),#3702,.T.);
#3691 = FACE_BOUND('',#3692,.T.);
#3692 = EDGE_LOOP('',(#3693,#3694,#3700,#3701));
#3693 = ORIENTED_EDGE('',*,*,#2045,.F.);
#3694 = ORIENTED_EDGE('',*,*,#3695,.F.);
#3695 = EDGE_CURVE('',#3584,#2038,#3696,.T.);
#3696 = LINE('',#3697,#3698);
#3697 = CARTESIAN_POINT('',(10.,2.9,3.3));
#3698 = VECTOR('',#3699,1.);
#3699 = DIRECTION('',(-0.57735026919,-0.57735026919,0.57735026919));
#3700 = ORIENTED_EDGE('',*,*,#3583,.T.);
#3701 = ORIENTED_EDGE('',*,*,#3679,.F.);
#3702 = PLANE('',#3703);
#3703 = AXIS2_PLACEMENT_3D('',#3704,#3705,#3706);
#3704 = CARTESIAN_POINT('',(9.2,2.8,3.4));
#3705 = DIRECTION('',(0.,0.707106781187,0.707106781187));
#3706 = DIRECTION('',(0.,0.707106781187,-0.707106781187));
#3707 = ADVANCED_FACE('',(#3708),#3726,.T.);
#3708 = FACE_BOUND('',#3709,.T.);
#3709 = EDGE_LOOP('',(#3710,#3718,#3719,#3720));
#3710 = ORIENTED_EDGE('',*,*,#3711,.T.);
#3711 = EDGE_CURVE('',#3712,#3584,#3714,.T.);
#3712 = VERTEX_POINT('',#3713);
#3713 = CARTESIAN_POINT('',(10.,-23.5,3.3));
#3714 = LINE('',#3715,#3716);
#3715 = CARTESIAN_POINT('',(10.,-23.5,3.3));
#3716 = VECTOR('',#3717,1.);
#3717 = DIRECTION('',(0.,1.,0.));
#3718 = ORIENTED_EDGE('',*,*,#3695,.T.);
#3719 = ORIENTED_EDGE('',*,*,#2037,.F.);
#3720 = ORIENTED_EDGE('',*,*,#3721,.F.);
#3721 = EDGE_CURVE('',#3712,#2030,#3722,.T.);
#3722 = LINE('',#3723,#3724);
#3723 = CARTESIAN_POINT('',(10.,-23.5,3.3));
#3724 = VECTOR('',#3725,1.);
#3725 = DIRECTION('',(-0.678598344546,0.281084637715,0.678598344546));
#3726 = PLANE('',#3727);
#3727 = AXIS2_PLACEMENT_3D('',#3728,#3729,#3730);
#3728 = CARTESIAN_POINT('',(9.9,-10.3,3.4));
#3729 = DIRECTION('',(0.707106781187,0.,0.707106781187));
#3730 = DIRECTION('',(0.707106781187,0.,-0.707106781187));
#3731 = ADVANCED_FACE('',(#3732),#3759,.T.);
#3732 = FACE_BOUND('',#3733,.T.);
#3733 = EDGE_LOOP('',(#3734,#3742,#3743,#3744,#3745,#3746,#3752,#3753));
#3734 = ORIENTED_EDGE('',*,*,#3735,.F.);
#3735 = EDGE_CURVE('',#3633,#3736,#3738,.T.);
#3736 = VERTEX_POINT('',#3737);
#3737 = CARTESIAN_POINT('',(10.,8.5,3.3));
#3738 = LINE('',#3739,#3740);
#3739 = CARTESIAN_POINT('',(10.,6.1,3.3));
#3740 = VECTOR('',#3741,1.);
#3741 = DIRECTION('',(0.,1.,0.));
#3742 = ORIENTED_EDGE('',*,*,#3632,.T.);
#3743 = ORIENTED_EDGE('',*,*,#3334,.F.);
#3744 = ORIENTED_EDGE('',*,*,#3591,.F.);
#3745 = ORIENTED_EDGE('',*,*,#3711,.F.);
#3746 = ORIENTED_EDGE('',*,*,#3747,.T.);
#3747 = EDGE_CURVE('',#3712,#2721,#3748,.T.);
#3748 = LINE('',#3749,#3750);
#3749 = CARTESIAN_POINT('',(10.,-23.5,3.3));
#3750 = VECTOR('',#3751,1.);
#3751 = DIRECTION('',(0.,0.,-1.));
#3752 = ORIENTED_EDGE('',*,*,#2720,.F.);
#3753 = ORIENTED_EDGE('',*,*,#3754,.F.);
#3754 = EDGE_CURVE('',#3736,#2713,#3755,.T.);
#3755 = LINE('',#3756,#3757);
#3756 = CARTESIAN_POINT('',(10.,8.5,3.3));
#3757 = VECTOR('',#3758,1.);
#3758 = DIRECTION('',(0.,0.,-1.));
#3759 = PLANE('',#3760);
#3760 = AXIS2_PLACEMENT_3D('',#3761,#3762,#3763);
#3761 = CARTESIAN_POINT('',(10.,-24.5,3.5));
#3762 = DIRECTION('',(1.,0.,0.));
#3763 = DIRECTION('',(-0.,1.,0.));
#3764 = ADVANCED_FACE('',(#3765),#3776,.T.);
#3765 = FACE_BOUND('',#3766,.T.);
#3766 = EDGE_LOOP('',(#3767,#3768,#3774,#3775));
#3767 = ORIENTED_EDGE('',*,*,#3735,.T.);
#3768 = ORIENTED_EDGE('',*,*,#3769,.T.);
#3769 = EDGE_CURVE('',#3736,#2071,#3770,.T.);
#3770 = LINE('',#3771,#3772);
#3771 = CARTESIAN_POINT('',(10.,8.5,3.3));
#3772 = VECTOR('',#3773,1.);
#3773 = DIRECTION('',(-0.678598344546,-0.281084637715,0.678598344546));
#3774 = ORIENTED_EDGE('',*,*,#2070,.F.);
#3775 = ORIENTED_EDGE('',*,*,#3656,.F.);
#3776 = PLANE('',#3777);
#3777 = AXIS2_PLACEMENT_3D('',#3778,#3779,#3780);
#3778 = CARTESIAN_POINT('',(9.9,7.3,3.4));
#3779 = DIRECTION('',(0.707106781187,0.,0.707106781187));
#3780 = DIRECTION('',(0.707106781187,0.,-0.707106781187));
#3781 = ADVANCED_FACE('',(#3782),#3800,.T.);
#3782 = FACE_BOUND('',#3783,.T.);
#3783 = EDGE_LOOP('',(#3784,#3792,#3798,#3799));
#3784 = ORIENTED_EDGE('',*,*,#3785,.T.);
#3785 = EDGE_CURVE('',#3736,#3786,#3788,.T.);
#3786 = VERTEX_POINT('',#3787);
#3787 = CARTESIAN_POINT('',(9.,9.5,3.3));
#3788 = LINE('',#3789,#3790);
#3789 = CARTESIAN_POINT('',(10.,8.5,3.3));
#3790 = VECTOR('',#3791,1.);
#3791 = DIRECTION('',(-0.707106781187,0.707106781187,0.));
#3792 = ORIENTED_EDGE('',*,*,#3793,.T.);
#3793 = EDGE_CURVE('',#3786,#2079,#3794,.T.);
#3794 = LINE('',#3795,#3796);
#3795 = CARTESIAN_POINT('',(9.,9.5,3.3));
#3796 = VECTOR('',#3797,1.);
#3797 = DIRECTION('',(-0.281084637715,-0.678598344546,0.678598344546));
#3798 = ORIENTED_EDGE('',*,*,#2078,.F.);
#3799 = ORIENTED_EDGE('',*,*,#3769,.F.);
#3800 = PLANE('',#3801);
#3801 = AXIS2_PLACEMENT_3D('',#3802,#3803,#3804);
#3802 = CARTESIAN_POINT('',(9.429289321881,8.929289321881,3.4));
#3803 = DIRECTION('',(0.5,0.5,0.707106781187));
#3804 = DIRECTION('',(0.5,0.5,-0.707106781186));
#3805 = ADVANCED_FACE('',(#3806),#3817,.T.);
#3806 = FACE_BOUND('',#3807,.T.);
#3807 = EDGE_LOOP('',(#3808,#3809,#3810,#3811));
#3808 = ORIENTED_EDGE('',*,*,#3785,.F.);
#3809 = ORIENTED_EDGE('',*,*,#3754,.T.);
#3810 = ORIENTED_EDGE('',*,*,#2712,.F.);
#3811 = ORIENTED_EDGE('',*,*,#3812,.T.);
#3812 = EDGE_CURVE('',#2705,#3786,#3813,.T.);
#3813 = LINE('',#3814,#3815);
#3814 = CARTESIAN_POINT('',(9.,9.5,-0.5));
#3815 = VECTOR('',#3816,1.);
#3816 = DIRECTION('',(0.,0.,1.));
#3817 = PLANE('',#3818);
#3818 = AXIS2_PLACEMENT_3D('',#3819,#3820,#3821);
#3819 = CARTESIAN_POINT('',(9.5,9.,1.75));
#3820 = DIRECTION('',(0.707106781187,0.707106781187,0.));
#3821 = DIRECTION('',(0.707106781187,-0.707106781187,0.));
#3822 = ADVANCED_FACE('',(#3823),#3841,.T.);
#3823 = FACE_BOUND('',#3824,.T.);
#3824 = EDGE_LOOP('',(#3825,#3826,#3827,#3835));
#3825 = ORIENTED_EDGE('',*,*,#2556,.F.);
#3826 = ORIENTED_EDGE('',*,*,#2768,.F.);
#3827 = ORIENTED_EDGE('',*,*,#3828,.F.);
#3828 = EDGE_CURVE('',#3829,#2761,#3831,.T.);
#3829 = VERTEX_POINT('',#3830);
#3830 = CARTESIAN_POINT('',(-9.,9.5,3.3));
#3831 = LINE('',#3832,#3833);
#3832 = CARTESIAN_POINT('',(-9.,9.5,3.3));
#3833 = VECTOR('',#3834,1.);
#3834 = DIRECTION('',(0.,0.,-1.));
#3835 = ORIENTED_EDGE('',*,*,#3836,.F.);
#3836 = EDGE_CURVE('',#2557,#3829,#3837,.T.);
#3837 = LINE('',#3838,#3839);
#3838 = CARTESIAN_POINT('',(-0.25,9.5,3.3));
#3839 = VECTOR('',#3840,1.);
#3840 = DIRECTION('',(-1.,0.,0.));
#3841 = PLANE('',#3842);
#3842 = AXIS2_PLACEMENT_3D('',#3843,#3844,#3845);
#3843 = CARTESIAN_POINT('',(10.,9.5,3.5));
#3844 = DIRECTION('',(0.,1.,0.));
#3845 = DIRECTION('',(-1.,0.,0.));
#3846 = ADVANCED_FACE('',(#3847),#3858,.T.);
#3847 = FACE_BOUND('',#3848,.T.);
#3848 = EDGE_LOOP('',(#3849,#3850,#3856,#3857));
#3849 = ORIENTED_EDGE('',*,*,#2677,.T.);
#3850 = ORIENTED_EDGE('',*,*,#3851,.F.);
#3851 = EDGE_CURVE('',#3786,#2670,#3852,.T.);
#3852 = LINE('',#3853,#3854);
#3853 = CARTESIAN_POINT('',(9.,9.5,3.3));
#3854 = VECTOR('',#3855,1.);
#3855 = DIRECTION('',(-1.,0.,0.));
#3856 = ORIENTED_EDGE('',*,*,#3812,.F.);
#3857 = ORIENTED_EDGE('',*,*,#2704,.F.);
#3858 = PLANE('',#3859);
#3859 = AXIS2_PLACEMENT_3D('',#3860,#3861,#3862);
#3860 = CARTESIAN_POINT('',(10.,9.5,3.5));
#3861 = DIRECTION('',(0.,1.,0.));
#3862 = DIRECTION('',(-1.,0.,0.));
#3863 = ADVANCED_FACE('',(#3864),#3875,.T.);
#3864 = FACE_BOUND('',#3865,.T.);
#3865 = EDGE_LOOP('',(#3866,#3867,#3868,#3874));
#3866 = ORIENTED_EDGE('',*,*,#2564,.T.);
#3867 = ORIENTED_EDGE('',*,*,#3836,.T.);
#3868 = ORIENTED_EDGE('',*,*,#3869,.T.);
#3869 = EDGE_CURVE('',#3829,#1891,#3870,.T.);
#3870 = LINE('',#3871,#3872);
#3871 = CARTESIAN_POINT('',(-9.,9.5,3.3));
#3872 = VECTOR('',#3873,1.);
#3873 = DIRECTION('',(0.281084637715,-0.678598344546,0.678598344546));
#3874 = ORIENTED_EDGE('',*,*,#1890,.F.);
#3875 = PLANE('',#3876);
#3876 = AXIS2_PLACEMENT_3D('',#3877,#3878,#3879);
#3877 = CARTESIAN_POINT('',(2.487E-14,9.4,3.4));
#3878 = DIRECTION('',(0.,0.707106781187,0.707106781187));
#3879 = DIRECTION('',(0.,0.707106781187,-0.707106781187));
#3880 = ADVANCED_FACE('',(#3881),#3887,.T.);
#3881 = FACE_BOUND('',#3882,.T.);
#3882 = EDGE_LOOP('',(#3883,#3884,#3885,#3886));
#3883 = ORIENTED_EDGE('',*,*,#2669,.F.);
#3884 = ORIENTED_EDGE('',*,*,#2086,.F.);
#3885 = ORIENTED_EDGE('',*,*,#3793,.F.);
#3886 = ORIENTED_EDGE('',*,*,#3851,.T.);
#3887 = PLANE('',#3888);
#3888 = AXIS2_PLACEMENT_3D('',#3889,#3890,#3891);
#3889 = CARTESIAN_POINT('',(2.487E-14,9.4,3.4));
#3890 = DIRECTION('',(0.,0.707106781187,0.707106781187));
#3891 = DIRECTION('',(0.,0.707106781187,-0.707106781187));
#3892 = ADVANCED_FACE('',(#3893),#3911,.T.);
#3893 = FACE_BOUND('',#3894,.T.);
#3894 = EDGE_LOOP('',(#3895,#3896,#3897,#3905));
#3895 = ORIENTED_EDGE('',*,*,#1898,.F.);
#3896 = ORIENTED_EDGE('',*,*,#3869,.F.);
#3897 = ORIENTED_EDGE('',*,*,#3898,.T.);
#3898 = EDGE_CURVE('',#3829,#3899,#3901,.T.);
#3899 = VERTEX_POINT('',#3900);
#3900 = CARTESIAN_POINT('',(-10.,8.5,3.3));
#3901 = LINE('',#3902,#3903);
#3902 = CARTESIAN_POINT('',(-9.,9.5,3.3));
#3903 = VECTOR('',#3904,1.);
#3904 = DIRECTION('',(-0.707106781187,-0.707106781187,0.));
#3905 = ORIENTED_EDGE('',*,*,#3906,.T.);
#3906 = EDGE_CURVE('',#3899,#1899,#3907,.T.);
#3907 = LINE('',#3908,#3909);
#3908 = CARTESIAN_POINT('',(-10.,8.5,3.3));
#3909 = VECTOR('',#3910,1.);
#3910 = DIRECTION('',(0.678598344546,-0.281084637715,0.678598344546));
#3911 = PLANE('',#3912);
#3912 = AXIS2_PLACEMENT_3D('',#3913,#3914,#3915);
#3913 = CARTESIAN_POINT('',(-9.429289321881,8.929289321881,3.4));
#3914 = DIRECTION('',(-0.5,0.5,0.707106781187));
#3915 = DIRECTION('',(-0.5,0.5,-0.707106781186));
#3916 = ADVANCED_FACE('',(#3917),#3935,.T.);
#3917 = FACE_BOUND('',#3918,.T.);
#3918 = EDGE_LOOP('',(#3919,#3927,#3933,#3934));
#3919 = ORIENTED_EDGE('',*,*,#3920,.T.);
#3920 = EDGE_CURVE('',#3899,#3921,#3923,.T.);
#3921 = VERTEX_POINT('',#3922);
#3922 = CARTESIAN_POINT('',(-10.,6.1,3.3));
#3923 = LINE('',#3924,#3925);
#3924 = CARTESIAN_POINT('',(-10.,8.5,3.3));
#3925 = VECTOR('',#3926,1.);
#3926 = DIRECTION('',(0.,-1.,0.));
#3927 = ORIENTED_EDGE('',*,*,#3928,.T.);
#3928 = EDGE_CURVE('',#3921,#1907,#3929,.T.);
#3929 = LINE('',#3930,#3931);
#3930 = CARTESIAN_POINT('',(-10.,6.1,3.3));
#3931 = VECTOR('',#3932,1.);
#3932 = DIRECTION('',(0.57735026919,0.57735026919,0.57735026919));
#3933 = ORIENTED_EDGE('',*,*,#1906,.F.);
#3934 = ORIENTED_EDGE('',*,*,#3906,.F.);
#3935 = PLANE('',#3936);
#3936 = AXIS2_PLACEMENT_3D('',#3937,#3938,#3939);
#3937 = CARTESIAN_POINT('',(-9.9,7.3,3.4));
#3938 = DIRECTION('',(-0.707106781187,0.,0.707106781187));
#3939 = DIRECTION('',(-0.707106781187,0.,-0.707106781187));
#3940 = ADVANCED_FACE('',(#3941),#4003,.T.);
#3941 = FACE_BOUND('',#3942,.T.);
#3942 = EDGE_LOOP('',(#3943,#3953,#3959,#3960,#3968,#3976,#3982,#3983,
    #3989,#3990,#3996,#3997));
#3943 = ORIENTED_EDGE('',*,*,#3944,.F.);
#3944 = EDGE_CURVE('',#3945,#3947,#3949,.T.);
#3945 = VERTEX_POINT('',#3946);
#3946 = CARTESIAN_POINT('',(-10.,-20.99999980316,3.3));
#3947 = VERTEX_POINT('',#3948);
#3948 = CARTESIAN_POINT('',(-10.,-23.5,3.3));
#3949 = LINE('',#3950,#3951);
#3950 = CARTESIAN_POINT('',(-10.,-20.99999980316,3.3));
#3951 = VECTOR('',#3952,1.);
#3952 = DIRECTION('',(0.,-1.,0.));
#3953 = ORIENTED_EDGE('',*,*,#3954,.T.);
#3954 = EDGE_CURVE('',#3945,#3483,#3955,.T.);
#3955 = LINE('',#3956,#3957);
#3956 = CARTESIAN_POINT('',(-10.,-20.99999980316,3.3));
#3957 = VECTOR('',#3958,1.);
#3958 = DIRECTION('',(0.,0.,-1.));
#3959 = ORIENTED_EDGE('',*,*,#3482,.T.);
#3960 = ORIENTED_EDGE('',*,*,#3961,.F.);
#3961 = EDGE_CURVE('',#3962,#3473,#3964,.T.);
#3962 = VERTEX_POINT('',#3963);
#3963 = CARTESIAN_POINT('',(-10.,-17.8,3.3));
#3964 = LINE('',#3965,#3966);
#3965 = CARTESIAN_POINT('',(-10.,-17.8,3.3));
#3966 = VECTOR('',#3967,1.);
#3967 = DIRECTION('',(0.,0.,-1.));
#3968 = ORIENTED_EDGE('',*,*,#3969,.F.);
#3969 = EDGE_CURVE('',#3970,#3962,#3972,.T.);
#3970 = VERTEX_POINT('',#3971);
#3971 = CARTESIAN_POINT('',(-10.,2.9,3.3));
#3972 = LINE('',#3973,#3974);
#3973 = CARTESIAN_POINT('',(-10.,2.9,3.3));
#3974 = VECTOR('',#3975,1.);
#3975 = DIRECTION('',(0.,-1.,0.));
#3976 = ORIENTED_EDGE('',*,*,#3977,.T.);
#3977 = EDGE_CURVE('',#3970,#3379,#3978,.T.);
#3978 = LINE('',#3979,#3980);
#3979 = CARTESIAN_POINT('',(-10.,2.9,3.3));
#3980 = VECTOR('',#3981,1.);
#3981 = DIRECTION('',(0.,0.,-1.));
#3982 = ORIENTED_EDGE('',*,*,#3378,.T.);
#3983 = ORIENTED_EDGE('',*,*,#3984,.F.);
#3984 = EDGE_CURVE('',#3921,#3369,#3985,.T.);
#3985 = LINE('',#3986,#3987);
#3986 = CARTESIAN_POINT('',(-10.,6.1,3.3));
#3987 = VECTOR('',#3988,1.);
#3988 = DIRECTION('',(0.,0.,-1.));
#3989 = ORIENTED_EDGE('',*,*,#3920,.F.);
#3990 = ORIENTED_EDGE('',*,*,#3991,.T.);
#3991 = EDGE_CURVE('',#3899,#2753,#3992,.T.);
#3992 = LINE('',#3993,#3994);
#3993 = CARTESIAN_POINT('',(-10.,8.5,3.3));
#3994 = VECTOR('',#3995,1.);
#3995 = DIRECTION('',(0.,0.,-1.));
#3996 = ORIENTED_EDGE('',*,*,#2752,.F.);
#3997 = ORIENTED_EDGE('',*,*,#3998,.F.);
#3998 = EDGE_CURVE('',#3947,#2745,#3999,.T.);
#3999 = LINE('',#4000,#4001);
#4000 = CARTESIAN_POINT('',(-10.,-23.5,3.3));
#4001 = VECTOR('',#4002,1.);
#4002 = DIRECTION('',(0.,0.,-1.));
#4003 = PLANE('',#4004);
#4004 = AXIS2_PLACEMENT_3D('',#4005,#4006,#4007);
#4005 = CARTESIAN_POINT('',(-10.,9.5,3.5));
#4006 = DIRECTION('',(-1.,0.,0.));
#4007 = DIRECTION('',(0.,-1.,0.));
#4008 = ADVANCED_FACE('',(#4009),#4025,.T.);
#4009 = FACE_BOUND('',#4010,.T.);
#4010 = EDGE_LOOP('',(#4011,#4012,#4018,#4019));
#4011 = ORIENTED_EDGE('',*,*,#3944,.T.);
#4012 = ORIENTED_EDGE('',*,*,#4013,.T.);
#4013 = EDGE_CURVE('',#3947,#1973,#4014,.T.);
#4014 = LINE('',#4015,#4016);
#4015 = CARTESIAN_POINT('',(-10.,-23.5,3.3));
#4016 = VECTOR('',#4017,1.);
#4017 = DIRECTION('',(0.678598344546,0.281084637715,0.678598344546));
#4018 = ORIENTED_EDGE('',*,*,#1972,.F.);
#4019 = ORIENTED_EDGE('',*,*,#4020,.F.);
#4020 = EDGE_CURVE('',#3945,#1965,#4021,.T.);
#4021 = LINE('',#4022,#4023);
#4022 = CARTESIAN_POINT('',(-10.,-20.99999980316,3.3));
#4023 = VECTOR('',#4024,1.);
#4024 = DIRECTION('',(0.57735026919,-0.57735026919,0.57735026919));
#4025 = PLANE('',#4026);
#4026 = AXIS2_PLACEMENT_3D('',#4027,#4028,#4029);
#4027 = CARTESIAN_POINT('',(-9.9,-22.24999990158,3.4));
#4028 = DIRECTION('',(-0.707106781187,0.,0.707106781187));
#4029 = DIRECTION('',(-0.707106781187,0.,-0.707106781187));
#4030 = ADVANCED_FACE('',(#4031),#4049,.T.);
#4031 = FACE_BOUND('',#4032,.T.);
#4032 = EDGE_LOOP('',(#4033,#4041,#4042,#4043));
#4033 = ORIENTED_EDGE('',*,*,#4034,.T.);
#4034 = EDGE_CURVE('',#4035,#3945,#4037,.T.);
#4035 = VERTEX_POINT('',#4036);
#4036 = CARTESIAN_POINT('',(-8.400000025767,-20.9999999674,3.29999997307
    ));
#4037 = LINE('',#4038,#4039);
#4038 = CARTESIAN_POINT('',(-8.400000025767,-20.99999994989,
    3.299999949888));
#4039 = VECTOR('',#4040,1.);
#4040 = DIRECTION('',(-1.,9.170633067E-08,3.132011478E-08));
#4041 = ORIENTED_EDGE('',*,*,#4020,.T.);
#4042 = ORIENTED_EDGE('',*,*,#1964,.F.);
#4043 = ORIENTED_EDGE('',*,*,#4044,.T.);
#4044 = EDGE_CURVE('',#1956,#4035,#4045,.T.);
#4045 = LINE('',#4046,#4047);
#4046 = CARTESIAN_POINT('',(-8.400000038763,-21.19999994123,
    3.499999924831));
#4047 = VECTOR('',#4048,1.);
#4048 = DIRECTION('',(4.594767945E-08,0.707106810184,-0.707106752189));
#4049 = PLANE('',#4050);
#4050 = AXIS2_PLACEMENT_3D('',#4051,#4052,#4053);
#4051 = CARTESIAN_POINT('',(-9.2,-21.09999982776,3.400000024605));
#4052 = DIRECTION('',(0.,0.707106781187,0.707106781187));
#4053 = DIRECTION('',(0.,0.707106781187,-0.707106781187));
#4054 = ADVANCED_FACE('',(#4055),#4066,.F.);
#4055 = FACE_BOUND('',#4056,.F.);
#4056 = EDGE_LOOP('',(#4057,#4063,#4064,#4065));
#4057 = ORIENTED_EDGE('',*,*,#4058,.T.);
#4058 = EDGE_CURVE('',#3491,#4035,#4059,.T.);
#4059 = LINE('',#4060,#4061);
#4060 = CARTESIAN_POINT('',(-8.4,-20.99999990158,2.));
#4061 = VECTOR('',#4062,1.);
#4062 = DIRECTION('',(-1.982076938E-08,-3.716076069E-08,1.));
#4063 = ORIENTED_EDGE('',*,*,#4034,.T.);
#4064 = ORIENTED_EDGE('',*,*,#3954,.T.);
#4065 = ORIENTED_EDGE('',*,*,#3490,.F.);
#4066 = PLANE('',#4067);
#4067 = AXIS2_PLACEMENT_3D('',#4068,#4069,#4070);
#4068 = CARTESIAN_POINT('',(-10.78947717936,-20.99999980316,3.5));
#4069 = DIRECTION('',(0.,-1.,0.));
#4070 = DIRECTION('',(1.,0.,0.));
#4071 = ADVANCED_FACE('',(#4072),#4091,.F.);
#4072 = FACE_BOUND('',#4073,.F.);
#4073 = EDGE_LOOP('',(#4074,#4075,#4083,#4090));
#4074 = ORIENTED_EDGE('',*,*,#3498,.T.);
#4075 = ORIENTED_EDGE('',*,*,#4076,.F.);
#4076 = EDGE_CURVE('',#4077,#3475,#4079,.T.);
#4077 = VERTEX_POINT('',#4078);
#4078 = CARTESIAN_POINT('',(-8.400000014693,-17.80000003806,
    3.30000003205));
#4079 = LINE('',#4080,#4081);
#4080 = CARTESIAN_POINT('',(-8.400000014926,-17.80000005043,
    3.300000047987));
#4081 = VECTOR('',#4082,1.);
#4082 = DIRECTION('',(1.148176759E-08,3.879518102E-08,-1.));
#4083 = ORIENTED_EDGE('',*,*,#4084,.T.);
#4084 = EDGE_CURVE('',#4077,#4035,#4085,.T.);
#4085 = CIRCLE('',#4086,1.6);
#4086 = AXIS2_PLACEMENT_3D('',#4087,#4088,#4089);
#4087 = CARTESIAN_POINT('',(-8.4,-19.4,3.3));
#4088 = DIRECTION('',(0.,0.,-1.));
#4089 = DIRECTION('',(0.,1.,0.));
#4090 = ORIENTED_EDGE('',*,*,#4058,.F.);
#4091 = CYLINDRICAL_SURFACE('',#4092,1.6);
#4092 = AXIS2_PLACEMENT_3D('',#4093,#4094,#4095);
#4093 = CARTESIAN_POINT('',(-8.4,-19.4,3.5));
#4094 = DIRECTION('',(0.,0.,1.));
#4095 = DIRECTION('',(1.,0.,-0.));
#4096 = ADVANCED_FACE('',(#4097),#4108,.F.);
#4097 = FACE_BOUND('',#4098,.T.);
#4098 = EDGE_LOOP('',(#4099,#4100,#4106,#4107));
#4099 = ORIENTED_EDGE('',*,*,#4076,.F.);
#4100 = ORIENTED_EDGE('',*,*,#4101,.F.);
#4101 = EDGE_CURVE('',#3962,#4077,#4102,.T.);
#4102 = LINE('',#4103,#4104);
#4103 = CARTESIAN_POINT('',(-10.,-17.8,3.3));
#4104 = VECTOR('',#4105,1.);
#4105 = DIRECTION('',(1.,-3.152108604E-08,2.999215237E-08));
#4106 = ORIENTED_EDGE('',*,*,#3961,.T.);
#4107 = ORIENTED_EDGE('',*,*,#3472,.T.);
#4108 = PLANE('',#4109);
#4109 = AXIS2_PLACEMENT_3D('',#4110,#4111,#4112);
#4110 = CARTESIAN_POINT('',(-8.4,-17.8,3.5));
#4111 = DIRECTION('',(0.,1.,0.));
#4112 = DIRECTION('',(-1.,0.,0.));
#4113 = ADVANCED_FACE('',(#4114),#4130,.T.);
#4114 = FACE_BOUND('',#4115,.T.);
#4115 = EDGE_LOOP('',(#4116,#4117,#4123,#4124));
#4116 = ORIENTED_EDGE('',*,*,#1947,.F.);
#4117 = ORIENTED_EDGE('',*,*,#4118,.F.);
#4118 = EDGE_CURVE('',#3962,#1940,#4119,.T.);
#4119 = LINE('',#4120,#4121);
#4120 = CARTESIAN_POINT('',(-10.,-17.8,3.3));
#4121 = VECTOR('',#4122,1.);
#4122 = DIRECTION('',(0.57735026919,0.57735026919,0.57735026919));
#4123 = ORIENTED_EDGE('',*,*,#4101,.T.);
#4124 = ORIENTED_EDGE('',*,*,#4125,.F.);
#4125 = EDGE_CURVE('',#1948,#4077,#4126,.T.);
#4126 = LINE('',#4127,#4128);
#4127 = CARTESIAN_POINT('',(-8.400000022389,-17.60000007565,
    3.500000071981));
#4128 = VECTOR('',#4129,1.);
#4129 = DIRECTION('',(2.638620774E-08,-0.707106694194,-0.707106868179));
#4130 = PLANE('',#4131);
#4131 = AXIS2_PLACEMENT_3D('',#4132,#4133,#4134);
#4132 = CARTESIAN_POINT('',(-9.2,-17.7,3.4));
#4133 = DIRECTION('',(0.,-0.707106781186,0.707106781187));
#4134 = DIRECTION('',(0.,-0.707106781187,-0.707106781186));
#4135 = ADVANCED_FACE('',(#4136),#4142,.F.);
#4136 = FACE_BOUND('',#4137,.F.);
#4137 = EDGE_LOOP('',(#4138,#4139,#4140,#4141));
#4138 = ORIENTED_EDGE('',*,*,#4044,.T.);
#4139 = ORIENTED_EDGE('',*,*,#4084,.F.);
#4140 = ORIENTED_EDGE('',*,*,#4125,.F.);
#4141 = ORIENTED_EDGE('',*,*,#1955,.T.);
#4142 = CONICAL_SURFACE('',#4143,1.699999886155,0.785398040371);
#4143 = AXIS2_PLACEMENT_3D('',#4144,#4145,#4146);
#4144 = CARTESIAN_POINT('',(-8.4,-19.40000039368,3.39999991076));
#4145 = DIRECTION('',(0.,0.,1.));
#4146 = DIRECTION('',(0.,-1.,0.));
#4147 = ADVANCED_FACE('',(#4148),#4159,.T.);
#4148 = FACE_BOUND('',#4149,.T.);
#4149 = EDGE_LOOP('',(#4150,#4151,#4152,#4153));
#4150 = ORIENTED_EDGE('',*,*,#3969,.T.);
#4151 = ORIENTED_EDGE('',*,*,#4118,.T.);
#4152 = ORIENTED_EDGE('',*,*,#1939,.F.);
#4153 = ORIENTED_EDGE('',*,*,#4154,.F.);
#4154 = EDGE_CURVE('',#3970,#1932,#4155,.T.);
#4155 = LINE('',#4156,#4157);
#4156 = CARTESIAN_POINT('',(-10.,2.9,3.3));
#4157 = VECTOR('',#4158,1.);
#4158 = DIRECTION('',(0.57735026919,-0.57735026919,0.57735026919));
#4159 = PLANE('',#4160);
#4160 = AXIS2_PLACEMENT_3D('',#4161,#4162,#4163);
#4161 = CARTESIAN_POINT('',(-9.9,-7.45,3.4));
#4162 = DIRECTION('',(-0.707106781187,0.,0.707106781187));
#4163 = DIRECTION('',(-0.707106781187,0.,-0.707106781187));
#4164 = ADVANCED_FACE('',(#4165),#4183,.T.);
#4165 = FACE_BOUND('',#4166,.T.);
#4166 = EDGE_LOOP('',(#4167,#4175,#4176,#4177));
#4167 = ORIENTED_EDGE('',*,*,#4168,.T.);
#4168 = EDGE_CURVE('',#4169,#3970,#4171,.T.);
#4169 = VERTEX_POINT('',#4170);
#4170 = CARTESIAN_POINT('',(-8.400000026071,2.900000000664,
    3.299999999335));
#4171 = LINE('',#4172,#4173);
#4172 = CARTESIAN_POINT('',(-8.400000026071,2.900000000886,
    3.299999999114));
#4173 = VECTOR('',#4174,1.);
#4174 = DIRECTION('',(-1.,-5.5350447E-10,5.5350447E-10));
#4175 = ORIENTED_EDGE('',*,*,#4154,.T.);
#4176 = ORIENTED_EDGE('',*,*,#1931,.F.);
#4177 = ORIENTED_EDGE('',*,*,#4178,.T.);
#4178 = EDGE_CURVE('',#1923,#4169,#4179,.T.);
#4179 = LINE('',#4180,#4181);
#4180 = CARTESIAN_POINT('',(-8.400000039107,2.700000001328,
    3.499999998672));
#4181 = VECTOR('',#4182,1.);
#4182 = DIRECTION('',(4.608762744E-08,0.707106781187,-0.707106781187));
#4183 = PLANE('',#4184);
#4184 = AXIS2_PLACEMENT_3D('',#4185,#4186,#4187);
#4185 = CARTESIAN_POINT('',(-9.2,2.8,3.4));
#4186 = DIRECTION('',(0.,0.707106781187,0.707106781187));
#4187 = DIRECTION('',(0.,0.707106781187,-0.707106781187));
#4188 = ADVANCED_FACE('',(#4189),#4200,.F.);
#4189 = FACE_BOUND('',#4190,.T.);
#4190 = EDGE_LOOP('',(#4191,#4192,#4193,#4194));
#4191 = ORIENTED_EDGE('',*,*,#3386,.T.);
#4192 = ORIENTED_EDGE('',*,*,#3977,.F.);
#4193 = ORIENTED_EDGE('',*,*,#4168,.F.);
#4194 = ORIENTED_EDGE('',*,*,#4195,.T.);
#4195 = EDGE_CURVE('',#4169,#3387,#4196,.T.);
#4196 = LINE('',#4197,#4198);
#4197 = CARTESIAN_POINT('',(-8.400000026071,2.900000000886,
    3.299999999114));
#4198 = VECTOR('',#4199,1.);
#4199 = DIRECTION('',(2.005468066E-08,-6.8123695E-10,-1.));
#4200 = PLANE('',#4201);
#4201 = AXIS2_PLACEMENT_3D('',#4202,#4203,#4204);
#4202 = CARTESIAN_POINT('',(-10.78868351995,2.9,3.5));
#4203 = DIRECTION('',(0.,-1.,0.));
#4204 = DIRECTION('',(1.,0.,0.));
#4205 = ADVANCED_FACE('',(#4206),#4225,.F.);
#4206 = FACE_BOUND('',#4207,.F.);
#4207 = EDGE_LOOP('',(#4208,#4209,#4217,#4224));
#4208 = ORIENTED_EDGE('',*,*,#3394,.T.);
#4209 = ORIENTED_EDGE('',*,*,#4210,.F.);
#4210 = EDGE_CURVE('',#4211,#3371,#4213,.T.);
#4211 = VERTEX_POINT('',#4212);
#4212 = CARTESIAN_POINT('',(-8.400000013976,6.099999999223,
    3.299999999382));
#4213 = LINE('',#4214,#4215);
#4214 = CARTESIAN_POINT('',(-8.400000014907,6.099999998781,
    3.299999998781));
#4215 = VECTOR('',#4216,1.);
#4216 = DIRECTION('',(1.146700923E-08,9.3789865E-10,-1.));
#4217 = ORIENTED_EDGE('',*,*,#4218,.T.);
#4218 = EDGE_CURVE('',#4211,#4169,#4219,.T.);
#4219 = CIRCLE('',#4220,1.6);
#4220 = AXIS2_PLACEMENT_3D('',#4221,#4222,#4223);
#4221 = CARTESIAN_POINT('',(-8.4,4.5,3.3));
#4222 = DIRECTION('',(0.,0.,-1.));
#4223 = DIRECTION('',(0.,1.,0.));
#4224 = ORIENTED_EDGE('',*,*,#4195,.T.);
#4225 = CYLINDRICAL_SURFACE('',#4226,1.6);
#4226 = AXIS2_PLACEMENT_3D('',#4227,#4228,#4229);
#4227 = CARTESIAN_POINT('',(-8.4,4.5,3.5));
#4228 = DIRECTION('',(0.,0.,1.));
#4229 = DIRECTION('',(1.,0.,-0.));
#4230 = ADVANCED_FACE('',(#4231),#4242,.F.);
#4231 = FACE_BOUND('',#4232,.T.);
#4232 = EDGE_LOOP('',(#4233,#4234,#4240,#4241));
#4233 = ORIENTED_EDGE('',*,*,#4210,.F.);
#4234 = ORIENTED_EDGE('',*,*,#4235,.F.);
#4235 = EDGE_CURVE('',#3921,#4211,#4236,.T.);
#4236 = LINE('',#4237,#4238);
#4237 = CARTESIAN_POINT('',(-10.,6.1,3.3));
#4238 = VECTOR('',#4239,1.);
#4239 = DIRECTION('',(1.,-7.6204266E-10,-7.620421E-10));
#4240 = ORIENTED_EDGE('',*,*,#3984,.T.);
#4241 = ORIENTED_EDGE('',*,*,#3368,.T.);
#4242 = PLANE('',#4243);
#4243 = AXIS2_PLACEMENT_3D('',#4244,#4245,#4246);
#4244 = CARTESIAN_POINT('',(-8.4,6.1,3.5));
#4245 = DIRECTION('',(0.,1.,0.));
#4246 = DIRECTION('',(-1.,0.,0.));
#4247 = ADVANCED_FACE('',(#4248),#4259,.T.);
#4248 = FACE_BOUND('',#4249,.T.);
#4249 = EDGE_LOOP('',(#4250,#4251,#4252,#4253));
#4250 = ORIENTED_EDGE('',*,*,#1914,.F.);
#4251 = ORIENTED_EDGE('',*,*,#3928,.F.);
#4252 = ORIENTED_EDGE('',*,*,#4235,.T.);
#4253 = ORIENTED_EDGE('',*,*,#4254,.F.);
#4254 = EDGE_CURVE('',#1915,#4211,#4255,.T.);
#4255 = LINE('',#4256,#4257);
#4256 = CARTESIAN_POINT('',(-8.400000022361,6.299999998171,
    3.499999998171));
#4257 = VECTOR('',#4258,1.);
#4258 = DIRECTION('',(2.635229374E-08,-0.707106781187,-0.707106781187));
#4259 = PLANE('',#4260);
#4260 = AXIS2_PLACEMENT_3D('',#4261,#4262,#4263);
#4261 = CARTESIAN_POINT('',(-9.2,6.2,3.4));
#4262 = DIRECTION('',(0.,-0.707106781187,0.707106781187));
#4263 = DIRECTION('',(0.,-0.707106781187,-0.707106781187));
#4264 = ADVANCED_FACE('',(#4265),#4271,.F.);
#4265 = FACE_BOUND('',#4266,.F.);
#4266 = EDGE_LOOP('',(#4267,#4268,#4269,#4270));
#4267 = ORIENTED_EDGE('',*,*,#4178,.T.);
#4268 = ORIENTED_EDGE('',*,*,#4218,.F.);
#4269 = ORIENTED_EDGE('',*,*,#4254,.F.);
#4270 = ORIENTED_EDGE('',*,*,#1922,.T.);
#4271 = CONICAL_SURFACE('',#4272,1.699999997826,0.785398163397);
#4272 = AXIS2_PLACEMENT_3D('',#4273,#4274,#4275);
#4273 = CARTESIAN_POINT('',(-8.4,4.5,3.399999997826));
#4274 = DIRECTION('',(0.,0.,1.));
#4275 = DIRECTION('',(0.,-1.,0.));
#4276 = ADVANCED_FACE('',(#4277),#4295,.T.);
#4277 = FACE_BOUND('',#4278,.T.);
#4278 = EDGE_LOOP('',(#4279,#4287,#4293,#4294));
#4279 = ORIENTED_EDGE('',*,*,#4280,.T.);
#4280 = EDGE_CURVE('',#3947,#4281,#4283,.T.);
#4281 = VERTEX_POINT('',#4282);
#4282 = CARTESIAN_POINT('',(-9.,-24.5,3.3));
#4283 = LINE('',#4284,#4285);
#4284 = CARTESIAN_POINT('',(-10.,-23.5,3.3));
#4285 = VECTOR('',#4286,1.);
#4286 = DIRECTION('',(0.707106781187,-0.707106781187,0.));
#4287 = ORIENTED_EDGE('',*,*,#4288,.T.);
#4288 = EDGE_CURVE('',#4281,#1981,#4289,.T.);
#4289 = LINE('',#4290,#4291);
#4290 = CARTESIAN_POINT('',(-9.,-24.5,3.3));
#4291 = VECTOR('',#4292,1.);
#4292 = DIRECTION('',(0.281084637715,0.678598344546,0.678598344546));
#4293 = ORIENTED_EDGE('',*,*,#1980,.F.);
#4294 = ORIENTED_EDGE('',*,*,#4013,.F.);
#4295 = PLANE('',#4296);
#4296 = AXIS2_PLACEMENT_3D('',#4297,#4298,#4299);
#4297 = CARTESIAN_POINT('',(-9.429289321881,-23.92928932188,3.4));
#4298 = DIRECTION('',(-0.5,-0.5,0.707106781187));
#4299 = DIRECTION('',(-0.5,-0.5,-0.707106781186));
#4300 = ADVANCED_FACE('',(#4301),#4312,.T.);
#4301 = FACE_BOUND('',#4302,.T.);
#4302 = EDGE_LOOP('',(#4303,#4304,#4305,#4306));
#4303 = ORIENTED_EDGE('',*,*,#4280,.F.);
#4304 = ORIENTED_EDGE('',*,*,#3998,.T.);
#4305 = ORIENTED_EDGE('',*,*,#2744,.F.);
#4306 = ORIENTED_EDGE('',*,*,#4307,.F.);
#4307 = EDGE_CURVE('',#4281,#2737,#4308,.T.);
#4308 = LINE('',#4309,#4310);
#4309 = CARTESIAN_POINT('',(-9.,-24.5,3.3));
#4310 = VECTOR('',#4311,1.);
#4311 = DIRECTION('',(0.,0.,-1.));
#4312 = PLANE('',#4313);
#4313 = AXIS2_PLACEMENT_3D('',#4314,#4315,#4316);
#4314 = CARTESIAN_POINT('',(-9.5,-24.,1.75));
#4315 = DIRECTION('',(-0.707106781187,-0.707106781187,0.));
#4316 = DIRECTION('',(-0.707106781187,0.707106781187,0.));
#4317 = ADVANCED_FACE('',(#4318),#4359,.T.);
#4318 = FACE_BOUND('',#4319,.T.);
#4319 = EDGE_LOOP('',(#4320,#4328,#4329,#4330,#4338,#4346,#4352,#4353));
#4320 = ORIENTED_EDGE('',*,*,#4321,.F.);
#4321 = EDGE_CURVE('',#4281,#4322,#4324,.T.);
#4322 = VERTEX_POINT('',#4323);
#4323 = CARTESIAN_POINT('',(3.3,-24.5,3.3));
#4324 = LINE('',#4325,#4326);
#4325 = CARTESIAN_POINT('',(-9.,-24.5,3.3));
#4326 = VECTOR('',#4327,1.);
#4327 = DIRECTION('',(1.,0.,0.));
#4328 = ORIENTED_EDGE('',*,*,#4307,.T.);
#4329 = ORIENTED_EDGE('',*,*,#2736,.F.);
#4330 = ORIENTED_EDGE('',*,*,#4331,.F.);
#4331 = EDGE_CURVE('',#4332,#2729,#4334,.T.);
#4332 = VERTEX_POINT('',#4333);
#4333 = CARTESIAN_POINT('',(9.,-24.5,3.3));
#4334 = LINE('',#4335,#4336);
#4335 = CARTESIAN_POINT('',(9.,-24.5,3.3));
#4336 = VECTOR('',#4337,1.);
#4337 = DIRECTION('',(0.,0.,-1.));
#4338 = ORIENTED_EDGE('',*,*,#4339,.F.);
#4339 = EDGE_CURVE('',#4340,#4332,#4342,.T.);
#4340 = VERTEX_POINT('',#4341);
#4341 = CARTESIAN_POINT('',(6.5,-24.5,3.3));
#4342 = LINE('',#4343,#4344);
#4343 = CARTESIAN_POINT('',(6.5,-24.5,3.3));
#4344 = VECTOR('',#4345,1.);
#4345 = DIRECTION('',(1.,0.,0.));
#4346 = ORIENTED_EDGE('',*,*,#4347,.T.);
#4347 = EDGE_CURVE('',#4340,#3431,#4348,.T.);
#4348 = LINE('',#4349,#4350);
#4349 = CARTESIAN_POINT('',(6.5,-24.5,3.3));
#4350 = VECTOR('',#4351,1.);
#4351 = DIRECTION('',(0.,0.,-1.));
#4352 = ORIENTED_EDGE('',*,*,#3430,.F.);
#4353 = ORIENTED_EDGE('',*,*,#4354,.F.);
#4354 = EDGE_CURVE('',#4322,#3421,#4355,.T.);
#4355 = LINE('',#4356,#4357);
#4356 = CARTESIAN_POINT('',(3.3,-24.5,3.3));
#4357 = VECTOR('',#4358,1.);
#4358 = DIRECTION('',(0.,0.,-1.));
#4359 = PLANE('',#4360);
#4360 = AXIS2_PLACEMENT_3D('',#4361,#4362,#4363);
#4361 = CARTESIAN_POINT('',(-10.,-24.5,3.5));
#4362 = DIRECTION('',(0.,-1.,0.));
#4363 = DIRECTION('',(1.,0.,0.));
#4364 = ADVANCED_FACE('',(#4365),#4376,.T.);
#4365 = FACE_BOUND('',#4366,.T.);
#4366 = EDGE_LOOP('',(#4367,#4368,#4374,#4375));
#4367 = ORIENTED_EDGE('',*,*,#4321,.T.);
#4368 = ORIENTED_EDGE('',*,*,#4369,.T.);
#4369 = EDGE_CURVE('',#4322,#1989,#4370,.T.);
#4370 = LINE('',#4371,#4372);
#4371 = CARTESIAN_POINT('',(3.3,-24.5,3.3));
#4372 = VECTOR('',#4373,1.);
#4373 = DIRECTION('',(-0.57735026919,0.57735026919,0.57735026919));
#4374 = ORIENTED_EDGE('',*,*,#1988,.F.);
#4375 = ORIENTED_EDGE('',*,*,#4288,.F.);
#4376 = PLANE('',#4377);
#4377 = AXIS2_PLACEMENT_3D('',#4378,#4379,#4380);
#4378 = CARTESIAN_POINT('',(-2.85,-24.4,3.4));
#4379 = DIRECTION('',(0.,-0.707106781187,0.707106781187));
#4380 = DIRECTION('',(0.,-0.707106781187,-0.707106781187));
#4381 = ADVANCED_FACE('',(#4382),#4400,.T.);
#4382 = FACE_BOUND('',#4383,.T.);
#4383 = EDGE_LOOP('',(#4384,#4385,#4386,#4394));
#4384 = ORIENTED_EDGE('',*,*,#1996,.F.);
#4385 = ORIENTED_EDGE('',*,*,#4369,.F.);
#4386 = ORIENTED_EDGE('',*,*,#4387,.T.);
#4387 = EDGE_CURVE('',#4322,#4388,#4390,.T.);
#4388 = VERTEX_POINT('',#4389);
#4389 = CARTESIAN_POINT('',(3.300000000838,-22.9000000149,3.299999999162
    ));
#4390 = LINE('',#4391,#4392);
#4391 = CARTESIAN_POINT('',(3.3,-24.5,3.3));
#4392 = VECTOR('',#4393,1.);
#4393 = DIRECTION('',(7.6204238E-10,1.,-7.6204183E-10));
#4394 = ORIENTED_EDGE('',*,*,#4395,.F.);
#4395 = EDGE_CURVE('',#1997,#4388,#4396,.T.);
#4396 = LINE('',#4397,#4398);
#4397 = CARTESIAN_POINT('',(3.100000001829,-22.90000002236,
    3.499999998171));
#4398 = VECTOR('',#4399,1.);
#4399 = DIRECTION('',(0.707106781187,2.635229374E-08,-0.707106781187));
#4400 = PLANE('',#4401);
#4401 = AXIS2_PLACEMENT_3D('',#4402,#4403,#4404);
#4402 = CARTESIAN_POINT('',(3.2,-23.7,3.4));
#4403 = DIRECTION('',(0.707106781187,0.,0.707106781187));
#4404 = DIRECTION('',(0.707106781187,0.,-0.707106781187));
#4405 = ADVANCED_FACE('',(#4406),#4425,.F.);
#4406 = FACE_BOUND('',#4407,.F.);
#4407 = EDGE_LOOP('',(#4408,#4416,#4423,#4424));
#4408 = ORIENTED_EDGE('',*,*,#4409,.T.);
#4409 = EDGE_CURVE('',#2005,#4410,#4412,.T.);
#4410 = VERTEX_POINT('',#4411);
#4411 = CARTESIAN_POINT('',(6.49999999943,-22.90000002525,3.299999999539
    ));
#4412 = LINE('',#4413,#4414);
#4413 = CARTESIAN_POINT('',(6.699999998672,-22.90000003911,
    3.499999998672));
#4414 = VECTOR('',#4415,1.);
#4415 = DIRECTION('',(-0.707106781187,4.608760232E-08,-0.707106781187));
#4416 = ORIENTED_EDGE('',*,*,#4417,.F.);
#4417 = EDGE_CURVE('',#4388,#4410,#4418,.T.);
#4418 = CIRCLE('',#4419,1.6);
#4419 = AXIS2_PLACEMENT_3D('',#4420,#4421,#4422);
#4420 = CARTESIAN_POINT('',(4.9,-22.9,3.3));
#4421 = DIRECTION('',(0.,0.,-1.));
#4422 = DIRECTION('',(-1.,0.,0.));
#4423 = ORIENTED_EDGE('',*,*,#4395,.F.);
#4424 = ORIENTED_EDGE('',*,*,#2004,.T.);
#4425 = CONICAL_SURFACE('',#4426,1.699999997826,0.785398163397);
#4426 = AXIS2_PLACEMENT_3D('',#4427,#4428,#4429);
#4427 = CARTESIAN_POINT('',(4.9,-22.9,3.399999997826));
#4428 = DIRECTION('',(0.,0.,1.));
#4429 = DIRECTION('',(4.6527774E-09,1.,-0.));
#4430 = ADVANCED_FACE('',(#4431),#4447,.T.);
#4431 = FACE_BOUND('',#4432,.T.);
#4432 = EDGE_LOOP('',(#4433,#4439,#4445,#4446));
#4433 = ORIENTED_EDGE('',*,*,#4434,.T.);
#4434 = EDGE_CURVE('',#4410,#4340,#4435,.T.);
#4435 = LINE('',#4436,#4437);
#4436 = CARTESIAN_POINT('',(6.499999999114,-22.90000002607,
    3.299999999114));
#4437 = VECTOR('',#4438,1.);
#4438 = DIRECTION('',(5.5350392E-10,-1.,5.535042E-10));
#4439 = ORIENTED_EDGE('',*,*,#4440,.T.);
#4440 = EDGE_CURVE('',#4340,#2014,#4441,.T.);
#4441 = LINE('',#4442,#4443);
#4442 = CARTESIAN_POINT('',(6.5,-24.5,3.3));
#4443 = VECTOR('',#4444,1.);
#4444 = DIRECTION('',(0.57735026919,0.57735026919,0.57735026919));
#4445 = ORIENTED_EDGE('',*,*,#2013,.F.);
#4446 = ORIENTED_EDGE('',*,*,#4409,.T.);
#4447 = PLANE('',#4448);
#4448 = AXIS2_PLACEMENT_3D('',#4449,#4450,#4451);
#4449 = CARTESIAN_POINT('',(6.6,-23.7,3.4));
#4450 = DIRECTION('',(-0.707106781187,0.,0.707106781187));
#4451 = DIRECTION('',(-0.707106781187,0.,-0.707106781187));
#4452 = ADVANCED_FACE('',(#4453),#4464,.F.);
#4453 = FACE_BOUND('',#4454,.T.);
#4454 = EDGE_LOOP('',(#4455,#4456,#4457,#4458));
#4455 = ORIENTED_EDGE('',*,*,#3438,.T.);
#4456 = ORIENTED_EDGE('',*,*,#4347,.F.);
#4457 = ORIENTED_EDGE('',*,*,#4434,.F.);
#4458 = ORIENTED_EDGE('',*,*,#4459,.T.);
#4459 = EDGE_CURVE('',#4410,#3439,#4460,.T.);
#4460 = LINE('',#4461,#4462);
#4461 = CARTESIAN_POINT('',(6.499999999114,-22.90000002607,
    3.299999999114));
#4462 = VECTOR('',#4463,1.);
#4463 = DIRECTION('',(6.8123695E-10,2.005468066E-08,-1.));
#4464 = PLANE('',#4465);
#4465 = AXIS2_PLACEMENT_3D('',#4466,#4467,#4468);
#4466 = CARTESIAN_POINT('',(6.5,-24.79998484349,3.5));
#4467 = DIRECTION('',(1.,0.,0.));
#4468 = DIRECTION('',(-0.,1.,0.));
#4469 = ADVANCED_FACE('',(#4470),#4481,.F.);
#4470 = FACE_BOUND('',#4471,.F.);
#4471 = EDGE_LOOP('',(#4472,#4473,#4479,#4480));
#4472 = ORIENTED_EDGE('',*,*,#3446,.T.);
#4473 = ORIENTED_EDGE('',*,*,#4474,.F.);
#4474 = EDGE_CURVE('',#4388,#3423,#4475,.T.);
#4475 = LINE('',#4476,#4477);
#4476 = CARTESIAN_POINT('',(3.300000001219,-22.90000001491,
    3.299999998781));
#4477 = VECTOR('',#4478,1.);
#4478 = DIRECTION('',(-9.3789865E-10,1.146700923E-08,-1.));
#4479 = ORIENTED_EDGE('',*,*,#4417,.T.);
#4480 = ORIENTED_EDGE('',*,*,#4459,.T.);
#4481 = CYLINDRICAL_SURFACE('',#4482,1.6);
#4482 = AXIS2_PLACEMENT_3D('',#4483,#4484,#4485);
#4483 = CARTESIAN_POINT('',(4.9,-22.9,3.5));
#4484 = DIRECTION('',(0.,0.,1.));
#4485 = DIRECTION('',(1.,0.,-0.));
#4486 = ADVANCED_FACE('',(#4487),#4493,.F.);
#4487 = FACE_BOUND('',#4488,.T.);
#4488 = EDGE_LOOP('',(#4489,#4490,#4491,#4492));
#4489 = ORIENTED_EDGE('',*,*,#4474,.F.);
#4490 = ORIENTED_EDGE('',*,*,#4387,.F.);
#4491 = ORIENTED_EDGE('',*,*,#4354,.T.);
#4492 = ORIENTED_EDGE('',*,*,#3420,.T.);
#4493 = PLANE('',#4494);
#4494 = AXIS2_PLACEMENT_3D('',#4495,#4496,#4497);
#4495 = CARTESIAN_POINT('',(3.3,-22.9,3.5));
#4496 = DIRECTION('',(-1.,0.,0.));
#4497 = DIRECTION('',(0.,-1.,0.));
#4498 = ADVANCED_FACE('',(#4499),#4510,.T.);
#4499 = FACE_BOUND('',#4500,.T.);
#4500 = EDGE_LOOP('',(#4501,#4502,#4508,#4509));
#4501 = ORIENTED_EDGE('',*,*,#4339,.T.);
#4502 = ORIENTED_EDGE('',*,*,#4503,.T.);
#4503 = EDGE_CURVE('',#4332,#2022,#4504,.T.);
#4504 = LINE('',#4505,#4506);
#4505 = CARTESIAN_POINT('',(9.,-24.5,3.3));
#4506 = VECTOR('',#4507,1.);
#4507 = DIRECTION('',(-0.281084637715,0.678598344546,0.678598344546));
#4508 = ORIENTED_EDGE('',*,*,#2021,.F.);
#4509 = ORIENTED_EDGE('',*,*,#4440,.F.);
#4510 = PLANE('',#4511);
#4511 = AXIS2_PLACEMENT_3D('',#4512,#4513,#4514);
#4512 = CARTESIAN_POINT('',(7.75,-24.4,3.4));
#4513 = DIRECTION('',(0.,-0.707106781187,0.707106781187));
#4514 = DIRECTION('',(0.,-0.707106781187,-0.707106781187));
#4515 = ADVANCED_FACE('',(#4516),#4527,.T.);
#4516 = FACE_BOUND('',#4517,.T.);
#4517 = EDGE_LOOP('',(#4518,#4524,#4525,#4526));
#4518 = ORIENTED_EDGE('',*,*,#4519,.T.);
#4519 = EDGE_CURVE('',#4332,#3712,#4520,.T.);
#4520 = LINE('',#4521,#4522);
#4521 = CARTESIAN_POINT('',(9.,-24.5,3.3));
#4522 = VECTOR('',#4523,1.);
#4523 = DIRECTION('',(0.707106781187,0.707106781187,0.));
#4524 = ORIENTED_EDGE('',*,*,#3721,.T.);
#4525 = ORIENTED_EDGE('',*,*,#2029,.F.);
#4526 = ORIENTED_EDGE('',*,*,#4503,.F.);
#4527 = PLANE('',#4528);
#4528 = AXIS2_PLACEMENT_3D('',#4529,#4530,#4531);
#4529 = CARTESIAN_POINT('',(9.429289321881,-23.92928932188,3.4));
#4530 = DIRECTION('',(0.5,-0.5,0.707106781187));
#4531 = DIRECTION('',(0.5,-0.5,-0.707106781186));
#4532 = ADVANCED_FACE('',(#4533),#4539,.T.);
#4533 = FACE_BOUND('',#4534,.T.);
#4534 = EDGE_LOOP('',(#4535,#4536,#4537,#4538));
#4535 = ORIENTED_EDGE('',*,*,#4519,.F.);
#4536 = ORIENTED_EDGE('',*,*,#4331,.T.);
#4537 = ORIENTED_EDGE('',*,*,#2728,.F.);
#4538 = ORIENTED_EDGE('',*,*,#3747,.F.);
#4539 = PLANE('',#4540);
#4540 = AXIS2_PLACEMENT_3D('',#4541,#4542,#4543);
#4541 = CARTESIAN_POINT('',(9.5,-24.,1.75));
#4542 = DIRECTION('',(0.707106781187,-0.707106781187,0.));
#4543 = DIRECTION('',(-0.707106781187,-0.707106781187,0.));
#4544 = ADVANCED_FACE('',(#4545),#4551,.T.);
#4545 = FACE_BOUND('',#4546,.T.);
#4546 = EDGE_LOOP('',(#4547,#4548,#4549,#4550));
#4547 = ORIENTED_EDGE('',*,*,#3898,.F.);
#4548 = ORIENTED_EDGE('',*,*,#3828,.T.);
#4549 = ORIENTED_EDGE('',*,*,#2760,.F.);
#4550 = ORIENTED_EDGE('',*,*,#3991,.F.);
#4551 = PLANE('',#4552);
#4552 = AXIS2_PLACEMENT_3D('',#4553,#4554,#4555);
#4553 = CARTESIAN_POINT('',(-9.5,9.,1.75));
#4554 = DIRECTION('',(-0.707106781187,0.707106781187,0.));
#4555 = DIRECTION('',(0.707106781187,0.707106781187,0.));
#4556 = ADVANCED_FACE('',(#4557),#4573,.F.);
#4557 = FACE_BOUND('',#4558,.F.);
#4558 = EDGE_LOOP('',(#4559,#4560,#4566,#4567));
#4559 = ORIENTED_EDGE('',*,*,#2976,.T.);
#4560 = ORIENTED_EDGE('',*,*,#4561,.T.);
#4561 = EDGE_CURVE('',#2979,#2881,#4562,.T.);
#4562 = LINE('',#4563,#4564);
#4563 = CARTESIAN_POINT('',(9.6,7.920101012678,0.));
#4564 = VECTOR('',#4565,1.);
#4565 = DIRECTION('',(0.,0.,-1.));
#4566 = ORIENTED_EDGE('',*,*,#2888,.T.);
#4567 = ORIENTED_EDGE('',*,*,#4568,.F.);
#4568 = EDGE_CURVE('',#2977,#2889,#4569,.T.);
#4569 = LINE('',#4570,#4571);
#4570 = CARTESIAN_POINT('',(9.307106781187,8.627207793864,0.));
#4571 = VECTOR('',#4572,1.);
#4572 = DIRECTION('',(0.,0.,-1.));
#4573 = CYLINDRICAL_SURFACE('',#4574,1.);
#4574 = AXIS2_PLACEMENT_3D('',#4575,#4576,#4577);
#4575 = CARTESIAN_POINT('',(8.6,7.920101012678,8.7144));
#4576 = DIRECTION('',(0.,0.,-1.));
#4577 = DIRECTION('',(0.707106781187,0.707106781187,0.));
#4578 = ADVANCED_FACE('',(#4579),#4585,.T.);
#4579 = FACE_BOUND('',#4580,.T.);
#4580 = EDGE_LOOP('',(#4581,#4582,#4583,#4584));
#4581 = ORIENTED_EDGE('',*,*,#4568,.F.);
#4582 = ORIENTED_EDGE('',*,*,#3089,.T.);
#4583 = ORIENTED_EDGE('',*,*,#2960,.T.);
#4584 = ORIENTED_EDGE('',*,*,#2897,.F.);
#4585 = PLANE('',#4586);
#4586 = AXIS2_PLACEMENT_3D('',#4587,#4588,#4589);
#4587 = CARTESIAN_POINT('',(9.6,8.334314575051,0.));
#4588 = DIRECTION('',(-0.707106781187,-0.707106781187,0.));
#4589 = DIRECTION('',(-0.707106781187,0.707106781187,0.));
#4590 = ADVANCED_FACE('',(#4591),#4602,.T.);
#4591 = FACE_BOUND('',#4592,.T.);
#4592 = EDGE_LOOP('',(#4593,#4594,#4595,#4601));
#4593 = ORIENTED_EDGE('',*,*,#4561,.T.);
#4594 = ORIENTED_EDGE('',*,*,#2880,.F.);
#4595 = ORIENTED_EDGE('',*,*,#4596,.F.);
#4596 = EDGE_CURVE('',#2988,#2872,#4597,.T.);
#4597 = LINE('',#4598,#4599);
#4598 = CARTESIAN_POINT('',(9.6,-22.92010101268,0.));
#4599 = VECTOR('',#4600,1.);
#4600 = DIRECTION('',(0.,0.,-1.));
#4601 = ORIENTED_EDGE('',*,*,#2987,.T.);
#4602 = PLANE('',#4603);
#4603 = AXIS2_PLACEMENT_3D('',#4604,#4605,#4606);
#4604 = CARTESIAN_POINT('',(9.6,-23.33431457505,0.));
#4605 = DIRECTION('',(-1.,0.,0.));
#4606 = DIRECTION('',(0.,1.,0.));
#4607 = ADVANCED_FACE('',(#4608),#4619,.F.);
#4608 = FACE_BOUND('',#4609,.F.);
#4609 = EDGE_LOOP('',(#4610,#4611,#4617,#4618));
#4610 = ORIENTED_EDGE('',*,*,#2995,.T.);
#4611 = ORIENTED_EDGE('',*,*,#4612,.T.);
#4612 = EDGE_CURVE('',#2996,#2864,#4613,.T.);
#4613 = LINE('',#4614,#4615);
#4614 = CARTESIAN_POINT('',(9.307106781187,-23.62720779386,0.));
#4615 = VECTOR('',#4616,1.);
#4616 = DIRECTION('',(0.,0.,-1.));
#4617 = ORIENTED_EDGE('',*,*,#2871,.T.);
#4618 = ORIENTED_EDGE('',*,*,#4596,.F.);
#4619 = CYLINDRICAL_SURFACE('',#4620,1.);
#4620 = AXIS2_PLACEMENT_3D('',#4621,#4622,#4623);
#4621 = CARTESIAN_POINT('',(8.6,-22.92010101268,8.7144));
#4622 = DIRECTION('',(0.,0.,-1.));
#4623 = DIRECTION('',(1.,0.,0.));
#4624 = ADVANCED_FACE('',(#4625),#4636,.T.);
#4625 = FACE_BOUND('',#4626,.T.);
#4626 = EDGE_LOOP('',(#4627,#4628,#4629,#4635));
#4627 = ORIENTED_EDGE('',*,*,#4612,.T.);
#4628 = ORIENTED_EDGE('',*,*,#2863,.F.);
#4629 = ORIENTED_EDGE('',*,*,#4630,.F.);
#4630 = EDGE_CURVE('',#3005,#2855,#4631,.T.);
#4631 = LINE('',#4632,#4633);
#4632 = CARTESIAN_POINT('',(9.127207793864,-23.80710678119,0.));
#4633 = VECTOR('',#4634,1.);
#4634 = DIRECTION('',(0.,0.,-1.));
#4635 = ORIENTED_EDGE('',*,*,#3004,.T.);
#4636 = PLANE('',#4637);
#4637 = AXIS2_PLACEMENT_3D('',#4638,#4639,#4640);
#4638 = CARTESIAN_POINT('',(8.834314575051,-24.1,0.));
#4639 = DIRECTION('',(-0.707106781187,0.707106781187,0.));
#4640 = DIRECTION('',(0.707106781187,0.707106781187,0.));
#4641 = ADVANCED_FACE('',(#4642),#4653,.F.);
#4642 = FACE_BOUND('',#4643,.F.);
#4643 = EDGE_LOOP('',(#4644,#4645,#4651,#4652));
#4644 = ORIENTED_EDGE('',*,*,#3012,.T.);
#4645 = ORIENTED_EDGE('',*,*,#4646,.T.);
#4646 = EDGE_CURVE('',#3013,#2847,#4647,.T.);
#4647 = LINE('',#4648,#4649);
#4648 = CARTESIAN_POINT('',(8.420101012678,-24.1,0.));
#4649 = VECTOR('',#4650,1.);
#4650 = DIRECTION('',(0.,0.,-1.));
#4651 = ORIENTED_EDGE('',*,*,#2854,.T.);
#4652 = ORIENTED_EDGE('',*,*,#4630,.F.);
#4653 = CYLINDRICAL_SURFACE('',#4654,1.);
#4654 = AXIS2_PLACEMENT_3D('',#4655,#4656,#4657);
#4655 = CARTESIAN_POINT('',(8.420101012678,-23.1,8.7144));
#4656 = DIRECTION('',(0.,0.,-1.));
#4657 = DIRECTION('',(0.707106781187,-0.707106781187,0.));
#4658 = ADVANCED_FACE('',(#4659),#4670,.T.);
#4659 = FACE_BOUND('',#4660,.T.);
#4660 = EDGE_LOOP('',(#4661,#4667,#4668,#4669));
#4661 = ORIENTED_EDGE('',*,*,#4662,.F.);
#4662 = EDGE_CURVE('',#3022,#2838,#4663,.T.);
#4663 = LINE('',#4664,#4665);
#4664 = CARTESIAN_POINT('',(-8.420101012678,-24.1,0.));
#4665 = VECTOR('',#4666,1.);
#4666 = DIRECTION('',(0.,0.,-1.));
#4667 = ORIENTED_EDGE('',*,*,#3021,.T.);
#4668 = ORIENTED_EDGE('',*,*,#4646,.T.);
#4669 = ORIENTED_EDGE('',*,*,#2846,.F.);
#4670 = PLANE('',#4671);
#4671 = AXIS2_PLACEMENT_3D('',#4672,#4673,#4674);
#4672 = CARTESIAN_POINT('',(-8.834314575051,-24.1,0.));
#4673 = DIRECTION('',(0.,1.,0.));
#4674 = DIRECTION('',(1.,0.,0.));
#4675 = ADVANCED_FACE('',(#4676),#4687,.F.);
#4676 = FACE_BOUND('',#4677,.F.);
#4677 = EDGE_LOOP('',(#4678,#4679,#4685,#4686));
#4678 = ORIENTED_EDGE('',*,*,#3029,.T.);
#4679 = ORIENTED_EDGE('',*,*,#4680,.T.);
#4680 = EDGE_CURVE('',#3030,#2830,#4681,.T.);
#4681 = LINE('',#4682,#4683);
#4682 = CARTESIAN_POINT('',(-9.127207793864,-23.80710678119,0.));
#4683 = VECTOR('',#4684,1.);
#4684 = DIRECTION('',(0.,0.,-1.));
#4685 = ORIENTED_EDGE('',*,*,#2837,.T.);
#4686 = ORIENTED_EDGE('',*,*,#4662,.F.);
#4687 = CYLINDRICAL_SURFACE('',#4688,1.);
#4688 = AXIS2_PLACEMENT_3D('',#4689,#4690,#4691);
#4689 = CARTESIAN_POINT('',(-8.420101012678,-23.1,8.7144));
#4690 = DIRECTION('',(0.,0.,-1.));
#4691 = DIRECTION('',(0.,-1.,0.));
#4692 = ADVANCED_FACE('',(#4693),#4704,.T.);
#4693 = FACE_BOUND('',#4694,.T.);
#4694 = EDGE_LOOP('',(#4695,#4701,#4702,#4703));
#4695 = ORIENTED_EDGE('',*,*,#4696,.F.);
#4696 = EDGE_CURVE('',#3039,#2821,#4697,.T.);
#4697 = LINE('',#4698,#4699);
#4698 = CARTESIAN_POINT('',(-9.307106781187,-23.62720779386,0.));
#4699 = VECTOR('',#4700,1.);
#4700 = DIRECTION('',(0.,0.,-1.));
#4701 = ORIENTED_EDGE('',*,*,#3038,.T.);
#4702 = ORIENTED_EDGE('',*,*,#4680,.T.);
#4703 = ORIENTED_EDGE('',*,*,#2829,.F.);
#4704 = PLANE('',#4705);
#4705 = AXIS2_PLACEMENT_3D('',#4706,#4707,#4708);
#4706 = CARTESIAN_POINT('',(-9.6,-23.33431457505,0.));
#4707 = DIRECTION('',(0.707106781187,0.707106781187,0.));
#4708 = DIRECTION('',(0.707106781187,-0.707106781187,0.));
#4709 = ADVANCED_FACE('',(#4710),#4721,.F.);
#4710 = FACE_BOUND('',#4711,.F.);
#4711 = EDGE_LOOP('',(#4712,#4713,#4719,#4720));
#4712 = ORIENTED_EDGE('',*,*,#3046,.T.);
#4713 = ORIENTED_EDGE('',*,*,#4714,.T.);
#4714 = EDGE_CURVE('',#3047,#2813,#4715,.T.);
#4715 = LINE('',#4716,#4717);
#4716 = CARTESIAN_POINT('',(-9.6,-22.92010101268,0.));
#4717 = VECTOR('',#4718,1.);
#4718 = DIRECTION('',(0.,0.,-1.));
#4719 = ORIENTED_EDGE('',*,*,#2820,.T.);
#4720 = ORIENTED_EDGE('',*,*,#4696,.F.);
#4721 = CYLINDRICAL_SURFACE('',#4722,1.);
#4722 = AXIS2_PLACEMENT_3D('',#4723,#4724,#4725);
#4723 = CARTESIAN_POINT('',(-8.6,-22.92010101268,8.7144));
#4724 = DIRECTION('',(0.,0.,-1.));
#4725 = DIRECTION('',(-0.707106781187,-0.707106781187,-0.));
#4726 = ADVANCED_FACE('',(#4727),#4738,.T.);
#4727 = FACE_BOUND('',#4728,.T.);
#4728 = EDGE_LOOP('',(#4729,#4735,#4736,#4737));
#4729 = ORIENTED_EDGE('',*,*,#4730,.F.);
#4730 = EDGE_CURVE('',#3056,#2804,#4731,.T.);
#4731 = LINE('',#4732,#4733);
#4732 = CARTESIAN_POINT('',(-9.6,7.920101012678,0.));
#4733 = VECTOR('',#4734,1.);
#4734 = DIRECTION('',(0.,0.,-1.));
#4735 = ORIENTED_EDGE('',*,*,#3055,.T.);
#4736 = ORIENTED_EDGE('',*,*,#4714,.T.);
#4737 = ORIENTED_EDGE('',*,*,#2812,.F.);
#4738 = PLANE('',#4739);
#4739 = AXIS2_PLACEMENT_3D('',#4740,#4741,#4742);
#4740 = CARTESIAN_POINT('',(-9.6,8.334314575051,0.));
#4741 = DIRECTION('',(1.,0.,0.));
#4742 = DIRECTION('',(0.,-1.,0.));
#4743 = ADVANCED_FACE('',(#4744),#4755,.F.);
#4744 = FACE_BOUND('',#4745,.F.);
#4745 = EDGE_LOOP('',(#4746,#4747,#4753,#4754));
#4746 = ORIENTED_EDGE('',*,*,#3063,.T.);
#4747 = ORIENTED_EDGE('',*,*,#4748,.T.);
#4748 = EDGE_CURVE('',#3064,#2796,#4749,.T.);
#4749 = LINE('',#4750,#4751);
#4750 = CARTESIAN_POINT('',(-9.307106781187,8.627207793864,0.));
#4751 = VECTOR('',#4752,1.);
#4752 = DIRECTION('',(0.,0.,-1.));
#4753 = ORIENTED_EDGE('',*,*,#2803,.T.);
#4754 = ORIENTED_EDGE('',*,*,#4730,.F.);
#4755 = CYLINDRICAL_SURFACE('',#4756,1.);
#4756 = AXIS2_PLACEMENT_3D('',#4757,#4758,#4759);
#4757 = CARTESIAN_POINT('',(-8.6,7.920101012678,8.7144));
#4758 = DIRECTION('',(0.,0.,-1.));
#4759 = DIRECTION('',(-1.,0.,0.));
#4760 = ADVANCED_FACE('',(#4761),#4772,.T.);
#4761 = FACE_BOUND('',#4762,.T.);
#4762 = EDGE_LOOP('',(#4763,#4769,#4770,#4771));
#4763 = ORIENTED_EDGE('',*,*,#4764,.F.);
#4764 = EDGE_CURVE('',#3073,#2787,#4765,.T.);
#4765 = LINE('',#4766,#4767);
#4766 = CARTESIAN_POINT('',(-9.127207793864,8.807106781187,0.));
#4767 = VECTOR('',#4768,1.);
#4768 = DIRECTION('',(0.,0.,-1.));
#4769 = ORIENTED_EDGE('',*,*,#3072,.T.);
#4770 = ORIENTED_EDGE('',*,*,#4748,.T.);
#4771 = ORIENTED_EDGE('',*,*,#2795,.F.);
#4772 = PLANE('',#4773);
#4773 = AXIS2_PLACEMENT_3D('',#4774,#4775,#4776);
#4774 = CARTESIAN_POINT('',(-8.834314575051,9.1,0.));
#4775 = DIRECTION('',(0.707106781186,-0.707106781187,0.));
#4776 = DIRECTION('',(-0.707106781187,-0.707106781186,0.));
#4777 = ADVANCED_FACE('',(#4778),#4784,.F.);
#4778 = FACE_BOUND('',#4779,.F.);
#4779 = EDGE_LOOP('',(#4780,#4781,#4782,#4783));
#4780 = ORIENTED_EDGE('',*,*,#3080,.T.);
#4781 = ORIENTED_EDGE('',*,*,#2936,.T.);
#4782 = ORIENTED_EDGE('',*,*,#2786,.T.);
#4783 = ORIENTED_EDGE('',*,*,#4764,.F.);
#4784 = CYLINDRICAL_SURFACE('',#4785,1.);
#4785 = AXIS2_PLACEMENT_3D('',#4786,#4787,#4788);
#4786 = CARTESIAN_POINT('',(-8.420101012678,8.1,8.7144));
#4787 = DIRECTION('',(0.,0.,-1.));
#4788 = DIRECTION('',(-0.707106781186,0.707106781187,0.));
#4789 = ADVANCED_FACE('',(#4790),#4801,.F.);
#4790 = FACE_BOUND('',#4791,.F.);
#4791 = EDGE_LOOP('',(#4792,#4798,#4799,#4800));
#4792 = ORIENTED_EDGE('',*,*,#4793,.T.);
#4793 = EDGE_CURVE('',#2191,#3153,#4794,.T.);
#4794 = LINE('',#4795,#4796);
#4795 = CARTESIAN_POINT('',(-7.,7.5,0.));
#4796 = VECTOR('',#4797,1.);
#4797 = DIRECTION('',(0.,0.,-1.));
#4798 = ORIENTED_EDGE('',*,*,#3152,.F.);
#4799 = ORIENTED_EDGE('',*,*,#4793,.F.);
#4800 = ORIENTED_EDGE('',*,*,#2190,.T.);
#4801 = CYLINDRICAL_SURFACE('',#4802,1.);
#4802 = AXIS2_PLACEMENT_3D('',#4803,#4804,#4805);
#4803 = CARTESIAN_POINT('',(-8.,7.5,0.));
#4804 = DIRECTION('',(0.,0.,-1.));
#4805 = DIRECTION('',(-1.,0.,0.));
#4806 = ADVANCED_FACE('',(#4807),#4818,.F.);
#4807 = FACE_BOUND('',#4808,.F.);
#4808 = EDGE_LOOP('',(#4809,#4815,#4816,#4817));
#4809 = ORIENTED_EDGE('',*,*,#4810,.T.);
#4810 = EDGE_CURVE('',#2202,#3164,#4811,.T.);
#4811 = LINE('',#4812,#4813);
#4812 = CARTESIAN_POINT('',(9.,7.5,0.));
#4813 = VECTOR('',#4814,1.);
#4814 = DIRECTION('',(0.,0.,-1.));
#4815 = ORIENTED_EDGE('',*,*,#3163,.F.);
#4816 = ORIENTED_EDGE('',*,*,#4810,.F.);
#4817 = ORIENTED_EDGE('',*,*,#2201,.T.);
#4818 = CYLINDRICAL_SURFACE('',#4819,1.);
#4819 = AXIS2_PLACEMENT_3D('',#4820,#4821,#4822);
#4820 = CARTESIAN_POINT('',(8.,7.5,0.));
#4821 = DIRECTION('',(0.,0.,-1.));
#4822 = DIRECTION('',(-1.,0.,0.));
#4823 = ADVANCED_FACE('',(#4824),#4835,.F.);
#4824 = FACE_BOUND('',#4825,.F.);
#4825 = EDGE_LOOP('',(#4826,#4832,#4833,#4834));
#4826 = ORIENTED_EDGE('',*,*,#4827,.T.);
#4827 = EDGE_CURVE('',#2213,#3175,#4828,.T.);
#4828 = LINE('',#4829,#4830);
#4829 = CARTESIAN_POINT('',(-7.,-22.5,0.));
#4830 = VECTOR('',#4831,1.);
#4831 = DIRECTION('',(0.,0.,-1.));
#4832 = ORIENTED_EDGE('',*,*,#3174,.F.);
#4833 = ORIENTED_EDGE('',*,*,#4827,.F.);
#4834 = ORIENTED_EDGE('',*,*,#2212,.T.);
#4835 = CYLINDRICAL_SURFACE('',#4836,1.);
#4836 = AXIS2_PLACEMENT_3D('',#4837,#4838,#4839);
#4837 = CARTESIAN_POINT('',(-8.,-22.5,0.));
#4838 = DIRECTION('',(0.,0.,-1.));
#4839 = DIRECTION('',(-1.,0.,0.));
#4840 = ADVANCED_FACE('',(#4841),#4852,.F.);
#4841 = FACE_BOUND('',#4842,.F.);
#4842 = EDGE_LOOP('',(#4843,#4849,#4850,#4851));
#4843 = ORIENTED_EDGE('',*,*,#4844,.T.);
#4844 = EDGE_CURVE('',#2224,#3186,#4845,.T.);
#4845 = LINE('',#4846,#4847);
#4846 = CARTESIAN_POINT('',(9.,-22.5,0.));
#4847 = VECTOR('',#4848,1.);
#4848 = DIRECTION('',(0.,0.,-1.));
#4849 = ORIENTED_EDGE('',*,*,#3185,.F.);
#4850 = ORIENTED_EDGE('',*,*,#4844,.F.);
#4851 = ORIENTED_EDGE('',*,*,#2223,.T.);
#4852 = CYLINDRICAL_SURFACE('',#4853,1.);
#4853 = AXIS2_PLACEMENT_3D('',#4854,#4855,#4856);
#4854 = CARTESIAN_POINT('',(8.,-22.5,0.));
#4855 = DIRECTION('',(0.,0.,-1.));
#4856 = DIRECTION('',(-1.,0.,0.));
#4857 = ( GEOMETRIC_REPRESENTATION_CONTEXT(3) 
GLOBAL_UNCERTAINTY_ASSIGNED_CONTEXT((#4861)) 
GLOBAL_UNIT_ASSIGNED_CONTEXT((#4858,#4859,#4860)) REPRESENTATION_CONTEXT
('Context #1','3D Context with UNIT and UNCERTAINTY') );
#4858 = ( LENGTH_UNIT() NAMED_UNIT(*) SI_UNIT(.MILLI.,.METRE.) );
#4859 = ( NAMED_UNIT(*) PLANE_ANGLE_UNIT() SI_UNIT($,.RADIAN.) );
#4860 = ( NAMED_UNIT(*) SI_UNIT($,.STERADIAN.) SOLID_ANGLE_UNIT() );
#4861 = UNCERTAINTY_MEASURE_WITH_UNIT(LENGTH_MEASURE(1.E-07),#4858,
  'distance_accuracy_value','confusion accuracy');
#4862 = CONTEXT_DEPENDENT_SHAPE_REPRESENTATION(#4863,#4865);
#4863 = ( REPRESENTATION_RELATIONSHIP('','',#1845,#10) 
REPRESENTATION_RELATIONSHIP_WITH_TRANSFORMATION(#4864) 
SHAPE_REPRESENTATION_RELATIONSHIP() );
#4864 = ITEM_DEFINED_TRANSFORMATION('','',#11,#19);
#4865 = PRODUCT_DEFINITION_SHAPE('Placement','Placement of an item',
  #4866);
#4866 = NEXT_ASSEMBLY_USAGE_OCCURRENCE('2','DC15_A01_CASE_F_DUMMY012',''
  ,#5,#1840,$);
#4867 = PRODUCT_RELATED_PRODUCT_CATEGORY('part',$,(#1842));
#4868 = SHAPE_DEFINITION_REPRESENTATION(#4869,#4875);
#4869 = PRODUCT_DEFINITION_SHAPE('','',#4870);
#4870 = PRODUCT_DEFINITION('design','',#4871,#4874);
#4871 = PRODUCT_DEFINITION_FORMATION('','',#4872);
#4872 = PRODUCT('DC15_A01_CASE_B_DUMMY012','DC15_A01_CASE_B_DUMMY012',''
  ,(#4873));
#4873 = PRODUCT_CONTEXT('',#2,'mechanical');
#4874 = PRODUCT_DEFINITION_CONTEXT('part definition',#2,'design');
#4875 = ADVANCED_BREP_SHAPE_REPRESENTATION('',(#11,#4876),#8751);
#4876 = MANIFOLD_SOLID_BREP('',#4877);
#4877 = CLOSED_SHELL('',(#4878,#5133,#5161,#5186,#5456,#5487,#5527,#5551
    ,#5582,#5614,#5637,#5662,#5711,#5741,#5765,#5789,#5941,#6077,#6108,
    #6132,#6236,#6333,#6355,#6379,#6396,#6413,#6430,#6447,#6464,#6483,
    #6500,#6517,#6541,#6558,#6575,#6640,#6662,#6679,#6691,#6722,#6744,
    #6768,#6785,#6809,#6826,#6850,#6867,#6891,#6922,#6939,#6963,#7019,
    #7031,#7055,#7143,#7165,#7189,#7213,#7245,#7269,#7293,#7324,#7349,
    #7366,#7394,#7411,#7428,#7445,#7457,#7474,#7491,#7515,#7527,#7544,
    #7561,#7578,#7595,#7607,#7630,#7647,#7659,#7676,#7689,#7713,#7764,
    #7795,#7812,#7836,#7915,#7937,#7949,#7974,#7998,#8029,#8052,#8064,
    #8076,#8094,#8111,#8129,#8141,#8173,#8197,#8214,#8226,#8239,#8264,
    #8273,#8290,#8307,#8324,#8349,#8358,#8375,#8392,#8409,#8426,#8443,
    #8460,#8485,#8505,#8522,#8556,#8582,#8602,#8636,#8662,#8682,#8716,
    #8742));
#4878 = ADVANCED_FACE('',(#4879,#5073,#5084,#5095,#5106,#5117),#5128,.F.
  );
#4879 = FACE_BOUND('',#4880,.T.);
#4880 = EDGE_LOOP('',(#4881,#4891,#4899,#4907,#4915,#4923,#4931,#4939,
    #4947,#4955,#4963,#4971,#4979,#4987,#4995,#5003,#5011,#5019,#5027,
    #5035,#5043,#5051,#5059,#5067));
#4881 = ORIENTED_EDGE('',*,*,#4882,.T.);
#4882 = EDGE_CURVE('',#4883,#4885,#4887,.T.);
#4883 = VERTEX_POINT('',#4884);
#4884 = CARTESIAN_POINT('',(-8.917157287525,9.3,0.));
#4885 = VERTEX_POINT('',#4886);
#4886 = CARTESIAN_POINT('',(-2.7,9.3,0.));
#4887 = LINE('',#4888,#4889);
#4888 = CARTESIAN_POINT('',(-8.917157287525,9.3,0.));
#4889 = VECTOR('',#4890,1.);
#4890 = DIRECTION('',(1.,0.,0.));
#4891 = ORIENTED_EDGE('',*,*,#4892,.F.);
#4892 = EDGE_CURVE('',#4893,#4885,#4895,.T.);
#4893 = VERTEX_POINT('',#4894);
#4894 = CARTESIAN_POINT('',(-2.7,7.3,0.));
#4895 = LINE('',#4896,#4897);
#4896 = CARTESIAN_POINT('',(-2.7,7.3,0.));
#4897 = VECTOR('',#4898,1.);
#4898 = DIRECTION('',(0.,1.,0.));
#4899 = ORIENTED_EDGE('',*,*,#4900,.T.);
#4900 = EDGE_CURVE('',#4893,#4901,#4903,.T.);
#4901 = VERTEX_POINT('',#4902);
#4902 = CARTESIAN_POINT('',(2.7,7.3,0.));
#4903 = LINE('',#4904,#4905);
#4904 = CARTESIAN_POINT('',(-2.7,7.3,0.));
#4905 = VECTOR('',#4906,1.);
#4906 = DIRECTION('',(1.,0.,0.));
#4907 = ORIENTED_EDGE('',*,*,#4908,.F.);
#4908 = EDGE_CURVE('',#4909,#4901,#4911,.T.);
#4909 = VERTEX_POINT('',#4910);
#4910 = CARTESIAN_POINT('',(2.7,9.3,0.));
#4911 = LINE('',#4912,#4913);
#4912 = CARTESIAN_POINT('',(2.7,9.3,0.));
#4913 = VECTOR('',#4914,1.);
#4914 = DIRECTION('',(0.,-1.,0.));
#4915 = ORIENTED_EDGE('',*,*,#4916,.T.);
#4916 = EDGE_CURVE('',#4909,#4917,#4919,.T.);
#4917 = VERTEX_POINT('',#4918);
#4918 = CARTESIAN_POINT('',(8.917157287525,9.3,0.));
#4919 = LINE('',#4920,#4921);
#4920 = CARTESIAN_POINT('',(2.7,9.3,0.));
#4921 = VECTOR('',#4922,1.);
#4922 = DIRECTION('',(1.,0.,0.));
#4923 = ORIENTED_EDGE('',*,*,#4924,.T.);
#4924 = EDGE_CURVE('',#4917,#4925,#4927,.T.);
#4925 = VERTEX_POINT('',#4926);
#4926 = CARTESIAN_POINT('',(9.8,8.417157287525,0.));
#4927 = LINE('',#4928,#4929);
#4928 = CARTESIAN_POINT('',(8.917157287525,9.3,0.));
#4929 = VECTOR('',#4930,1.);
#4930 = DIRECTION('',(0.707106781187,-0.707106781187,0.));
#4931 = ORIENTED_EDGE('',*,*,#4932,.T.);
#4932 = EDGE_CURVE('',#4925,#4933,#4935,.T.);
#4933 = VERTEX_POINT('',#4934);
#4934 = CARTESIAN_POINT('',(9.8,-3.55,0.));
#4935 = LINE('',#4936,#4937);
#4936 = CARTESIAN_POINT('',(9.8,8.417157287525,0.));
#4937 = VECTOR('',#4938,1.);
#4938 = DIRECTION('',(0.,-1.,0.));
#4939 = ORIENTED_EDGE('',*,*,#4940,.T.);
#4940 = EDGE_CURVE('',#4933,#4941,#4943,.T.);
#4941 = VERTEX_POINT('',#4942);
#4942 = CARTESIAN_POINT('',(6.217157287525,-3.55,0.));
#4943 = LINE('',#4944,#4945);
#4944 = CARTESIAN_POINT('',(9.8,-3.55,0.));
#4945 = VECTOR('',#4946,1.);
#4946 = DIRECTION('',(-1.,0.,0.));
#4947 = ORIENTED_EDGE('',*,*,#4948,.F.);
#4948 = EDGE_CURVE('',#4949,#4941,#4951,.T.);
#4949 = VERTEX_POINT('',#4950);
#4950 = CARTESIAN_POINT('',(5.8,-3.967157287525,0.));
#4951 = LINE('',#4952,#4953);
#4952 = CARTESIAN_POINT('',(5.8,-3.967157287525,0.));
#4953 = VECTOR('',#4954,1.);
#4954 = DIRECTION('',(0.707106781187,0.707106781187,0.));
#4955 = ORIENTED_EDGE('',*,*,#4956,.T.);
#4956 = EDGE_CURVE('',#4949,#4957,#4959,.T.);
#4957 = VERTEX_POINT('',#4958);
#4958 = CARTESIAN_POINT('',(5.8,-14.03284271247,0.));
#4959 = LINE('',#4960,#4961);
#4960 = CARTESIAN_POINT('',(5.8,-3.967157287525,0.));
#4961 = VECTOR('',#4962,1.);
#4962 = DIRECTION('',(0.,-1.,0.));
#4963 = ORIENTED_EDGE('',*,*,#4964,.F.);
#4964 = EDGE_CURVE('',#4965,#4957,#4967,.T.);
#4965 = VERTEX_POINT('',#4966);
#4966 = CARTESIAN_POINT('',(6.217157287525,-14.45,0.));
#4967 = LINE('',#4968,#4969);
#4968 = CARTESIAN_POINT('',(6.217157287525,-14.45,0.));
#4969 = VECTOR('',#4970,1.);
#4970 = DIRECTION('',(-0.707106781187,0.707106781187,0.));
#4971 = ORIENTED_EDGE('',*,*,#4972,.T.);
#4972 = EDGE_CURVE('',#4965,#4973,#4975,.T.);
#4973 = VERTEX_POINT('',#4974);
#4974 = CARTESIAN_POINT('',(9.8,-14.45,0.));
#4975 = LINE('',#4976,#4977);
#4976 = CARTESIAN_POINT('',(6.217157287525,-14.45,0.));
#4977 = VECTOR('',#4978,1.);
#4978 = DIRECTION('',(1.,0.,0.));
#4979 = ORIENTED_EDGE('',*,*,#4980,.T.);
#4980 = EDGE_CURVE('',#4973,#4981,#4983,.T.);
#4981 = VERTEX_POINT('',#4982);
#4982 = CARTESIAN_POINT('',(9.8,-23.41715728753,0.));
#4983 = LINE('',#4984,#4985);
#4984 = CARTESIAN_POINT('',(9.8,-14.45,0.));
#4985 = VECTOR('',#4986,1.);
#4986 = DIRECTION('',(0.,-1.,0.));
#4987 = ORIENTED_EDGE('',*,*,#4988,.T.);
#4988 = EDGE_CURVE('',#4981,#4989,#4991,.T.);
#4989 = VERTEX_POINT('',#4990);
#4990 = CARTESIAN_POINT('',(8.917157287525,-24.3,0.));
#4991 = LINE('',#4992,#4993);
#4992 = CARTESIAN_POINT('',(9.8,-23.41715728753,0.));
#4993 = VECTOR('',#4994,1.);
#4994 = DIRECTION('',(-0.707106781187,-0.707106781187,0.));
#4995 = ORIENTED_EDGE('',*,*,#4996,.T.);
#4996 = EDGE_CURVE('',#4989,#4997,#4999,.T.);
#4997 = VERTEX_POINT('',#4998);
#4998 = CARTESIAN_POINT('',(-8.917157287525,-24.3,0.));
#4999 = LINE('',#5000,#5001);
#5000 = CARTESIAN_POINT('',(8.917157287525,-24.3,0.));
#5001 = VECTOR('',#5002,1.);
#5002 = DIRECTION('',(-1.,0.,0.));
#5003 = ORIENTED_EDGE('',*,*,#5004,.T.);
#5004 = EDGE_CURVE('',#4997,#5005,#5007,.T.);
#5005 = VERTEX_POINT('',#5006);
#5006 = CARTESIAN_POINT('',(-9.8,-23.41715728753,0.));
#5007 = LINE('',#5008,#5009);
#5008 = CARTESIAN_POINT('',(-8.917157287525,-24.3,0.));
#5009 = VECTOR('',#5010,1.);
#5010 = DIRECTION('',(-0.707106781187,0.707106781187,0.));
#5011 = ORIENTED_EDGE('',*,*,#5012,.T.);
#5012 = EDGE_CURVE('',#5005,#5013,#5015,.T.);
#5013 = VERTEX_POINT('',#5014);
#5014 = CARTESIAN_POINT('',(-9.8,-14.45,0.));
#5015 = LINE('',#5016,#5017);
#5016 = CARTESIAN_POINT('',(-9.8,-23.41715728753,0.));
#5017 = VECTOR('',#5018,1.);
#5018 = DIRECTION('',(0.,1.,0.));
#5019 = ORIENTED_EDGE('',*,*,#5020,.T.);
#5020 = EDGE_CURVE('',#5013,#5021,#5023,.T.);
#5021 = VERTEX_POINT('',#5022);
#5022 = CARTESIAN_POINT('',(-6.217157287525,-14.45,0.));
#5023 = LINE('',#5024,#5025);
#5024 = CARTESIAN_POINT('',(-9.8,-14.45,0.));
#5025 = VECTOR('',#5026,1.);
#5026 = DIRECTION('',(1.,0.,0.));
#5027 = ORIENTED_EDGE('',*,*,#5028,.F.);
#5028 = EDGE_CURVE('',#5029,#5021,#5031,.T.);
#5029 = VERTEX_POINT('',#5030);
#5030 = CARTESIAN_POINT('',(-5.8,-14.03284271247,0.));
#5031 = LINE('',#5032,#5033);
#5032 = CARTESIAN_POINT('',(-5.8,-14.03284271247,0.));
#5033 = VECTOR('',#5034,1.);
#5034 = DIRECTION('',(-0.707106781187,-0.707106781186,0.));
#5035 = ORIENTED_EDGE('',*,*,#5036,.T.);
#5036 = EDGE_CURVE('',#5029,#5037,#5039,.T.);
#5037 = VERTEX_POINT('',#5038);
#5038 = CARTESIAN_POINT('',(-5.8,-3.967157287525,0.));
#5039 = LINE('',#5040,#5041);
#5040 = CARTESIAN_POINT('',(-5.8,-14.03284271247,0.));
#5041 = VECTOR('',#5042,1.);
#5042 = DIRECTION('',(0.,1.,0.));
#5043 = ORIENTED_EDGE('',*,*,#5044,.F.);
#5044 = EDGE_CURVE('',#5045,#5037,#5047,.T.);
#5045 = VERTEX_POINT('',#5046);
#5046 = CARTESIAN_POINT('',(-6.217157287525,-3.55,0.));
#5047 = LINE('',#5048,#5049);
#5048 = CARTESIAN_POINT('',(-6.217157287525,-3.55,0.));
#5049 = VECTOR('',#5050,1.);
#5050 = DIRECTION('',(0.707106781187,-0.707106781187,0.));
#5051 = ORIENTED_EDGE('',*,*,#5052,.T.);
#5052 = EDGE_CURVE('',#5045,#5053,#5055,.T.);
#5053 = VERTEX_POINT('',#5054);
#5054 = CARTESIAN_POINT('',(-9.8,-3.55,0.));
#5055 = LINE('',#5056,#5057);
#5056 = CARTESIAN_POINT('',(-6.217157287525,-3.55,0.));
#5057 = VECTOR('',#5058,1.);
#5058 = DIRECTION('',(-1.,0.,0.));
#5059 = ORIENTED_EDGE('',*,*,#5060,.T.);
#5060 = EDGE_CURVE('',#5053,#5061,#5063,.T.);
#5061 = VERTEX_POINT('',#5062);
#5062 = CARTESIAN_POINT('',(-9.8,8.417157287525,0.));
#5063 = LINE('',#5064,#5065);
#5064 = CARTESIAN_POINT('',(-9.8,-3.55,0.));
#5065 = VECTOR('',#5066,1.);
#5066 = DIRECTION('',(0.,1.,0.));
#5067 = ORIENTED_EDGE('',*,*,#5068,.T.);
#5068 = EDGE_CURVE('',#5061,#4883,#5069,.T.);
#5069 = LINE('',#5070,#5071);
#5070 = CARTESIAN_POINT('',(-9.8,8.417157287525,0.));
#5071 = VECTOR('',#5072,1.);
#5072 = DIRECTION('',(0.707106781187,0.707106781187,0.));
#5073 = FACE_BOUND('',#5074,.T.);
#5074 = EDGE_LOOP('',(#5075));
#5075 = ORIENTED_EDGE('',*,*,#5076,.T.);
#5076 = EDGE_CURVE('',#5077,#5077,#5079,.T.);
#5077 = VERTEX_POINT('',#5078);
#5078 = CARTESIAN_POINT('',(7.,7.5,0.));
#5079 = CIRCLE('',#5080,1.);
#5080 = AXIS2_PLACEMENT_3D('',#5081,#5082,#5083);
#5081 = CARTESIAN_POINT('',(8.,7.5,0.));
#5082 = DIRECTION('',(0.,0.,1.));
#5083 = DIRECTION('',(1.,0.,-0.));
#5084 = FACE_BOUND('',#5085,.T.);
#5085 = EDGE_LOOP('',(#5086));
#5086 = ORIENTED_EDGE('',*,*,#5087,.T.);
#5087 = EDGE_CURVE('',#5088,#5088,#5090,.T.);
#5088 = VERTEX_POINT('',#5089);
#5089 = CARTESIAN_POINT('',(-9.,7.5,0.));
#5090 = CIRCLE('',#5091,1.);
#5091 = AXIS2_PLACEMENT_3D('',#5092,#5093,#5094);
#5092 = CARTESIAN_POINT('',(-8.,7.5,0.));
#5093 = DIRECTION('',(0.,0.,1.));
#5094 = DIRECTION('',(1.,0.,-0.));
#5095 = FACE_BOUND('',#5096,.T.);
#5096 = EDGE_LOOP('',(#5097));
#5097 = ORIENTED_EDGE('',*,*,#5098,.T.);
#5098 = EDGE_CURVE('',#5099,#5099,#5101,.T.);
#5099 = VERTEX_POINT('',#5100);
#5100 = CARTESIAN_POINT('',(7.,-22.5,0.));
#5101 = CIRCLE('',#5102,1.);
#5102 = AXIS2_PLACEMENT_3D('',#5103,#5104,#5105);
#5103 = CARTESIAN_POINT('',(8.,-22.5,0.));
#5104 = DIRECTION('',(0.,0.,1.));
#5105 = DIRECTION('',(1.,0.,-0.));
#5106 = FACE_BOUND('',#5107,.T.);
#5107 = EDGE_LOOP('',(#5108));
#5108 = ORIENTED_EDGE('',*,*,#5109,.T.);
#5109 = EDGE_CURVE('',#5110,#5110,#5112,.T.);
#5110 = VERTEX_POINT('',#5111);
#5111 = CARTESIAN_POINT('',(-9.,-22.5,0.));
#5112 = CIRCLE('',#5113,1.);
#5113 = AXIS2_PLACEMENT_3D('',#5114,#5115,#5116);
#5114 = CARTESIAN_POINT('',(-8.,-22.5,0.));
#5115 = DIRECTION('',(0.,0.,1.));
#5116 = DIRECTION('',(1.,0.,-0.));
#5117 = FACE_BOUND('',#5118,.T.);
#5118 = EDGE_LOOP('',(#5119));
#5119 = ORIENTED_EDGE('',*,*,#5120,.F.);
#5120 = EDGE_CURVE('',#5121,#5121,#5123,.T.);
#5121 = VERTEX_POINT('',#5122);
#5122 = CARTESIAN_POINT('',(7.,-1.E-15,0.));
#5123 = CIRCLE('',#5124,7.);
#5124 = AXIS2_PLACEMENT_3D('',#5125,#5126,#5127);
#5125 = CARTESIAN_POINT('',(0.,0.,0.));
#5126 = DIRECTION('',(0.,0.,-1.));
#5127 = DIRECTION('',(-1.,0.,0.));
#5128 = PLANE('',#5129);
#5129 = AXIS2_PLACEMENT_3D('',#5130,#5131,#5132);
#5130 = CARTESIAN_POINT('',(0.,0.,0.));
#5131 = DIRECTION('',(0.,0.,1.));
#5132 = DIRECTION('',(1.,0.,-0.));
#5133 = ADVANCED_FACE('',(#5134,#5145),#5156,.F.);
#5134 = FACE_BOUND('',#5135,.T.);
#5135 = EDGE_LOOP('',(#5136));
#5136 = ORIENTED_EDGE('',*,*,#5137,.T.);
#5137 = EDGE_CURVE('',#5138,#5138,#5140,.T.);
#5138 = VERTEX_POINT('',#5139);
#5139 = CARTESIAN_POINT('',(5.,-1.E-15,0.));
#5140 = CIRCLE('',#5141,5.);
#5141 = AXIS2_PLACEMENT_3D('',#5142,#5143,#5144);
#5142 = CARTESIAN_POINT('',(0.,0.,0.));
#5143 = DIRECTION('',(0.,0.,-1.));
#5144 = DIRECTION('',(1.,0.,0.));
#5145 = FACE_BOUND('',#5146,.T.);
#5146 = EDGE_LOOP('',(#5147));
#5147 = ORIENTED_EDGE('',*,*,#5148,.T.);
#5148 = EDGE_CURVE('',#5149,#5149,#5151,.T.);
#5149 = VERTEX_POINT('',#5150);
#5150 = CARTESIAN_POINT('',(0.,3.55,2.E-13));
#5151 = CIRCLE('',#5152,3.55);
#5152 = AXIS2_PLACEMENT_3D('',#5153,#5154,#5155);
#5153 = CARTESIAN_POINT('',(0.,0.,0.));
#5154 = DIRECTION('',(0.,0.,1.));
#5155 = DIRECTION('',(-1.,0.,0.));
#5156 = PLANE('',#5157);
#5157 = AXIS2_PLACEMENT_3D('',#5158,#5159,#5160);
#5158 = CARTESIAN_POINT('',(0.,0.,0.));
#5159 = DIRECTION('',(0.,0.,1.));
#5160 = DIRECTION('',(1.,0.,-0.));
#5161 = ADVANCED_FACE('',(#5162),#5181,.F.);
#5162 = FACE_BOUND('',#5163,.F.);
#5163 = EDGE_LOOP('',(#5164,#5172,#5179,#5180));
#5164 = ORIENTED_EDGE('',*,*,#5165,.T.);
#5165 = EDGE_CURVE('',#5077,#5166,#5168,.T.);
#5166 = VERTEX_POINT('',#5167);
#5167 = CARTESIAN_POINT('',(7.,7.5,4.5));
#5168 = LINE('',#5169,#5170);
#5169 = CARTESIAN_POINT('',(7.,7.5,4.5));
#5170 = VECTOR('',#5171,1.);
#5171 = DIRECTION('',(0.,0.,1.));
#5172 = ORIENTED_EDGE('',*,*,#5173,.F.);
#5173 = EDGE_CURVE('',#5166,#5166,#5174,.T.);
#5174 = CIRCLE('',#5175,1.);
#5175 = AXIS2_PLACEMENT_3D('',#5176,#5177,#5178);
#5176 = CARTESIAN_POINT('',(8.,7.5,4.5));
#5177 = DIRECTION('',(0.,0.,1.));
#5178 = DIRECTION('',(1.,0.,-0.));
#5179 = ORIENTED_EDGE('',*,*,#5165,.F.);
#5180 = ORIENTED_EDGE('',*,*,#5076,.T.);
#5181 = CYLINDRICAL_SURFACE('',#5182,1.);
#5182 = AXIS2_PLACEMENT_3D('',#5183,#5184,#5185);
#5183 = CARTESIAN_POINT('',(8.,7.5,4.5));
#5184 = DIRECTION('',(0.,0.,1.));
#5185 = DIRECTION('',(1.,0.,-0.));
#5186 = ADVANCED_FACE('',(#5187,#5326,#5337,#5340,#5351,#5362,#5373,
    #5407,#5418,#5429,#5440),#5451,.T.);
#5187 = FACE_BOUND('',#5188,.T.);
#5188 = EDGE_LOOP('',(#5189,#5199,#5207,#5215,#5223,#5231,#5239,#5247,
    #5255,#5263,#5271,#5279,#5287,#5295,#5303,#5311,#5319));
#5189 = ORIENTED_EDGE('',*,*,#5190,.T.);
#5190 = EDGE_CURVE('',#5191,#5193,#5195,.T.);
#5191 = VERTEX_POINT('',#5192);
#5192 = CARTESIAN_POINT('',(-6.183075329215,-14.95,4.5));
#5193 = VERTEX_POINT('',#5194);
#5194 = CARTESIAN_POINT('',(-9.6,-14.95,4.5));
#5195 = LINE('',#5196,#5197);
#5196 = CARTESIAN_POINT('',(-6.183075329215,-14.95,4.5));
#5197 = VECTOR('',#5198,1.);
#5198 = DIRECTION('',(-1.,0.,0.));
#5199 = ORIENTED_EDGE('',*,*,#5200,.F.);
#5200 = EDGE_CURVE('',#5201,#5193,#5203,.T.);
#5201 = VERTEX_POINT('',#5202);
#5202 = CARTESIAN_POINT('',(-9.6,-23.33431457505,4.5));
#5203 = LINE('',#5204,#5205);
#5204 = CARTESIAN_POINT('',(-9.6,-23.33431457505,4.5));
#5205 = VECTOR('',#5206,1.);
#5206 = DIRECTION('',(0.,1.,0.));
#5207 = ORIENTED_EDGE('',*,*,#5208,.F.);
#5208 = EDGE_CURVE('',#5209,#5201,#5211,.T.);
#5209 = VERTEX_POINT('',#5210);
#5210 = CARTESIAN_POINT('',(-8.834314575051,-24.1,4.5));
#5211 = LINE('',#5212,#5213);
#5212 = CARTESIAN_POINT('',(-8.834314575051,-24.1,4.5));
#5213 = VECTOR('',#5214,1.);
#5214 = DIRECTION('',(-0.707106781187,0.707106781187,0.));
#5215 = ORIENTED_EDGE('',*,*,#5216,.F.);
#5216 = EDGE_CURVE('',#5217,#5209,#5219,.T.);
#5217 = VERTEX_POINT('',#5218);
#5218 = CARTESIAN_POINT('',(8.834314575051,-24.1,4.5));
#5219 = LINE('',#5220,#5221);
#5220 = CARTESIAN_POINT('',(8.834314575051,-24.1,4.5));
#5221 = VECTOR('',#5222,1.);
#5222 = DIRECTION('',(-1.,0.,0.));
#5223 = ORIENTED_EDGE('',*,*,#5224,.F.);
#5224 = EDGE_CURVE('',#5225,#5217,#5227,.T.);
#5225 = VERTEX_POINT('',#5226);
#5226 = CARTESIAN_POINT('',(9.6,-23.33431457505,4.5));
#5227 = LINE('',#5228,#5229);
#5228 = CARTESIAN_POINT('',(9.6,-23.33431457505,4.5));
#5229 = VECTOR('',#5230,1.);
#5230 = DIRECTION('',(-0.707106781186,-0.707106781187,0.));
#5231 = ORIENTED_EDGE('',*,*,#5232,.F.);
#5232 = EDGE_CURVE('',#5233,#5225,#5235,.T.);
#5233 = VERTEX_POINT('',#5234);
#5234 = CARTESIAN_POINT('',(9.6,-14.95,4.5));
#5235 = LINE('',#5236,#5237);
#5236 = CARTESIAN_POINT('',(9.6,-14.95,4.5));
#5237 = VECTOR('',#5238,1.);
#5238 = DIRECTION('',(0.,-1.,0.));
#5239 = ORIENTED_EDGE('',*,*,#5240,.T.);
#5240 = EDGE_CURVE('',#5233,#5241,#5243,.T.);
#5241 = VERTEX_POINT('',#5242);
#5242 = CARTESIAN_POINT('',(5.3,-14.95,4.5));
#5243 = LINE('',#5244,#5245);
#5244 = CARTESIAN_POINT('',(9.6,-14.95,4.5));
#5245 = VECTOR('',#5246,1.);
#5246 = DIRECTION('',(-1.,0.,0.));
#5247 = ORIENTED_EDGE('',*,*,#5248,.F.);
#5248 = EDGE_CURVE('',#5249,#5241,#5251,.T.);
#5249 = VERTEX_POINT('',#5250);
#5250 = CARTESIAN_POINT('',(5.3,-3.05,4.5));
#5251 = LINE('',#5252,#5253);
#5252 = CARTESIAN_POINT('',(5.3,-3.05,4.5));
#5253 = VECTOR('',#5254,1.);
#5254 = DIRECTION('',(0.,-1.,0.));
#5255 = ORIENTED_EDGE('',*,*,#5256,.T.);
#5256 = EDGE_CURVE('',#5249,#5257,#5259,.T.);
#5257 = VERTEX_POINT('',#5258);
#5258 = CARTESIAN_POINT('',(9.6,-3.05,4.5));
#5259 = LINE('',#5260,#5261);
#5260 = CARTESIAN_POINT('',(5.3,-3.05,4.5));
#5261 = VECTOR('',#5262,1.);
#5262 = DIRECTION('',(1.,0.,0.));
#5263 = ORIENTED_EDGE('',*,*,#5264,.F.);
#5264 = EDGE_CURVE('',#5265,#5257,#5267,.T.);
#5265 = VERTEX_POINT('',#5266);
#5266 = CARTESIAN_POINT('',(9.6,8.334314575051,4.5));
#5267 = LINE('',#5268,#5269);
#5268 = CARTESIAN_POINT('',(9.6,8.334314575051,4.5));
#5269 = VECTOR('',#5270,1.);
#5270 = DIRECTION('',(0.,-1.,0.));
#5271 = ORIENTED_EDGE('',*,*,#5272,.F.);
#5272 = EDGE_CURVE('',#5273,#5265,#5275,.T.);
#5273 = VERTEX_POINT('',#5274);
#5274 = CARTESIAN_POINT('',(8.834314575051,9.1,4.5));
#5275 = LINE('',#5276,#5277);
#5276 = CARTESIAN_POINT('',(8.834314575051,9.1,4.5));
#5277 = VECTOR('',#5278,1.);
#5278 = DIRECTION('',(0.707106781187,-0.707106781187,0.));
#5279 = ORIENTED_EDGE('',*,*,#5280,.F.);
#5280 = EDGE_CURVE('',#5281,#5273,#5283,.T.);
#5281 = VERTEX_POINT('',#5282);
#5282 = CARTESIAN_POINT('',(-8.834314575051,9.1,4.5));
#5283 = LINE('',#5284,#5285);
#5284 = CARTESIAN_POINT('',(-8.834314575051,9.1,4.5));
#5285 = VECTOR('',#5286,1.);
#5286 = DIRECTION('',(1.,0.,0.));
#5287 = ORIENTED_EDGE('',*,*,#5288,.F.);
#5288 = EDGE_CURVE('',#5289,#5281,#5291,.T.);
#5289 = VERTEX_POINT('',#5290);
#5290 = CARTESIAN_POINT('',(-9.6,8.334314575051,4.5));
#5291 = LINE('',#5292,#5293);
#5292 = CARTESIAN_POINT('',(-9.6,8.334314575051,4.5));
#5293 = VECTOR('',#5294,1.);
#5294 = DIRECTION('',(0.707106781186,0.707106781187,0.));
#5295 = ORIENTED_EDGE('',*,*,#5296,.F.);
#5296 = EDGE_CURVE('',#5297,#5289,#5299,.T.);
#5297 = VERTEX_POINT('',#5298);
#5298 = CARTESIAN_POINT('',(-9.6,-3.121373033403,4.5));
#5299 = LINE('',#5300,#5301);
#5300 = CARTESIAN_POINT('',(-9.6,-3.121373033403,4.5));
#5301 = VECTOR('',#5302,1.);
#5302 = DIRECTION('',(0.,1.,0.));
#5303 = ORIENTED_EDGE('',*,*,#5304,.T.);
#5304 = EDGE_CURVE('',#5297,#5305,#5307,.T.);
#5305 = VERTEX_POINT('',#5306);
#5306 = CARTESIAN_POINT('',(-5.3,-3.121373033403,4.5));
#5307 = LINE('',#5308,#5309);
#5308 = CARTESIAN_POINT('',(-9.6,-3.121373033403,4.5));
#5309 = VECTOR('',#5310,1.);
#5310 = DIRECTION('',(1.,0.,0.));
#5311 = ORIENTED_EDGE('',*,*,#5312,.F.);
#5312 = EDGE_CURVE('',#5313,#5305,#5315,.T.);
#5313 = VERTEX_POINT('',#5314);
#5314 = CARTESIAN_POINT('',(-5.3,-13.6313730334,4.5));
#5315 = LINE('',#5316,#5317);
#5316 = CARTESIAN_POINT('',(-5.3,-13.6313730334,4.5));
#5317 = VECTOR('',#5318,1.);
#5318 = DIRECTION('',(0.,1.,0.));
#5319 = ORIENTED_EDGE('',*,*,#5320,.T.);
#5320 = EDGE_CURVE('',#5313,#5191,#5321,.T.);
#5321 = CIRCLE('',#5322,6.);
#5322 = AXIS2_PLACEMENT_3D('',#5323,#5324,#5325);
#5323 = CARTESIAN_POINT('',(-0.8,-17.6,4.5));
#5324 = DIRECTION('',(0.,0.,1.));
#5325 = DIRECTION('',(-0.75,0.661437827766,0.));
#5326 = FACE_BOUND('',#5327,.T.);
#5327 = EDGE_LOOP('',(#5328));
#5328 = ORIENTED_EDGE('',*,*,#5329,.F.);
#5329 = EDGE_CURVE('',#5330,#5330,#5332,.T.);
#5330 = VERTEX_POINT('',#5331);
#5331 = CARTESIAN_POINT('',(-2.5,-0.,4.5));
#5332 = CIRCLE('',#5333,2.5);
#5333 = AXIS2_PLACEMENT_3D('',#5334,#5335,#5336);
#5334 = CARTESIAN_POINT('',(0.,0.,4.5));
#5335 = DIRECTION('',(0.,0.,1.));
#5336 = DIRECTION('',(1.,0.,-0.));
#5337 = FACE_BOUND('',#5338,.T.);
#5338 = EDGE_LOOP('',(#5339));
#5339 = ORIENTED_EDGE('',*,*,#5173,.F.);
#5340 = FACE_BOUND('',#5341,.T.);
#5341 = EDGE_LOOP('',(#5342));
#5342 = ORIENTED_EDGE('',*,*,#5343,.F.);
#5343 = EDGE_CURVE('',#5344,#5344,#5346,.T.);
#5344 = VERTEX_POINT('',#5345);
#5345 = CARTESIAN_POINT('',(-9.,7.5,4.5));
#5346 = CIRCLE('',#5347,1.);
#5347 = AXIS2_PLACEMENT_3D('',#5348,#5349,#5350);
#5348 = CARTESIAN_POINT('',(-8.,7.5,4.5));
#5349 = DIRECTION('',(0.,0.,1.));
#5350 = DIRECTION('',(1.,0.,-0.));
#5351 = FACE_BOUND('',#5352,.T.);
#5352 = EDGE_LOOP('',(#5353));
#5353 = ORIENTED_EDGE('',*,*,#5354,.F.);
#5354 = EDGE_CURVE('',#5355,#5355,#5357,.T.);
#5355 = VERTEX_POINT('',#5356);
#5356 = CARTESIAN_POINT('',(7.,-22.5,4.5));
#5357 = CIRCLE('',#5358,1.);
#5358 = AXIS2_PLACEMENT_3D('',#5359,#5360,#5361);
#5359 = CARTESIAN_POINT('',(8.,-22.5,4.5));
#5360 = DIRECTION('',(0.,0.,1.));
#5361 = DIRECTION('',(1.,0.,-0.));
#5362 = FACE_BOUND('',#5363,.T.);
#5363 = EDGE_LOOP('',(#5364));
#5364 = ORIENTED_EDGE('',*,*,#5365,.F.);
#5365 = EDGE_CURVE('',#5366,#5366,#5368,.T.);
#5366 = VERTEX_POINT('',#5367);
#5367 = CARTESIAN_POINT('',(-9.,-22.5,4.5));
#5368 = CIRCLE('',#5369,1.);
#5369 = AXIS2_PLACEMENT_3D('',#5370,#5371,#5372);
#5370 = CARTESIAN_POINT('',(-8.,-22.5,4.5));
#5371 = DIRECTION('',(0.,0.,1.));
#5372 = DIRECTION('',(1.,0.,-0.));
#5373 = FACE_BOUND('',#5374,.T.);
#5374 = EDGE_LOOP('',(#5375,#5385,#5393,#5401));
#5375 = ORIENTED_EDGE('',*,*,#5376,.F.);
#5376 = EDGE_CURVE('',#5377,#5379,#5381,.T.);
#5377 = VERTEX_POINT('',#5378);
#5378 = CARTESIAN_POINT('',(2.5,8.5,4.5));
#5379 = VERTEX_POINT('',#5380);
#5380 = CARTESIAN_POINT('',(-2.5,8.5,4.5));
#5381 = LINE('',#5382,#5383);
#5382 = CARTESIAN_POINT('',(2.5,8.5,4.5));
#5383 = VECTOR('',#5384,1.);
#5384 = DIRECTION('',(-1.,0.,0.));
#5385 = ORIENTED_EDGE('',*,*,#5386,.T.);
#5386 = EDGE_CURVE('',#5377,#5387,#5389,.T.);
#5387 = VERTEX_POINT('',#5388);
#5388 = CARTESIAN_POINT('',(2.5,7.5,4.5));
#5389 = LINE('',#5390,#5391);
#5390 = CARTESIAN_POINT('',(2.5,8.5,4.5));
#5391 = VECTOR('',#5392,1.);
#5392 = DIRECTION('',(0.,-1.,0.));
#5393 = ORIENTED_EDGE('',*,*,#5394,.T.);
#5394 = EDGE_CURVE('',#5387,#5395,#5397,.T.);
#5395 = VERTEX_POINT('',#5396);
#5396 = CARTESIAN_POINT('',(-2.5,7.5,4.5));
#5397 = LINE('',#5398,#5399);
#5398 = CARTESIAN_POINT('',(2.5,7.5,4.5));
#5399 = VECTOR('',#5400,1.);
#5400 = DIRECTION('',(-1.,0.,0.));
#5401 = ORIENTED_EDGE('',*,*,#5402,.T.);
#5402 = EDGE_CURVE('',#5395,#5379,#5403,.T.);
#5403 = LINE('',#5404,#5405);
#5404 = CARTESIAN_POINT('',(-2.5,7.5,4.5));
#5405 = VECTOR('',#5406,1.);
#5406 = DIRECTION('',(0.,1.,0.));
#5407 = FACE_BOUND('',#5408,.T.);
#5408 = EDGE_LOOP('',(#5409));
#5409 = ORIENTED_EDGE('',*,*,#5410,.F.);
#5410 = EDGE_CURVE('',#5411,#5411,#5413,.T.);
#5411 = VERTEX_POINT('',#5412);
#5412 = CARTESIAN_POINT('',(-9.1,4.5,4.5));
#5413 = CIRCLE('',#5414,0.7);
#5414 = AXIS2_PLACEMENT_3D('',#5415,#5416,#5417);
#5415 = CARTESIAN_POINT('',(-8.4,4.5,4.5));
#5416 = DIRECTION('',(0.,0.,1.));
#5417 = DIRECTION('',(1.,0.,-0.));
#5418 = FACE_BOUND('',#5419,.T.);
#5419 = EDGE_LOOP('',(#5420));
#5420 = ORIENTED_EDGE('',*,*,#5421,.F.);
#5421 = EDGE_CURVE('',#5422,#5422,#5424,.T.);
#5422 = VERTEX_POINT('',#5423);
#5423 = CARTESIAN_POINT('',(7.7,4.5,4.5));
#5424 = CIRCLE('',#5425,0.7);
#5425 = AXIS2_PLACEMENT_3D('',#5426,#5427,#5428);
#5426 = CARTESIAN_POINT('',(8.4,4.5,4.5));
#5427 = DIRECTION('',(0.,0.,1.));
#5428 = DIRECTION('',(1.,0.,-0.));
#5429 = FACE_BOUND('',#5430,.T.);
#5430 = EDGE_LOOP('',(#5431));
#5431 = ORIENTED_EDGE('',*,*,#5432,.F.);
#5432 = EDGE_CURVE('',#5433,#5433,#5435,.T.);
#5433 = VERTEX_POINT('',#5434);
#5434 = CARTESIAN_POINT('',(4.2,-22.9,4.5));
#5435 = CIRCLE('',#5436,0.7);
#5436 = AXIS2_PLACEMENT_3D('',#5437,#5438,#5439);
#5437 = CARTESIAN_POINT('',(4.9,-22.9,4.5));
#5438 = DIRECTION('',(0.,0.,1.));
#5439 = DIRECTION('',(1.,0.,-0.));
#5440 = FACE_BOUND('',#5441,.T.);
#5441 = EDGE_LOOP('',(#5442));
#5442 = ORIENTED_EDGE('',*,*,#5443,.F.);
#5443 = EDGE_CURVE('',#5444,#5444,#5446,.T.);
#5444 = VERTEX_POINT('',#5445);
#5445 = CARTESIAN_POINT('',(-9.1,-19.4,4.5));
#5446 = CIRCLE('',#5447,0.7);
#5447 = AXIS2_PLACEMENT_3D('',#5448,#5449,#5450);
#5448 = CARTESIAN_POINT('',(-8.4,-19.4,4.5));
#5449 = DIRECTION('',(0.,0.,1.));
#5450 = DIRECTION('',(1.,0.,-0.));
#5451 = PLANE('',#5452);
#5452 = AXIS2_PLACEMENT_3D('',#5453,#5454,#5455);
#5453 = CARTESIAN_POINT('',(0.,0.,4.5));
#5454 = DIRECTION('',(0.,0.,1.));
#5455 = DIRECTION('',(1.,0.,-0.));
#5456 = ADVANCED_FACE('',(#5457),#5482,.F.);
#5457 = FACE_BOUND('',#5458,.T.);
#5458 = EDGE_LOOP('',(#5459,#5467,#5468,#5476));
#5459 = ORIENTED_EDGE('',*,*,#5460,.T.);
#5460 = EDGE_CURVE('',#5461,#5377,#5463,.T.);
#5461 = VERTEX_POINT('',#5462);
#5462 = CARTESIAN_POINT('',(2.5,8.5,2.));
#5463 = LINE('',#5464,#5465);
#5464 = CARTESIAN_POINT('',(2.5,8.5,2.));
#5465 = VECTOR('',#5466,1.);
#5466 = DIRECTION('',(0.,0.,1.));
#5467 = ORIENTED_EDGE('',*,*,#5376,.T.);
#5468 = ORIENTED_EDGE('',*,*,#5469,.F.);
#5469 = EDGE_CURVE('',#5470,#5379,#5472,.T.);
#5470 = VERTEX_POINT('',#5471);
#5471 = CARTESIAN_POINT('',(-2.5,8.5,2.));
#5472 = LINE('',#5473,#5474);
#5473 = CARTESIAN_POINT('',(-2.5,8.5,2.));
#5474 = VECTOR('',#5475,1.);
#5475 = DIRECTION('',(0.,0.,1.));
#5476 = ORIENTED_EDGE('',*,*,#5477,.F.);
#5477 = EDGE_CURVE('',#5461,#5470,#5478,.T.);
#5478 = LINE('',#5479,#5480);
#5479 = CARTESIAN_POINT('',(2.5,8.5,2.));
#5480 = VECTOR('',#5481,1.);
#5481 = DIRECTION('',(-1.,0.,0.));
#5482 = PLANE('',#5483);
#5483 = AXIS2_PLACEMENT_3D('',#5484,#5485,#5486);
#5484 = CARTESIAN_POINT('',(10.,8.5,4.5));
#5485 = DIRECTION('',(0.,1.,0.));
#5486 = DIRECTION('',(-1.,0.,0.));
#5487 = ADVANCED_FACE('',(#5488),#5522,.F.);
#5488 = FACE_BOUND('',#5489,.T.);
#5489 = EDGE_LOOP('',(#5490,#5498,#5506,#5514,#5520,#5521));
#5490 = ORIENTED_EDGE('',*,*,#5491,.F.);
#5491 = EDGE_CURVE('',#5492,#5461,#5494,.T.);
#5492 = VERTEX_POINT('',#5493);
#5493 = CARTESIAN_POINT('',(2.5,9.3,2.));
#5494 = LINE('',#5495,#5496);
#5495 = CARTESIAN_POINT('',(2.5,9.3,2.));
#5496 = VECTOR('',#5497,1.);
#5497 = DIRECTION('',(0.,-1.,0.));
#5498 = ORIENTED_EDGE('',*,*,#5499,.F.);
#5499 = EDGE_CURVE('',#5500,#5492,#5502,.T.);
#5500 = VERTEX_POINT('',#5501);
#5501 = CARTESIAN_POINT('',(2.5,9.3,0.2));
#5502 = LINE('',#5503,#5504);
#5503 = CARTESIAN_POINT('',(2.5,9.3,0.2));
#5504 = VECTOR('',#5505,1.);
#5505 = DIRECTION('',(0.,0.,1.));
#5506 = ORIENTED_EDGE('',*,*,#5507,.T.);
#5507 = EDGE_CURVE('',#5500,#5508,#5510,.T.);
#5508 = VERTEX_POINT('',#5509);
#5509 = CARTESIAN_POINT('',(2.5,7.5,0.2));
#5510 = LINE('',#5511,#5512);
#5511 = CARTESIAN_POINT('',(2.5,9.3,0.2));
#5512 = VECTOR('',#5513,1.);
#5513 = DIRECTION('',(0.,-1.,0.));
#5514 = ORIENTED_EDGE('',*,*,#5515,.T.);
#5515 = EDGE_CURVE('',#5508,#5387,#5516,.T.);
#5516 = LINE('',#5517,#5518);
#5517 = CARTESIAN_POINT('',(2.5,7.5,0.2));
#5518 = VECTOR('',#5519,1.);
#5519 = DIRECTION('',(0.,0.,1.));
#5520 = ORIENTED_EDGE('',*,*,#5386,.F.);
#5521 = ORIENTED_EDGE('',*,*,#5460,.F.);
#5522 = PLANE('',#5523);
#5523 = AXIS2_PLACEMENT_3D('',#5524,#5525,#5526);
#5524 = CARTESIAN_POINT('',(2.5,8.5,0.));
#5525 = DIRECTION('',(1.,0.,0.));
#5526 = DIRECTION('',(0.,-1.,0.));
#5527 = ADVANCED_FACE('',(#5528),#5546,.T.);
#5528 = FACE_BOUND('',#5529,.T.);
#5529 = EDGE_LOOP('',(#5530,#5531,#5539,#5545));
#5530 = ORIENTED_EDGE('',*,*,#5477,.T.);
#5531 = ORIENTED_EDGE('',*,*,#5532,.T.);
#5532 = EDGE_CURVE('',#5470,#5533,#5535,.T.);
#5533 = VERTEX_POINT('',#5534);
#5534 = CARTESIAN_POINT('',(-2.5,9.3,2.));
#5535 = LINE('',#5536,#5537);
#5536 = CARTESIAN_POINT('',(-2.5,8.5,2.));
#5537 = VECTOR('',#5538,1.);
#5538 = DIRECTION('',(0.,1.,0.));
#5539 = ORIENTED_EDGE('',*,*,#5540,.F.);
#5540 = EDGE_CURVE('',#5492,#5533,#5541,.T.);
#5541 = LINE('',#5542,#5543);
#5542 = CARTESIAN_POINT('',(2.5,9.3,2.));
#5543 = VECTOR('',#5544,1.);
#5544 = DIRECTION('',(-1.,0.,0.));
#5545 = ORIENTED_EDGE('',*,*,#5491,.T.);
#5546 = PLANE('',#5547);
#5547 = AXIS2_PLACEMENT_3D('',#5548,#5549,#5550);
#5548 = CARTESIAN_POINT('',(0.,0.,2.));
#5549 = DIRECTION('',(0.,0.,-1.));
#5550 = DIRECTION('',(-1.,0.,0.));
#5551 = ADVANCED_FACE('',(#5552),#5577,.T.);
#5552 = FACE_BOUND('',#5553,.T.);
#5553 = EDGE_LOOP('',(#5554,#5555,#5563,#5571));
#5554 = ORIENTED_EDGE('',*,*,#5540,.T.);
#5555 = ORIENTED_EDGE('',*,*,#5556,.T.);
#5556 = EDGE_CURVE('',#5533,#5557,#5559,.T.);
#5557 = VERTEX_POINT('',#5558);
#5558 = CARTESIAN_POINT('',(-2.7,9.5,2.2));
#5559 = LINE('',#5560,#5561);
#5560 = CARTESIAN_POINT('',(-2.5,9.3,2.));
#5561 = VECTOR('',#5562,1.);
#5562 = DIRECTION('',(-0.57735026919,0.57735026919,0.57735026919));
#5563 = ORIENTED_EDGE('',*,*,#5564,.F.);
#5564 = EDGE_CURVE('',#5565,#5557,#5567,.T.);
#5565 = VERTEX_POINT('',#5566);
#5566 = CARTESIAN_POINT('',(2.7,9.5,2.2));
#5567 = LINE('',#5568,#5569);
#5568 = CARTESIAN_POINT('',(2.7,9.5,2.2));
#5569 = VECTOR('',#5570,1.);
#5570 = DIRECTION('',(-1.,0.,0.));
#5571 = ORIENTED_EDGE('',*,*,#5572,.F.);
#5572 = EDGE_CURVE('',#5492,#5565,#5573,.T.);
#5573 = LINE('',#5574,#5575);
#5574 = CARTESIAN_POINT('',(2.5,9.3,2.));
#5575 = VECTOR('',#5576,1.);
#5576 = DIRECTION('',(0.57735026919,0.57735026919,0.57735026919));
#5577 = PLANE('',#5578);
#5578 = AXIS2_PLACEMENT_3D('',#5579,#5580,#5581);
#5579 = CARTESIAN_POINT('',(0.,9.4,2.1));
#5580 = DIRECTION('',(0.,0.707106781187,-0.707106781187));
#5581 = DIRECTION('',(0.,-0.707106781187,-0.707106781187));
#5582 = ADVANCED_FACE('',(#5583),#5609,.T.);
#5583 = FACE_BOUND('',#5584,.T.);
#5584 = EDGE_LOOP('',(#5585,#5586,#5587,#5595,#5603));
#5585 = ORIENTED_EDGE('',*,*,#5499,.T.);
#5586 = ORIENTED_EDGE('',*,*,#5572,.T.);
#5587 = ORIENTED_EDGE('',*,*,#5588,.F.);
#5588 = EDGE_CURVE('',#5589,#5565,#5591,.T.);
#5589 = VERTEX_POINT('',#5590);
#5590 = CARTESIAN_POINT('',(2.7,9.5,0.2));
#5591 = LINE('',#5592,#5593);
#5592 = CARTESIAN_POINT('',(2.7,9.5,0.2));
#5593 = VECTOR('',#5594,1.);
#5594 = DIRECTION('',(0.,0.,1.));
#5595 = ORIENTED_EDGE('',*,*,#5596,.T.);
#5596 = EDGE_CURVE('',#5589,#5597,#5599,.T.);
#5597 = VERTEX_POINT('',#5598);
#5598 = CARTESIAN_POINT('',(2.6,9.4,0.1));
#5599 = LINE('',#5600,#5601);
#5600 = CARTESIAN_POINT('',(2.7,9.5,0.2));
#5601 = VECTOR('',#5602,1.);
#5602 = DIRECTION('',(-0.57735026919,-0.57735026919,-0.57735026919));
#5603 = ORIENTED_EDGE('',*,*,#5604,.F.);
#5604 = EDGE_CURVE('',#5500,#5597,#5605,.T.);
#5605 = LINE('',#5606,#5607);
#5606 = CARTESIAN_POINT('',(2.5,9.3,0.2));
#5607 = VECTOR('',#5608,1.);
#5608 = DIRECTION('',(0.57735026919,0.57735026919,-0.57735026919));
#5609 = PLANE('',#5610);
#5610 = AXIS2_PLACEMENT_3D('',#5611,#5612,#5613);
#5611 = CARTESIAN_POINT('',(2.6,9.4,1.));
#5612 = DIRECTION('',(-0.707106781187,0.707106781187,0.));
#5613 = DIRECTION('',(-0.707106781187,-0.707106781187,0.));
#5614 = ADVANCED_FACE('',(#5615),#5632,.T.);
#5615 = FACE_BOUND('',#5616,.T.);
#5616 = EDGE_LOOP('',(#5617,#5618,#5624,#5625,#5626));
#5617 = ORIENTED_EDGE('',*,*,#4908,.T.);
#5618 = ORIENTED_EDGE('',*,*,#5619,.F.);
#5619 = EDGE_CURVE('',#5508,#4901,#5620,.T.);
#5620 = LINE('',#5621,#5622);
#5621 = CARTESIAN_POINT('',(2.5,7.5,0.2));
#5622 = VECTOR('',#5623,1.);
#5623 = DIRECTION('',(0.57735026919,-0.57735026919,-0.57735026919));
#5624 = ORIENTED_EDGE('',*,*,#5507,.F.);
#5625 = ORIENTED_EDGE('',*,*,#5604,.T.);
#5626 = ORIENTED_EDGE('',*,*,#5627,.T.);
#5627 = EDGE_CURVE('',#5597,#4909,#5628,.T.);
#5628 = LINE('',#5629,#5630);
#5629 = CARTESIAN_POINT('',(2.6,9.4,0.1));
#5630 = VECTOR('',#5631,1.);
#5631 = DIRECTION('',(0.57735026919,-0.57735026919,-0.57735026919));
#5632 = PLANE('',#5633);
#5633 = AXIS2_PLACEMENT_3D('',#5634,#5635,#5636);
#5634 = CARTESIAN_POINT('',(2.6,8.5,0.1));
#5635 = DIRECTION('',(-0.707106781187,0.,-0.707106781187));
#5636 = DIRECTION('',(0.707106781187,0.,-0.707106781187));
#5637 = ADVANCED_FACE('',(#5638),#5657,.T.);
#5638 = FACE_BOUND('',#5639,.T.);
#5639 = EDGE_LOOP('',(#5640,#5648,#5654,#5655,#5656));
#5640 = ORIENTED_EDGE('',*,*,#5641,.T.);
#5641 = EDGE_CURVE('',#5589,#5642,#5644,.T.);
#5642 = VERTEX_POINT('',#5643);
#5643 = CARTESIAN_POINT('',(9.,9.5,0.2));
#5644 = LINE('',#5645,#5646);
#5645 = CARTESIAN_POINT('',(2.7,9.5,0.2));
#5646 = VECTOR('',#5647,1.);
#5647 = DIRECTION('',(1.,0.,0.));
#5648 = ORIENTED_EDGE('',*,*,#5649,.F.);
#5649 = EDGE_CURVE('',#4917,#5642,#5650,.T.);
#5650 = LINE('',#5651,#5652);
#5651 = CARTESIAN_POINT('',(8.917157287525,9.3,0.));
#5652 = VECTOR('',#5653,1.);
#5653 = DIRECTION('',(0.281084637715,0.678598344546,0.678598344546));
#5654 = ORIENTED_EDGE('',*,*,#4916,.F.);
#5655 = ORIENTED_EDGE('',*,*,#5627,.F.);
#5656 = ORIENTED_EDGE('',*,*,#5596,.F.);
#5657 = PLANE('',#5658);
#5658 = AXIS2_PLACEMENT_3D('',#5659,#5660,#5661);
#5659 = CARTESIAN_POINT('',(5.75,9.4,0.1));
#5660 = DIRECTION('',(0.,0.707106781187,-0.707106781187));
#5661 = DIRECTION('',(0.,0.707106781187,0.707106781187));
#5662 = ADVANCED_FACE('',(#5663),#5706,.T.);
#5663 = FACE_BOUND('',#5664,.T.);
#5664 = EDGE_LOOP('',(#5665,#5675,#5683,#5691,#5697,#5698,#5699,#5700));
#5665 = ORIENTED_EDGE('',*,*,#5666,.F.);
#5666 = EDGE_CURVE('',#5667,#5669,#5671,.T.);
#5667 = VERTEX_POINT('',#5668);
#5668 = CARTESIAN_POINT('',(-9.,9.5,0.2));
#5669 = VERTEX_POINT('',#5670);
#5670 = CARTESIAN_POINT('',(-2.7,9.5,0.2));
#5671 = LINE('',#5672,#5673);
#5672 = CARTESIAN_POINT('',(-9.,9.5,0.2));
#5673 = VECTOR('',#5674,1.);
#5674 = DIRECTION('',(1.,0.,0.));
#5675 = ORIENTED_EDGE('',*,*,#5676,.T.);
#5676 = EDGE_CURVE('',#5667,#5677,#5679,.T.);
#5677 = VERTEX_POINT('',#5678);
#5678 = CARTESIAN_POINT('',(-9.,9.5,5.));
#5679 = LINE('',#5680,#5681);
#5680 = CARTESIAN_POINT('',(-9.,9.5,0.2));
#5681 = VECTOR('',#5682,1.);
#5682 = DIRECTION('',(0.,0.,1.));
#5683 = ORIENTED_EDGE('',*,*,#5684,.F.);
#5684 = EDGE_CURVE('',#5685,#5677,#5687,.T.);
#5685 = VERTEX_POINT('',#5686);
#5686 = CARTESIAN_POINT('',(9.,9.5,5.));
#5687 = LINE('',#5688,#5689);
#5688 = CARTESIAN_POINT('',(9.,9.5,5.));
#5689 = VECTOR('',#5690,1.);
#5690 = DIRECTION('',(-1.,0.,0.));
#5691 = ORIENTED_EDGE('',*,*,#5692,.T.);
#5692 = EDGE_CURVE('',#5685,#5642,#5693,.T.);
#5693 = LINE('',#5694,#5695);
#5694 = CARTESIAN_POINT('',(9.,9.5,5.));
#5695 = VECTOR('',#5696,1.);
#5696 = DIRECTION('',(0.,0.,-1.));
#5697 = ORIENTED_EDGE('',*,*,#5641,.F.);
#5698 = ORIENTED_EDGE('',*,*,#5588,.T.);
#5699 = ORIENTED_EDGE('',*,*,#5564,.T.);
#5700 = ORIENTED_EDGE('',*,*,#5701,.T.);
#5701 = EDGE_CURVE('',#5557,#5669,#5702,.T.);
#5702 = LINE('',#5703,#5704);
#5703 = CARTESIAN_POINT('',(-2.7,9.5,2.2));
#5704 = VECTOR('',#5705,1.);
#5705 = DIRECTION('',(0.,0.,-1.));
#5706 = PLANE('',#5707);
#5707 = AXIS2_PLACEMENT_3D('',#5708,#5709,#5710);
#5708 = CARTESIAN_POINT('',(10.,9.5,4.5));
#5709 = DIRECTION('',(0.,1.,0.));
#5710 = DIRECTION('',(-1.,0.,0.));
#5711 = ADVANCED_FACE('',(#5712),#5736,.T.);
#5712 = FACE_BOUND('',#5713,.T.);
#5713 = EDGE_LOOP('',(#5714,#5715,#5723,#5729,#5730));
#5714 = ORIENTED_EDGE('',*,*,#5666,.T.);
#5715 = ORIENTED_EDGE('',*,*,#5716,.F.);
#5716 = EDGE_CURVE('',#5717,#5669,#5719,.T.);
#5717 = VERTEX_POINT('',#5718);
#5718 = CARTESIAN_POINT('',(-2.6,9.4,0.1));
#5719 = LINE('',#5720,#5721);
#5720 = CARTESIAN_POINT('',(-2.6,9.4,0.1));
#5721 = VECTOR('',#5722,1.);
#5722 = DIRECTION('',(-0.57735026919,0.57735026919,0.57735026919));
#5723 = ORIENTED_EDGE('',*,*,#5724,.F.);
#5724 = EDGE_CURVE('',#4885,#5717,#5725,.T.);
#5725 = LINE('',#5726,#5727);
#5726 = CARTESIAN_POINT('',(-2.7,9.3,0.));
#5727 = VECTOR('',#5728,1.);
#5728 = DIRECTION('',(0.57735026919,0.57735026919,0.57735026919));
#5729 = ORIENTED_EDGE('',*,*,#4882,.F.);
#5730 = ORIENTED_EDGE('',*,*,#5731,.F.);
#5731 = EDGE_CURVE('',#5667,#4883,#5732,.T.);
#5732 = LINE('',#5733,#5734);
#5733 = CARTESIAN_POINT('',(-9.,9.5,0.2));
#5734 = VECTOR('',#5735,1.);
#5735 = DIRECTION('',(0.281084637715,-0.678598344546,-0.678598344546));
#5736 = PLANE('',#5737);
#5737 = AXIS2_PLACEMENT_3D('',#5738,#5739,#5740);
#5738 = CARTESIAN_POINT('',(-5.75,9.4,0.1));
#5739 = DIRECTION('',(0.,0.707106781187,-0.707106781187));
#5740 = DIRECTION('',(0.,0.707106781187,0.707106781187));
#5741 = ADVANCED_FACE('',(#5742),#5760,.T.);
#5742 = FACE_BOUND('',#5743,.T.);
#5743 = EDGE_LOOP('',(#5744,#5752,#5753,#5754));
#5744 = ORIENTED_EDGE('',*,*,#5745,.T.);
#5745 = EDGE_CURVE('',#5746,#5667,#5748,.T.);
#5746 = VERTEX_POINT('',#5747);
#5747 = CARTESIAN_POINT('',(-10.,8.5,0.2));
#5748 = LINE('',#5749,#5750);
#5749 = CARTESIAN_POINT('',(-10.,8.5,0.2));
#5750 = VECTOR('',#5751,1.);
#5751 = DIRECTION('',(0.707106781187,0.707106781187,0.));
#5752 = ORIENTED_EDGE('',*,*,#5731,.T.);
#5753 = ORIENTED_EDGE('',*,*,#5068,.F.);
#5754 = ORIENTED_EDGE('',*,*,#5755,.T.);
#5755 = EDGE_CURVE('',#5061,#5746,#5756,.T.);
#5756 = LINE('',#5757,#5758);
#5757 = CARTESIAN_POINT('',(-9.8,8.417157287525,0.));
#5758 = VECTOR('',#5759,1.);
#5759 = DIRECTION('',(-0.678598344546,0.281084637715,0.678598344546));
#5760 = PLANE('',#5761);
#5761 = AXIS2_PLACEMENT_3D('',#5762,#5763,#5764);
#5762 = CARTESIAN_POINT('',(-9.429289321881,8.929289321881,0.1));
#5763 = DIRECTION('',(-0.5,0.5,-0.707106781187));
#5764 = DIRECTION('',(-0.5,0.5,0.707106781186));
#5765 = ADVANCED_FACE('',(#5766),#5784,.T.);
#5766 = FACE_BOUND('',#5767,.T.);
#5767 = EDGE_LOOP('',(#5768,#5769,#5777,#5783));
#5768 = ORIENTED_EDGE('',*,*,#5745,.F.);
#5769 = ORIENTED_EDGE('',*,*,#5770,.T.);
#5770 = EDGE_CURVE('',#5746,#5771,#5773,.T.);
#5771 = VERTEX_POINT('',#5772);
#5772 = CARTESIAN_POINT('',(-10.,8.5,5.));
#5773 = LINE('',#5774,#5775);
#5774 = CARTESIAN_POINT('',(-10.,8.5,0.2));
#5775 = VECTOR('',#5776,1.);
#5776 = DIRECTION('',(0.,0.,1.));
#5777 = ORIENTED_EDGE('',*,*,#5778,.F.);
#5778 = EDGE_CURVE('',#5677,#5771,#5779,.T.);
#5779 = LINE('',#5780,#5781);
#5780 = CARTESIAN_POINT('',(-9.,9.5,5.));
#5781 = VECTOR('',#5782,1.);
#5782 = DIRECTION('',(-0.707106781187,-0.707106781187,0.));
#5783 = ORIENTED_EDGE('',*,*,#5676,.F.);
#5784 = PLANE('',#5785);
#5785 = AXIS2_PLACEMENT_3D('',#5786,#5787,#5788);
#5786 = CARTESIAN_POINT('',(-9.5,9.,2.25));
#5787 = DIRECTION('',(-0.707106781187,0.707106781187,0.));
#5788 = DIRECTION('',(0.707106781187,0.707106781187,0.));
#5789 = ADVANCED_FACE('',(#5790),#5936,.T.);
#5790 = FACE_BOUND('',#5791,.T.);
#5791 = EDGE_LOOP('',(#5792,#5802,#5810,#5818,#5826,#5834,#5842,#5850,
    #5858,#5866,#5874,#5882,#5890,#5898,#5906,#5914,#5922,#5930));
#5792 = ORIENTED_EDGE('',*,*,#5793,.F.);
#5793 = EDGE_CURVE('',#5794,#5796,#5798,.T.);
#5794 = VERTEX_POINT('',#5795);
#5795 = CARTESIAN_POINT('',(-9.44432547286,-14.25,5.));
#5796 = VERTEX_POINT('',#5797);
#5797 = CARTESIAN_POINT('',(-9.44432547286,-14.65,5.));
#5798 = LINE('',#5799,#5800);
#5799 = CARTESIAN_POINT('',(-9.44432547286,-14.25,5.));
#5800 = VECTOR('',#5801,1.);
#5801 = DIRECTION('',(0.,-1.,0.));
#5802 = ORIENTED_EDGE('',*,*,#5803,.F.);
#5803 = EDGE_CURVE('',#5804,#5794,#5806,.T.);
#5804 = VERTEX_POINT('',#5805);
#5805 = CARTESIAN_POINT('',(-10.,-14.25,5.));
#5806 = LINE('',#5807,#5808);
#5807 = CARTESIAN_POINT('',(-10.,-14.25,5.));
#5808 = VECTOR('',#5809,1.);
#5809 = DIRECTION('',(1.,0.,0.));
#5810 = ORIENTED_EDGE('',*,*,#5811,.T.);
#5811 = EDGE_CURVE('',#5804,#5812,#5814,.T.);
#5812 = VERTEX_POINT('',#5813);
#5813 = CARTESIAN_POINT('',(-10.,-23.5,5.));
#5814 = LINE('',#5815,#5816);
#5815 = CARTESIAN_POINT('',(-10.,-14.25,5.));
#5816 = VECTOR('',#5817,1.);
#5817 = DIRECTION('',(0.,-1.,0.));
#5818 = ORIENTED_EDGE('',*,*,#5819,.T.);
#5819 = EDGE_CURVE('',#5812,#5820,#5822,.T.);
#5820 = VERTEX_POINT('',#5821);
#5821 = CARTESIAN_POINT('',(-9.,-24.5,5.));
#5822 = LINE('',#5823,#5824);
#5823 = CARTESIAN_POINT('',(-10.,-23.5,5.));
#5824 = VECTOR('',#5825,1.);
#5825 = DIRECTION('',(0.707106781187,-0.707106781187,0.));
#5826 = ORIENTED_EDGE('',*,*,#5827,.T.);
#5827 = EDGE_CURVE('',#5820,#5828,#5830,.T.);
#5828 = VERTEX_POINT('',#5829);
#5829 = CARTESIAN_POINT('',(9.,-24.5,5.));
#5830 = LINE('',#5831,#5832);
#5831 = CARTESIAN_POINT('',(-9.,-24.5,5.));
#5832 = VECTOR('',#5833,1.);
#5833 = DIRECTION('',(1.,0.,0.));
#5834 = ORIENTED_EDGE('',*,*,#5835,.T.);
#5835 = EDGE_CURVE('',#5828,#5836,#5838,.T.);
#5836 = VERTEX_POINT('',#5837);
#5837 = CARTESIAN_POINT('',(10.,-23.5,5.));
#5838 = LINE('',#5839,#5840);
#5839 = CARTESIAN_POINT('',(9.,-24.5,5.));
#5840 = VECTOR('',#5841,1.);
#5841 = DIRECTION('',(0.707106781187,0.707106781187,0.));
#5842 = ORIENTED_EDGE('',*,*,#5843,.T.);
#5843 = EDGE_CURVE('',#5836,#5844,#5846,.T.);
#5844 = VERTEX_POINT('',#5845);
#5845 = CARTESIAN_POINT('',(10.,-14.25,5.));
#5846 = LINE('',#5847,#5848);
#5847 = CARTESIAN_POINT('',(10.,-23.5,5.));
#5848 = VECTOR('',#5849,1.);
#5849 = DIRECTION('',(0.,1.,0.));
#5850 = ORIENTED_EDGE('',*,*,#5851,.F.);
#5851 = EDGE_CURVE('',#5852,#5844,#5854,.T.);
#5852 = VERTEX_POINT('',#5853);
#5853 = CARTESIAN_POINT('',(9.5,-14.25,5.));
#5854 = LINE('',#5855,#5856);
#5855 = CARTESIAN_POINT('',(9.5,-14.25,5.));
#5856 = VECTOR('',#5857,1.);
#5857 = DIRECTION('',(1.,0.,0.));
#5858 = ORIENTED_EDGE('',*,*,#5859,.F.);
#5859 = EDGE_CURVE('',#5860,#5852,#5862,.T.);
#5860 = VERTEX_POINT('',#5861);
#5861 = CARTESIAN_POINT('',(9.5,-14.65,5.));
#5862 = LINE('',#5863,#5864);
#5863 = CARTESIAN_POINT('',(9.5,-14.65,5.));
#5864 = VECTOR('',#5865,1.);
#5865 = DIRECTION('',(0.,1.,0.));
#5866 = ORIENTED_EDGE('',*,*,#5867,.T.);
#5867 = EDGE_CURVE('',#5860,#5868,#5870,.T.);
#5868 = VERTEX_POINT('',#5869);
#5869 = CARTESIAN_POINT('',(9.2,-14.95,5.));
#5870 = LINE('',#5871,#5872);
#5871 = CARTESIAN_POINT('',(9.5,-14.65,5.));
#5872 = VECTOR('',#5873,1.);
#5873 = DIRECTION('',(-0.707106781187,-0.707106781187,0.));
#5874 = ORIENTED_EDGE('',*,*,#5875,.F.);
#5875 = EDGE_CURVE('',#5876,#5868,#5878,.T.);
#5876 = VERTEX_POINT('',#5877);
#5877 = CARTESIAN_POINT('',(9.6,-14.95,5.));
#5878 = LINE('',#5879,#5880);
#5879 = CARTESIAN_POINT('',(9.6,-14.95,5.));
#5880 = VECTOR('',#5881,1.);
#5881 = DIRECTION('',(-1.,0.,0.));
#5882 = ORIENTED_EDGE('',*,*,#5883,.T.);
#5883 = EDGE_CURVE('',#5876,#5884,#5886,.T.);
#5884 = VERTEX_POINT('',#5885);
#5885 = CARTESIAN_POINT('',(9.6,-23.33431457505,5.));
#5886 = LINE('',#5887,#5888);
#5887 = CARTESIAN_POINT('',(9.6,-14.95,5.));
#5888 = VECTOR('',#5889,1.);
#5889 = DIRECTION('',(0.,-1.,0.));
#5890 = ORIENTED_EDGE('',*,*,#5891,.T.);
#5891 = EDGE_CURVE('',#5884,#5892,#5894,.T.);
#5892 = VERTEX_POINT('',#5893);
#5893 = CARTESIAN_POINT('',(8.834314575051,-24.1,5.));
#5894 = LINE('',#5895,#5896);
#5895 = CARTESIAN_POINT('',(9.6,-23.33431457505,5.));
#5896 = VECTOR('',#5897,1.);
#5897 = DIRECTION('',(-0.707106781186,-0.707106781187,0.));
#5898 = ORIENTED_EDGE('',*,*,#5899,.T.);
#5899 = EDGE_CURVE('',#5892,#5900,#5902,.T.);
#5900 = VERTEX_POINT('',#5901);
#5901 = CARTESIAN_POINT('',(-8.834314575051,-24.1,5.));
#5902 = LINE('',#5903,#5904);
#5903 = CARTESIAN_POINT('',(8.834314575051,-24.1,5.));
#5904 = VECTOR('',#5905,1.);
#5905 = DIRECTION('',(-1.,0.,0.));
#5906 = ORIENTED_EDGE('',*,*,#5907,.T.);
#5907 = EDGE_CURVE('',#5900,#5908,#5910,.T.);
#5908 = VERTEX_POINT('',#5909);
#5909 = CARTESIAN_POINT('',(-9.6,-23.33431457505,5.));
#5910 = LINE('',#5911,#5912);
#5911 = CARTESIAN_POINT('',(-8.834314575051,-24.1,5.));
#5912 = VECTOR('',#5913,1.);
#5913 = DIRECTION('',(-0.707106781187,0.707106781187,0.));
#5914 = ORIENTED_EDGE('',*,*,#5915,.T.);
#5915 = EDGE_CURVE('',#5908,#5916,#5918,.T.);
#5916 = VERTEX_POINT('',#5917);
#5917 = CARTESIAN_POINT('',(-9.6,-14.95,5.));
#5918 = LINE('',#5919,#5920);
#5919 = CARTESIAN_POINT('',(-9.6,-23.33431457505,5.));
#5920 = VECTOR('',#5921,1.);
#5921 = DIRECTION('',(0.,1.,0.));
#5922 = ORIENTED_EDGE('',*,*,#5923,.F.);
#5923 = EDGE_CURVE('',#5924,#5916,#5926,.T.);
#5924 = VERTEX_POINT('',#5925);
#5925 = CARTESIAN_POINT('',(-9.14432547286,-14.95,5.));
#5926 = LINE('',#5927,#5928);
#5927 = CARTESIAN_POINT('',(-9.14432547286,-14.95,5.));
#5928 = VECTOR('',#5929,1.);
#5929 = DIRECTION('',(-1.,0.,0.));
#5930 = ORIENTED_EDGE('',*,*,#5931,.T.);
#5931 = EDGE_CURVE('',#5924,#5796,#5932,.T.);
#5932 = LINE('',#5933,#5934);
#5933 = CARTESIAN_POINT('',(-9.14432547286,-14.95,5.));
#5934 = VECTOR('',#5935,1.);
#5935 = DIRECTION('',(-0.707106781187,0.707106781187,0.));
#5936 = PLANE('',#5937);
#5937 = AXIS2_PLACEMENT_3D('',#5938,#5939,#5940);
#5938 = CARTESIAN_POINT('',(0.,0.,5.));
#5939 = DIRECTION('',(0.,0.,1.));
#5940 = DIRECTION('',(1.,0.,-0.));
#5941 = ADVANCED_FACE('',(#5942),#6072,.T.);
#5942 = FACE_BOUND('',#5943,.T.);
#5943 = EDGE_LOOP('',(#5944,#5954,#5962,#5970,#5976,#5977,#5978,#5986,
    #5994,#6002,#6010,#6018,#6026,#6034,#6042,#6050,#6058,#6066));
#5944 = ORIENTED_EDGE('',*,*,#5945,.F.);
#5945 = EDGE_CURVE('',#5946,#5948,#5950,.T.);
#5946 = VERTEX_POINT('',#5947);
#5947 = CARTESIAN_POINT('',(9.5,-3.75,5.));
#5948 = VERTEX_POINT('',#5949);
#5949 = CARTESIAN_POINT('',(9.5,-3.35,5.));
#5950 = LINE('',#5951,#5952);
#5951 = CARTESIAN_POINT('',(9.5,-3.75,5.));
#5952 = VECTOR('',#5953,1.);
#5953 = DIRECTION('',(0.,1.,0.));
#5954 = ORIENTED_EDGE('',*,*,#5955,.F.);
#5955 = EDGE_CURVE('',#5956,#5946,#5958,.T.);
#5956 = VERTEX_POINT('',#5957);
#5957 = CARTESIAN_POINT('',(10.,-3.75,5.));
#5958 = LINE('',#5959,#5960);
#5959 = CARTESIAN_POINT('',(10.,-3.75,5.));
#5960 = VECTOR('',#5961,1.);
#5961 = DIRECTION('',(-1.,0.,0.));
#5962 = ORIENTED_EDGE('',*,*,#5963,.T.);
#5963 = EDGE_CURVE('',#5956,#5964,#5966,.T.);
#5964 = VERTEX_POINT('',#5965);
#5965 = CARTESIAN_POINT('',(10.,8.5,5.));
#5966 = LINE('',#5967,#5968);
#5967 = CARTESIAN_POINT('',(10.,-3.75,5.));
#5968 = VECTOR('',#5969,1.);
#5969 = DIRECTION('',(0.,1.,0.));
#5970 = ORIENTED_EDGE('',*,*,#5971,.T.);
#5971 = EDGE_CURVE('',#5964,#5685,#5972,.T.);
#5972 = LINE('',#5973,#5974);
#5973 = CARTESIAN_POINT('',(10.,8.5,5.));
#5974 = VECTOR('',#5975,1.);
#5975 = DIRECTION('',(-0.707106781187,0.707106781187,0.));
#5976 = ORIENTED_EDGE('',*,*,#5684,.T.);
#5977 = ORIENTED_EDGE('',*,*,#5778,.T.);
#5978 = ORIENTED_EDGE('',*,*,#5979,.T.);
#5979 = EDGE_CURVE('',#5771,#5980,#5982,.T.);
#5980 = VERTEX_POINT('',#5981);
#5981 = CARTESIAN_POINT('',(-10.,-3.75,5.));
#5982 = LINE('',#5983,#5984);
#5983 = CARTESIAN_POINT('',(-10.,8.5,5.));
#5984 = VECTOR('',#5985,1.);
#5985 = DIRECTION('',(0.,-1.,0.));
#5986 = ORIENTED_EDGE('',*,*,#5987,.F.);
#5987 = EDGE_CURVE('',#5988,#5980,#5990,.T.);
#5988 = VERTEX_POINT('',#5989);
#5989 = CARTESIAN_POINT('',(-9.2,-3.75,5.));
#5990 = LINE('',#5991,#5992);
#5991 = CARTESIAN_POINT('',(-9.2,-3.75,5.));
#5992 = VECTOR('',#5993,1.);
#5993 = DIRECTION('',(-1.,0.,0.));
#5994 = ORIENTED_EDGE('',*,*,#5995,.T.);
#5995 = EDGE_CURVE('',#5988,#5996,#5998,.T.);
#5996 = VERTEX_POINT('',#5997);
#5997 = CARTESIAN_POINT('',(-9.5,-3.45,5.));
#5998 = LINE('',#5999,#6000);
#5999 = CARTESIAN_POINT('',(-9.2,-3.75,5.));
#6000 = VECTOR('',#6001,1.);
#6001 = DIRECTION('',(-0.707106781187,0.707106781186,0.));
#6002 = ORIENTED_EDGE('',*,*,#6003,.F.);
#6003 = EDGE_CURVE('',#6004,#5996,#6006,.T.);
#6004 = VERTEX_POINT('',#6005);
#6005 = CARTESIAN_POINT('',(-9.5,-3.121373033403,5.));
#6006 = LINE('',#6007,#6008);
#6007 = CARTESIAN_POINT('',(-9.5,-3.121373033403,5.));
#6008 = VECTOR('',#6009,1.);
#6009 = DIRECTION('',(0.,-1.,0.));
#6010 = ORIENTED_EDGE('',*,*,#6011,.T.);
#6011 = EDGE_CURVE('',#6004,#6012,#6014,.T.);
#6012 = VERTEX_POINT('',#6013);
#6013 = CARTESIAN_POINT('',(-9.6,-3.121373033403,5.));
#6014 = LINE('',#6015,#6016);
#6015 = CARTESIAN_POINT('',(-9.5,-3.121373033403,5.));
#6016 = VECTOR('',#6017,1.);
#6017 = DIRECTION('',(-1.,0.,0.));
#6018 = ORIENTED_EDGE('',*,*,#6019,.T.);
#6019 = EDGE_CURVE('',#6012,#6020,#6022,.T.);
#6020 = VERTEX_POINT('',#6021);
#6021 = CARTESIAN_POINT('',(-9.6,8.334314575051,5.));
#6022 = LINE('',#6023,#6024);
#6023 = CARTESIAN_POINT('',(-9.6,-3.121373033403,5.));
#6024 = VECTOR('',#6025,1.);
#6025 = DIRECTION('',(0.,1.,0.));
#6026 = ORIENTED_EDGE('',*,*,#6027,.T.);
#6027 = EDGE_CURVE('',#6020,#6028,#6030,.T.);
#6028 = VERTEX_POINT('',#6029);
#6029 = CARTESIAN_POINT('',(-8.834314575051,9.1,5.));
#6030 = LINE('',#6031,#6032);
#6031 = CARTESIAN_POINT('',(-9.6,8.334314575051,5.));
#6032 = VECTOR('',#6033,1.);
#6033 = DIRECTION('',(0.707106781186,0.707106781187,0.));
#6034 = ORIENTED_EDGE('',*,*,#6035,.T.);
#6035 = EDGE_CURVE('',#6028,#6036,#6038,.T.);
#6036 = VERTEX_POINT('',#6037);
#6037 = CARTESIAN_POINT('',(8.834314575051,9.1,5.));
#6038 = LINE('',#6039,#6040);
#6039 = CARTESIAN_POINT('',(-8.834314575051,9.1,5.));
#6040 = VECTOR('',#6041,1.);
#6041 = DIRECTION('',(1.,0.,0.));
#6042 = ORIENTED_EDGE('',*,*,#6043,.T.);
#6043 = EDGE_CURVE('',#6036,#6044,#6046,.T.);
#6044 = VERTEX_POINT('',#6045);
#6045 = CARTESIAN_POINT('',(9.6,8.334314575051,5.));
#6046 = LINE('',#6047,#6048);
#6047 = CARTESIAN_POINT('',(8.834314575051,9.1,5.));
#6048 = VECTOR('',#6049,1.);
#6049 = DIRECTION('',(0.707106781187,-0.707106781187,0.));
#6050 = ORIENTED_EDGE('',*,*,#6051,.T.);
#6051 = EDGE_CURVE('',#6044,#6052,#6054,.T.);
#6052 = VERTEX_POINT('',#6053);
#6053 = CARTESIAN_POINT('',(9.6,-3.05,5.));
#6054 = LINE('',#6055,#6056);
#6055 = CARTESIAN_POINT('',(9.6,8.334314575051,5.));
#6056 = VECTOR('',#6057,1.);
#6057 = DIRECTION('',(0.,-1.,0.));
#6058 = ORIENTED_EDGE('',*,*,#6059,.F.);
#6059 = EDGE_CURVE('',#6060,#6052,#6062,.T.);
#6060 = VERTEX_POINT('',#6061);
#6061 = CARTESIAN_POINT('',(9.2,-3.05,5.));
#6062 = LINE('',#6063,#6064);
#6063 = CARTESIAN_POINT('',(9.2,-3.05,5.));
#6064 = VECTOR('',#6065,1.);
#6065 = DIRECTION('',(1.,0.,0.));
#6066 = ORIENTED_EDGE('',*,*,#6067,.T.);
#6067 = EDGE_CURVE('',#6060,#5948,#6068,.T.);
#6068 = LINE('',#6069,#6070);
#6069 = CARTESIAN_POINT('',(9.2,-3.05,5.));
#6070 = VECTOR('',#6071,1.);
#6071 = DIRECTION('',(0.707106781187,-0.707106781187,0.));
#6072 = PLANE('',#6073);
#6073 = AXIS2_PLACEMENT_3D('',#6074,#6075,#6076);
#6074 = CARTESIAN_POINT('',(0.,0.,5.));
#6075 = DIRECTION('',(0.,0.,1.));
#6076 = DIRECTION('',(1.,0.,-0.));
#6077 = ADVANCED_FACE('',(#6078),#6103,.T.);
#6078 = FACE_BOUND('',#6079,.T.);
#6079 = EDGE_LOOP('',(#6080,#6088,#6096,#6102));
#6080 = ORIENTED_EDGE('',*,*,#6081,.F.);
#6081 = EDGE_CURVE('',#6082,#5796,#6084,.T.);
#6082 = VERTEX_POINT('',#6083);
#6083 = CARTESIAN_POINT('',(-9.44432547286,-14.65,7.6));
#6084 = LINE('',#6085,#6086);
#6085 = CARTESIAN_POINT('',(-9.44432547286,-14.65,7.6));
#6086 = VECTOR('',#6087,1.);
#6087 = DIRECTION('',(0.,0.,-1.));
#6088 = ORIENTED_EDGE('',*,*,#6089,.F.);
#6089 = EDGE_CURVE('',#6090,#6082,#6092,.T.);
#6090 = VERTEX_POINT('',#6091);
#6091 = CARTESIAN_POINT('',(-9.44432547286,-14.25,7.6));
#6092 = LINE('',#6093,#6094);
#6093 = CARTESIAN_POINT('',(-9.44432547286,-14.25,7.6));
#6094 = VECTOR('',#6095,1.);
#6095 = DIRECTION('',(0.,-1.,0.));
#6096 = ORIENTED_EDGE('',*,*,#6097,.F.);
#6097 = EDGE_CURVE('',#5794,#6090,#6098,.T.);
#6098 = LINE('',#6099,#6100);
#6099 = CARTESIAN_POINT('',(-9.44432547286,-14.25,5.));
#6100 = VECTOR('',#6101,1.);
#6101 = DIRECTION('',(0.,0.,1.));
#6102 = ORIENTED_EDGE('',*,*,#5793,.T.);
#6103 = PLANE('',#6104);
#6104 = AXIS2_PLACEMENT_3D('',#6105,#6106,#6107);
#6105 = CARTESIAN_POINT('',(-9.44432547286,-14.25,4.5));
#6106 = DIRECTION('',(-1.,0.,0.));
#6107 = DIRECTION('',(0.,-1.,0.));
#6108 = ADVANCED_FACE('',(#6109),#6127,.T.);
#6109 = FACE_BOUND('',#6110,.T.);
#6110 = EDGE_LOOP('',(#6111,#6112,#6113,#6121));
#6111 = ORIENTED_EDGE('',*,*,#6081,.T.);
#6112 = ORIENTED_EDGE('',*,*,#5931,.F.);
#6113 = ORIENTED_EDGE('',*,*,#6114,.F.);
#6114 = EDGE_CURVE('',#6115,#5924,#6117,.T.);
#6115 = VERTEX_POINT('',#6116);
#6116 = CARTESIAN_POINT('',(-9.14432547286,-14.95,7.6));
#6117 = LINE('',#6118,#6119);
#6118 = CARTESIAN_POINT('',(-9.14432547286,-14.95,7.6));
#6119 = VECTOR('',#6120,1.);
#6120 = DIRECTION('',(0.,0.,-1.));
#6121 = ORIENTED_EDGE('',*,*,#6122,.F.);
#6122 = EDGE_CURVE('',#6082,#6115,#6123,.T.);
#6123 = LINE('',#6124,#6125);
#6124 = CARTESIAN_POINT('',(-9.44432547286,-14.65,7.6));
#6125 = VECTOR('',#6126,1.);
#6126 = DIRECTION('',(0.707106781187,-0.707106781187,0.));
#6127 = PLANE('',#6128);
#6128 = AXIS2_PLACEMENT_3D('',#6129,#6130,#6131);
#6129 = CARTESIAN_POINT('',(-9.29432547286,-14.8,6.3));
#6130 = DIRECTION('',(-0.707106781187,-0.707106781187,0.));
#6131 = DIRECTION('',(-0.707106781187,0.707106781187,0.));
#6132 = ADVANCED_FACE('',(#6133),#6231,.T.);
#6133 = FACE_BOUND('',#6134,.T.);
#6134 = EDGE_LOOP('',(#6135,#6145,#6153,#6161,#6169,#6177,#6185,#6193,
    #6201,#6209,#6217,#6225));
#6135 = ORIENTED_EDGE('',*,*,#6136,.T.);
#6136 = EDGE_CURVE('',#6137,#6139,#6141,.T.);
#6137 = VERTEX_POINT('',#6138);
#6138 = CARTESIAN_POINT('',(9.2,-14.95,7.6));
#6139 = VERTEX_POINT('',#6140);
#6140 = CARTESIAN_POINT('',(9.5,-14.65,7.6));
#6141 = LINE('',#6142,#6143);
#6142 = CARTESIAN_POINT('',(9.2,-14.95,7.6));
#6143 = VECTOR('',#6144,1.);
#6144 = DIRECTION('',(0.707106781187,0.707106781187,0.));
#6145 = ORIENTED_EDGE('',*,*,#6146,.T.);
#6146 = EDGE_CURVE('',#6139,#6147,#6149,.T.);
#6147 = VERTEX_POINT('',#6148);
#6148 = CARTESIAN_POINT('',(9.5,-14.25,7.6));
#6149 = LINE('',#6150,#6151);
#6150 = CARTESIAN_POINT('',(9.5,-14.65,7.6));
#6151 = VECTOR('',#6152,1.);
#6152 = DIRECTION('',(0.,1.,0.));
#6153 = ORIENTED_EDGE('',*,*,#6154,.T.);
#6154 = EDGE_CURVE('',#6147,#6155,#6157,.T.);
#6155 = VERTEX_POINT('',#6156);
#6156 = CARTESIAN_POINT('',(6.3,-14.25,7.6));
#6157 = LINE('',#6158,#6159);
#6158 = CARTESIAN_POINT('',(9.5,-14.25,7.6));
#6159 = VECTOR('',#6160,1.);
#6160 = DIRECTION('',(-1.,0.,0.));
#6161 = ORIENTED_EDGE('',*,*,#6162,.T.);
#6162 = EDGE_CURVE('',#6155,#6163,#6165,.T.);
#6163 = VERTEX_POINT('',#6164);
#6164 = CARTESIAN_POINT('',(6.,-13.95,7.6));
#6165 = LINE('',#6166,#6167);
#6166 = CARTESIAN_POINT('',(6.3,-14.25,7.6));
#6167 = VECTOR('',#6168,1.);
#6168 = DIRECTION('',(-0.707106781187,0.707106781187,0.));
#6169 = ORIENTED_EDGE('',*,*,#6170,.T.);
#6170 = EDGE_CURVE('',#6163,#6171,#6173,.T.);
#6171 = VERTEX_POINT('',#6172);
#6172 = CARTESIAN_POINT('',(6.,-4.05,7.6));
#6173 = LINE('',#6174,#6175);
#6174 = CARTESIAN_POINT('',(6.,-13.95,7.6));
#6175 = VECTOR('',#6176,1.);
#6176 = DIRECTION('',(0.,1.,0.));
#6177 = ORIENTED_EDGE('',*,*,#6178,.T.);
#6178 = EDGE_CURVE('',#6171,#6179,#6181,.T.);
#6179 = VERTEX_POINT('',#6180);
#6180 = CARTESIAN_POINT('',(6.3,-3.75,7.6));
#6181 = LINE('',#6182,#6183);
#6182 = CARTESIAN_POINT('',(6.,-4.05,7.6));
#6183 = VECTOR('',#6184,1.);
#6184 = DIRECTION('',(0.707106781187,0.707106781187,0.));
#6185 = ORIENTED_EDGE('',*,*,#6186,.T.);
#6186 = EDGE_CURVE('',#6179,#6187,#6189,.T.);
#6187 = VERTEX_POINT('',#6188);
#6188 = CARTESIAN_POINT('',(9.5,-3.75,7.6));
#6189 = LINE('',#6190,#6191);
#6190 = CARTESIAN_POINT('',(6.3,-3.75,7.6));
#6191 = VECTOR('',#6192,1.);
#6192 = DIRECTION('',(1.,0.,0.));
#6193 = ORIENTED_EDGE('',*,*,#6194,.T.);
#6194 = EDGE_CURVE('',#6187,#6195,#6197,.T.);
#6195 = VERTEX_POINT('',#6196);
#6196 = CARTESIAN_POINT('',(9.5,-3.35,7.6));
#6197 = LINE('',#6198,#6199);
#6198 = CARTESIAN_POINT('',(9.5,-3.75,7.6));
#6199 = VECTOR('',#6200,1.);
#6200 = DIRECTION('',(0.,1.,0.));
#6201 = ORIENTED_EDGE('',*,*,#6202,.T.);
#6202 = EDGE_CURVE('',#6195,#6203,#6205,.T.);
#6203 = VERTEX_POINT('',#6204);
#6204 = CARTESIAN_POINT('',(9.2,-3.05,7.6));
#6205 = LINE('',#6206,#6207);
#6206 = CARTESIAN_POINT('',(9.5,-3.35,7.6));
#6207 = VECTOR('',#6208,1.);
#6208 = DIRECTION('',(-0.707106781187,0.707106781187,0.));
#6209 = ORIENTED_EDGE('',*,*,#6210,.T.);
#6210 = EDGE_CURVE('',#6203,#6211,#6213,.T.);
#6211 = VERTEX_POINT('',#6212);
#6212 = CARTESIAN_POINT('',(5.3,-3.05,7.6));
#6213 = LINE('',#6214,#6215);
#6214 = CARTESIAN_POINT('',(9.2,-3.05,7.6));
#6215 = VECTOR('',#6216,1.);
#6216 = DIRECTION('',(-1.,0.,0.));
#6217 = ORIENTED_EDGE('',*,*,#6218,.T.);
#6218 = EDGE_CURVE('',#6211,#6219,#6221,.T.);
#6219 = VERTEX_POINT('',#6220);
#6220 = CARTESIAN_POINT('',(5.3,-14.95,7.6));
#6221 = LINE('',#6222,#6223);
#6222 = CARTESIAN_POINT('',(5.3,-3.05,7.6));
#6223 = VECTOR('',#6224,1.);
#6224 = DIRECTION('',(0.,-1.,0.));
#6225 = ORIENTED_EDGE('',*,*,#6226,.T.);
#6226 = EDGE_CURVE('',#6219,#6137,#6227,.T.);
#6227 = LINE('',#6228,#6229);
#6228 = CARTESIAN_POINT('',(5.3,-14.95,7.6));
#6229 = VECTOR('',#6230,1.);
#6230 = DIRECTION('',(1.,0.,0.));
#6231 = PLANE('',#6232);
#6232 = AXIS2_PLACEMENT_3D('',#6233,#6234,#6235);
#6233 = CARTESIAN_POINT('',(0.,0.,7.6));
#6234 = DIRECTION('',(0.,0.,1.));
#6235 = DIRECTION('',(1.,0.,-0.));
#6236 = ADVANCED_FACE('',(#6237),#6328,.T.);
#6237 = FACE_BOUND('',#6238,.T.);
#6238 = EDGE_LOOP('',(#6239,#6249,#6257,#6265,#6273,#6281,#6287,#6288,
    #6289,#6297,#6306,#6314,#6322));
#6239 = ORIENTED_EDGE('',*,*,#6240,.T.);
#6240 = EDGE_CURVE('',#6241,#6243,#6245,.T.);
#6241 = VERTEX_POINT('',#6242);
#6242 = CARTESIAN_POINT('',(-9.5,-3.45,7.6));
#6243 = VERTEX_POINT('',#6244);
#6244 = CARTESIAN_POINT('',(-9.2,-3.75,7.6));
#6245 = LINE('',#6246,#6247);
#6246 = CARTESIAN_POINT('',(-9.5,-3.45,7.6));
#6247 = VECTOR('',#6248,1.);
#6248 = DIRECTION('',(0.707106781187,-0.707106781186,0.));
#6249 = ORIENTED_EDGE('',*,*,#6250,.T.);
#6250 = EDGE_CURVE('',#6243,#6251,#6253,.T.);
#6251 = VERTEX_POINT('',#6252);
#6252 = CARTESIAN_POINT('',(-6.3,-3.75,7.6));
#6253 = LINE('',#6254,#6255);
#6254 = CARTESIAN_POINT('',(-9.2,-3.75,7.6));
#6255 = VECTOR('',#6256,1.);
#6256 = DIRECTION('',(1.,0.,0.));
#6257 = ORIENTED_EDGE('',*,*,#6258,.T.);
#6258 = EDGE_CURVE('',#6251,#6259,#6261,.T.);
#6259 = VERTEX_POINT('',#6260);
#6260 = CARTESIAN_POINT('',(-6.,-4.05,7.6));
#6261 = LINE('',#6262,#6263);
#6262 = CARTESIAN_POINT('',(-6.3,-3.75,7.6));
#6263 = VECTOR('',#6264,1.);
#6264 = DIRECTION('',(0.707106781187,-0.707106781187,0.));
#6265 = ORIENTED_EDGE('',*,*,#6266,.T.);
#6266 = EDGE_CURVE('',#6259,#6267,#6269,.T.);
#6267 = VERTEX_POINT('',#6268);
#6268 = CARTESIAN_POINT('',(-6.,-13.95,7.6));
#6269 = LINE('',#6270,#6271);
#6270 = CARTESIAN_POINT('',(-6.,-4.05,7.6));
#6271 = VECTOR('',#6272,1.);
#6272 = DIRECTION('',(0.,-1.,0.));
#6273 = ORIENTED_EDGE('',*,*,#6274,.T.);
#6274 = EDGE_CURVE('',#6267,#6275,#6277,.T.);
#6275 = VERTEX_POINT('',#6276);
#6276 = CARTESIAN_POINT('',(-6.3,-14.25,7.6));
#6277 = LINE('',#6278,#6279);
#6278 = CARTESIAN_POINT('',(-6.,-13.95,7.6));
#6279 = VECTOR('',#6280,1.);
#6280 = DIRECTION('',(-0.707106781187,-0.707106781187,0.));
#6281 = ORIENTED_EDGE('',*,*,#6282,.T.);
#6282 = EDGE_CURVE('',#6275,#6090,#6283,.T.);
#6283 = LINE('',#6284,#6285);
#6284 = CARTESIAN_POINT('',(-6.3,-14.25,7.6));
#6285 = VECTOR('',#6286,1.);
#6286 = DIRECTION('',(-1.,0.,0.));
#6287 = ORIENTED_EDGE('',*,*,#6089,.T.);
#6288 = ORIENTED_EDGE('',*,*,#6122,.T.);
#6289 = ORIENTED_EDGE('',*,*,#6290,.T.);
#6290 = EDGE_CURVE('',#6115,#6291,#6293,.T.);
#6291 = VERTEX_POINT('',#6292);
#6292 = CARTESIAN_POINT('',(-6.183075329215,-14.95,7.6));
#6293 = LINE('',#6294,#6295);
#6294 = CARTESIAN_POINT('',(-9.14432547286,-14.95,7.6));
#6295 = VECTOR('',#6296,1.);
#6296 = DIRECTION('',(1.,0.,0.));
#6297 = ORIENTED_EDGE('',*,*,#6298,.T.);
#6298 = EDGE_CURVE('',#6291,#6299,#6301,.T.);
#6299 = VERTEX_POINT('',#6300);
#6300 = CARTESIAN_POINT('',(-5.3,-13.6313730334,7.6));
#6301 = CIRCLE('',#6302,6.);
#6302 = AXIS2_PLACEMENT_3D('',#6303,#6304,#6305);
#6303 = CARTESIAN_POINT('',(-0.8,-17.6,7.6));
#6304 = DIRECTION('',(0.,0.,-1.));
#6305 = DIRECTION('',(-0.897179221536,0.441666666667,0.));
#6306 = ORIENTED_EDGE('',*,*,#6307,.T.);
#6307 = EDGE_CURVE('',#6299,#6308,#6310,.T.);
#6308 = VERTEX_POINT('',#6309);
#6309 = CARTESIAN_POINT('',(-5.3,-3.121373033403,7.6));
#6310 = LINE('',#6311,#6312);
#6311 = CARTESIAN_POINT('',(-5.3,-13.6313730334,7.6));
#6312 = VECTOR('',#6313,1.);
#6313 = DIRECTION('',(0.,1.,0.));
#6314 = ORIENTED_EDGE('',*,*,#6315,.T.);
#6315 = EDGE_CURVE('',#6308,#6316,#6318,.T.);
#6316 = VERTEX_POINT('',#6317);
#6317 = CARTESIAN_POINT('',(-9.5,-3.121373033403,7.6));
#6318 = LINE('',#6319,#6320);
#6319 = CARTESIAN_POINT('',(-5.3,-3.121373033403,7.6));
#6320 = VECTOR('',#6321,1.);
#6321 = DIRECTION('',(-1.,0.,0.));
#6322 = ORIENTED_EDGE('',*,*,#6323,.T.);
#6323 = EDGE_CURVE('',#6316,#6241,#6324,.T.);
#6324 = LINE('',#6325,#6326);
#6325 = CARTESIAN_POINT('',(-9.5,-3.121373033403,7.6));
#6326 = VECTOR('',#6327,1.);
#6327 = DIRECTION('',(0.,-1.,0.));
#6328 = PLANE('',#6329);
#6329 = AXIS2_PLACEMENT_3D('',#6330,#6331,#6332);
#6330 = CARTESIAN_POINT('',(0.,0.,7.6));
#6331 = DIRECTION('',(0.,0.,1.));
#6332 = DIRECTION('',(1.,0.,-0.));
#6333 = ADVANCED_FACE('',(#6334),#6350,.T.);
#6334 = FACE_BOUND('',#6335,.T.);
#6335 = EDGE_LOOP('',(#6336,#6342,#6343,#6349));
#6336 = ORIENTED_EDGE('',*,*,#6337,.T.);
#6337 = EDGE_CURVE('',#6137,#5868,#6338,.T.);
#6338 = LINE('',#6339,#6340);
#6339 = CARTESIAN_POINT('',(9.2,-14.95,7.6));
#6340 = VECTOR('',#6341,1.);
#6341 = DIRECTION('',(0.,0.,-1.));
#6342 = ORIENTED_EDGE('',*,*,#5867,.F.);
#6343 = ORIENTED_EDGE('',*,*,#6344,.F.);
#6344 = EDGE_CURVE('',#6139,#5860,#6345,.T.);
#6345 = LINE('',#6346,#6347);
#6346 = CARTESIAN_POINT('',(9.5,-14.65,7.6));
#6347 = VECTOR('',#6348,1.);
#6348 = DIRECTION('',(0.,0.,-1.));
#6349 = ORIENTED_EDGE('',*,*,#6136,.F.);
#6350 = PLANE('',#6351);
#6351 = AXIS2_PLACEMENT_3D('',#6352,#6353,#6354);
#6352 = CARTESIAN_POINT('',(9.35,-14.8,6.3));
#6353 = DIRECTION('',(0.707106781187,-0.707106781187,0.));
#6354 = DIRECTION('',(-0.707106781187,-0.707106781187,0.));
#6355 = ADVANCED_FACE('',(#6356),#6374,.T.);
#6356 = FACE_BOUND('',#6357,.T.);
#6357 = EDGE_LOOP('',(#6358,#6359,#6360,#6366,#6367,#6373));
#6358 = ORIENTED_EDGE('',*,*,#6337,.F.);
#6359 = ORIENTED_EDGE('',*,*,#6226,.F.);
#6360 = ORIENTED_EDGE('',*,*,#6361,.F.);
#6361 = EDGE_CURVE('',#5241,#6219,#6362,.T.);
#6362 = LINE('',#6363,#6364);
#6363 = CARTESIAN_POINT('',(5.3,-14.95,4.5));
#6364 = VECTOR('',#6365,1.);
#6365 = DIRECTION('',(0.,0.,1.));
#6366 = ORIENTED_EDGE('',*,*,#5240,.F.);
#6367 = ORIENTED_EDGE('',*,*,#6368,.T.);
#6368 = EDGE_CURVE('',#5233,#5876,#6369,.T.);
#6369 = LINE('',#6370,#6371);
#6370 = CARTESIAN_POINT('',(9.6,-14.95,4.5));
#6371 = VECTOR('',#6372,1.);
#6372 = DIRECTION('',(0.,0.,1.));
#6373 = ORIENTED_EDGE('',*,*,#5875,.T.);
#6374 = PLANE('',#6375);
#6375 = AXIS2_PLACEMENT_3D('',#6376,#6377,#6378);
#6376 = CARTESIAN_POINT('',(5.3,-14.95,4.5));
#6377 = DIRECTION('',(0.,-1.,0.));
#6378 = DIRECTION('',(1.,0.,0.));
#6379 = ADVANCED_FACE('',(#6380),#6391,.T.);
#6380 = FACE_BOUND('',#6381,.T.);
#6381 = EDGE_LOOP('',(#6382,#6383,#6384,#6390));
#6382 = ORIENTED_EDGE('',*,*,#6368,.F.);
#6383 = ORIENTED_EDGE('',*,*,#5232,.T.);
#6384 = ORIENTED_EDGE('',*,*,#6385,.T.);
#6385 = EDGE_CURVE('',#5225,#5884,#6386,.T.);
#6386 = LINE('',#6387,#6388);
#6387 = CARTESIAN_POINT('',(9.6,-23.33431457505,4.5));
#6388 = VECTOR('',#6389,1.);
#6389 = DIRECTION('',(0.,0.,1.));
#6390 = ORIENTED_EDGE('',*,*,#5883,.F.);
#6391 = PLANE('',#6392);
#6392 = AXIS2_PLACEMENT_3D('',#6393,#6394,#6395);
#6393 = CARTESIAN_POINT('',(9.6,-14.25,4.5));
#6394 = DIRECTION('',(-1.,0.,0.));
#6395 = DIRECTION('',(0.,-1.,0.));
#6396 = ADVANCED_FACE('',(#6397),#6408,.T.);
#6397 = FACE_BOUND('',#6398,.T.);
#6398 = EDGE_LOOP('',(#6399,#6400,#6406,#6407));
#6399 = ORIENTED_EDGE('',*,*,#5224,.T.);
#6400 = ORIENTED_EDGE('',*,*,#6401,.T.);
#6401 = EDGE_CURVE('',#5217,#5892,#6402,.T.);
#6402 = LINE('',#6403,#6404);
#6403 = CARTESIAN_POINT('',(8.834314575051,-24.1,4.5));
#6404 = VECTOR('',#6405,1.);
#6405 = DIRECTION('',(0.,0.,1.));
#6406 = ORIENTED_EDGE('',*,*,#5891,.F.);
#6407 = ORIENTED_EDGE('',*,*,#6385,.F.);
#6408 = PLANE('',#6409);
#6409 = AXIS2_PLACEMENT_3D('',#6410,#6411,#6412);
#6410 = CARTESIAN_POINT('',(9.6,-23.33431457505,4.5));
#6411 = DIRECTION('',(-0.707106781187,0.707106781187,0.));
#6412 = DIRECTION('',(-0.707106781187,-0.707106781187,0.));
#6413 = ADVANCED_FACE('',(#6414),#6425,.T.);
#6414 = FACE_BOUND('',#6415,.T.);
#6415 = EDGE_LOOP('',(#6416,#6417,#6423,#6424));
#6416 = ORIENTED_EDGE('',*,*,#5216,.T.);
#6417 = ORIENTED_EDGE('',*,*,#6418,.T.);
#6418 = EDGE_CURVE('',#5209,#5900,#6419,.T.);
#6419 = LINE('',#6420,#6421);
#6420 = CARTESIAN_POINT('',(-8.834314575051,-24.1,4.5));
#6421 = VECTOR('',#6422,1.);
#6422 = DIRECTION('',(0.,0.,1.));
#6423 = ORIENTED_EDGE('',*,*,#5899,.F.);
#6424 = ORIENTED_EDGE('',*,*,#6401,.F.);
#6425 = PLANE('',#6426);
#6426 = AXIS2_PLACEMENT_3D('',#6427,#6428,#6429);
#6427 = CARTESIAN_POINT('',(8.834314575051,-24.1,4.5));
#6428 = DIRECTION('',(0.,1.,0.));
#6429 = DIRECTION('',(-1.,0.,0.));
#6430 = ADVANCED_FACE('',(#6431),#6442,.T.);
#6431 = FACE_BOUND('',#6432,.T.);
#6432 = EDGE_LOOP('',(#6433,#6434,#6440,#6441));
#6433 = ORIENTED_EDGE('',*,*,#5208,.T.);
#6434 = ORIENTED_EDGE('',*,*,#6435,.T.);
#6435 = EDGE_CURVE('',#5201,#5908,#6436,.T.);
#6436 = LINE('',#6437,#6438);
#6437 = CARTESIAN_POINT('',(-9.6,-23.33431457505,4.5));
#6438 = VECTOR('',#6439,1.);
#6439 = DIRECTION('',(0.,0.,1.));
#6440 = ORIENTED_EDGE('',*,*,#5907,.F.);
#6441 = ORIENTED_EDGE('',*,*,#6418,.F.);
#6442 = PLANE('',#6443);
#6443 = AXIS2_PLACEMENT_3D('',#6444,#6445,#6446);
#6444 = CARTESIAN_POINT('',(-8.834314575051,-24.1,4.5));
#6445 = DIRECTION('',(0.707106781187,0.707106781187,0.));
#6446 = DIRECTION('',(-0.707106781187,0.707106781187,0.));
#6447 = ADVANCED_FACE('',(#6448),#6459,.T.);
#6448 = FACE_BOUND('',#6449,.T.);
#6449 = EDGE_LOOP('',(#6450,#6456,#6457,#6458));
#6450 = ORIENTED_EDGE('',*,*,#6451,.T.);
#6451 = EDGE_CURVE('',#5193,#5916,#6452,.T.);
#6452 = LINE('',#6453,#6454);
#6453 = CARTESIAN_POINT('',(-9.6,-14.95,4.5));
#6454 = VECTOR('',#6455,1.);
#6455 = DIRECTION('',(0.,0.,1.));
#6456 = ORIENTED_EDGE('',*,*,#5915,.F.);
#6457 = ORIENTED_EDGE('',*,*,#6435,.F.);
#6458 = ORIENTED_EDGE('',*,*,#5200,.T.);
#6459 = PLANE('',#6460);
#6460 = AXIS2_PLACEMENT_3D('',#6461,#6462,#6463);
#6461 = CARTESIAN_POINT('',(-9.6,-23.33431457505,4.5));
#6462 = DIRECTION('',(1.,0.,0.));
#6463 = DIRECTION('',(-0.,1.,0.));
#6464 = ADVANCED_FACE('',(#6465),#6478,.T.);
#6465 = FACE_BOUND('',#6466,.T.);
#6466 = EDGE_LOOP('',(#6467,#6473,#6474,#6475,#6476,#6477));
#6467 = ORIENTED_EDGE('',*,*,#6468,.T.);
#6468 = EDGE_CURVE('',#5191,#6291,#6469,.T.);
#6469 = LINE('',#6470,#6471);
#6470 = CARTESIAN_POINT('',(-6.183075329215,-14.95,4.5));
#6471 = VECTOR('',#6472,1.);
#6472 = DIRECTION('',(0.,0.,1.));
#6473 = ORIENTED_EDGE('',*,*,#6290,.F.);
#6474 = ORIENTED_EDGE('',*,*,#6114,.T.);
#6475 = ORIENTED_EDGE('',*,*,#5923,.T.);
#6476 = ORIENTED_EDGE('',*,*,#6451,.F.);
#6477 = ORIENTED_EDGE('',*,*,#5190,.F.);
#6478 = PLANE('',#6479);
#6479 = AXIS2_PLACEMENT_3D('',#6480,#6481,#6482);
#6480 = CARTESIAN_POINT('',(-9.44432547286,-14.95,4.5));
#6481 = DIRECTION('',(0.,-1.,0.));
#6482 = DIRECTION('',(1.,0.,0.));
#6483 = ADVANCED_FACE('',(#6484),#6495,.F.);
#6484 = FACE_BOUND('',#6485,.F.);
#6485 = EDGE_LOOP('',(#6486,#6487,#6488,#6494));
#6486 = ORIENTED_EDGE('',*,*,#6468,.T.);
#6487 = ORIENTED_EDGE('',*,*,#6298,.T.);
#6488 = ORIENTED_EDGE('',*,*,#6489,.F.);
#6489 = EDGE_CURVE('',#5313,#6299,#6490,.T.);
#6490 = LINE('',#6491,#6492);
#6491 = CARTESIAN_POINT('',(-5.3,-13.6313730334,4.5));
#6492 = VECTOR('',#6493,1.);
#6493 = DIRECTION('',(0.,0.,1.));
#6494 = ORIENTED_EDGE('',*,*,#5320,.T.);
#6495 = CYLINDRICAL_SURFACE('',#6496,6.);
#6496 = AXIS2_PLACEMENT_3D('',#6497,#6498,#6499);
#6497 = CARTESIAN_POINT('',(-0.8,-17.6,4.5));
#6498 = DIRECTION('',(0.,0.,1.));
#6499 = DIRECTION('',(1.,0.,-0.));
#6500 = ADVANCED_FACE('',(#6501),#6512,.T.);
#6501 = FACE_BOUND('',#6502,.T.);
#6502 = EDGE_LOOP('',(#6503,#6504,#6510,#6511));
#6503 = ORIENTED_EDGE('',*,*,#5312,.T.);
#6504 = ORIENTED_EDGE('',*,*,#6505,.T.);
#6505 = EDGE_CURVE('',#5305,#6308,#6506,.T.);
#6506 = LINE('',#6507,#6508);
#6507 = CARTESIAN_POINT('',(-5.3,-3.121373033403,4.5));
#6508 = VECTOR('',#6509,1.);
#6509 = DIRECTION('',(0.,0.,1.));
#6510 = ORIENTED_EDGE('',*,*,#6307,.F.);
#6511 = ORIENTED_EDGE('',*,*,#6489,.F.);
#6512 = PLANE('',#6513);
#6513 = AXIS2_PLACEMENT_3D('',#6514,#6515,#6516);
#6514 = CARTESIAN_POINT('',(-5.3,-13.6313730334,4.5));
#6515 = DIRECTION('',(1.,0.,0.));
#6516 = DIRECTION('',(-0.,1.,0.));
#6517 = ADVANCED_FACE('',(#6518),#6536,.T.);
#6518 = FACE_BOUND('',#6519,.T.);
#6519 = EDGE_LOOP('',(#6520,#6526,#6527,#6528,#6529,#6535));
#6520 = ORIENTED_EDGE('',*,*,#6521,.T.);
#6521 = EDGE_CURVE('',#6004,#6316,#6522,.T.);
#6522 = LINE('',#6523,#6524);
#6523 = CARTESIAN_POINT('',(-9.5,-3.121373033403,5.));
#6524 = VECTOR('',#6525,1.);
#6525 = DIRECTION('',(0.,0.,1.));
#6526 = ORIENTED_EDGE('',*,*,#6315,.F.);
#6527 = ORIENTED_EDGE('',*,*,#6505,.F.);
#6528 = ORIENTED_EDGE('',*,*,#5304,.F.);
#6529 = ORIENTED_EDGE('',*,*,#6530,.T.);
#6530 = EDGE_CURVE('',#5297,#6012,#6531,.T.);
#6531 = LINE('',#6532,#6533);
#6532 = CARTESIAN_POINT('',(-9.6,-3.121373033403,4.5));
#6533 = VECTOR('',#6534,1.);
#6534 = DIRECTION('',(0.,0.,1.));
#6535 = ORIENTED_EDGE('',*,*,#6011,.F.);
#6536 = PLANE('',#6537);
#6537 = AXIS2_PLACEMENT_3D('',#6538,#6539,#6540);
#6538 = CARTESIAN_POINT('',(-5.3,-3.121373033403,4.5));
#6539 = DIRECTION('',(0.,1.,0.));
#6540 = DIRECTION('',(-1.,0.,0.));
#6541 = ADVANCED_FACE('',(#6542),#6553,.T.);
#6542 = FACE_BOUND('',#6543,.T.);
#6543 = EDGE_LOOP('',(#6544,#6550,#6551,#6552));
#6544 = ORIENTED_EDGE('',*,*,#6545,.F.);
#6545 = EDGE_CURVE('',#6241,#5996,#6546,.T.);
#6546 = LINE('',#6547,#6548);
#6547 = CARTESIAN_POINT('',(-9.5,-3.45,7.6));
#6548 = VECTOR('',#6549,1.);
#6549 = DIRECTION('',(0.,0.,-1.));
#6550 = ORIENTED_EDGE('',*,*,#6323,.F.);
#6551 = ORIENTED_EDGE('',*,*,#6521,.F.);
#6552 = ORIENTED_EDGE('',*,*,#6003,.T.);
#6553 = PLANE('',#6554);
#6554 = AXIS2_PLACEMENT_3D('',#6555,#6556,#6557);
#6555 = CARTESIAN_POINT('',(-9.5,-3.121373033403,4.5));
#6556 = DIRECTION('',(-1.,0.,0.));
#6557 = DIRECTION('',(0.,-1.,0.));
#6558 = ADVANCED_FACE('',(#6559),#6570,.T.);
#6559 = FACE_BOUND('',#6560,.T.);
#6560 = EDGE_LOOP('',(#6561,#6562,#6563,#6569));
#6561 = ORIENTED_EDGE('',*,*,#6545,.T.);
#6562 = ORIENTED_EDGE('',*,*,#5995,.F.);
#6563 = ORIENTED_EDGE('',*,*,#6564,.F.);
#6564 = EDGE_CURVE('',#6243,#5988,#6565,.T.);
#6565 = LINE('',#6566,#6567);
#6566 = CARTESIAN_POINT('',(-9.2,-3.75,7.6));
#6567 = VECTOR('',#6568,1.);
#6568 = DIRECTION('',(0.,0.,-1.));
#6569 = ORIENTED_EDGE('',*,*,#6240,.F.);
#6570 = PLANE('',#6571);
#6571 = AXIS2_PLACEMENT_3D('',#6572,#6573,#6574);
#6572 = CARTESIAN_POINT('',(-9.35,-3.6,6.3));
#6573 = DIRECTION('',(-0.707106781187,-0.707106781187,0.));
#6574 = DIRECTION('',(-0.707106781187,0.707106781187,0.));
#6575 = ADVANCED_FACE('',(#6576),#6635,.F.);
#6576 = FACE_BOUND('',#6577,.T.);
#6577 = EDGE_LOOP('',(#6578,#6588,#6596,#6604,#6612,#6620,#6626,#6627,
    #6628,#6629));
#6578 = ORIENTED_EDGE('',*,*,#6579,.F.);
#6579 = EDGE_CURVE('',#6580,#6582,#6584,.T.);
#6580 = VERTEX_POINT('',#6581);
#6581 = CARTESIAN_POINT('',(-6.3,-3.75,0.2));
#6582 = VERTEX_POINT('',#6583);
#6583 = CARTESIAN_POINT('',(-10.,-3.75,0.2));
#6584 = LINE('',#6585,#6586);
#6585 = CARTESIAN_POINT('',(-6.3,-3.75,0.2));
#6586 = VECTOR('',#6587,1.);
#6587 = DIRECTION('',(-1.,0.,0.));
#6588 = ORIENTED_EDGE('',*,*,#6589,.T.);
#6589 = EDGE_CURVE('',#6580,#6590,#6592,.T.);
#6590 = VERTEX_POINT('',#6591);
#6591 = CARTESIAN_POINT('',(-6.3,-3.75,2.3));
#6592 = LINE('',#6593,#6594);
#6593 = CARTESIAN_POINT('',(-6.3,-3.75,0.2));
#6594 = VECTOR('',#6595,1.);
#6595 = DIRECTION('',(0.,0.,1.));
#6596 = ORIENTED_EDGE('',*,*,#6597,.T.);
#6597 = EDGE_CURVE('',#6590,#6598,#6600,.T.);
#6598 = VERTEX_POINT('',#6599);
#6599 = CARTESIAN_POINT('',(-6.5,-3.75,2.5));
#6600 = LINE('',#6601,#6602);
#6601 = CARTESIAN_POINT('',(-6.3,-3.75,2.3));
#6602 = VECTOR('',#6603,1.);
#6603 = DIRECTION('',(-0.707106781187,0.,0.707106781187));
#6604 = ORIENTED_EDGE('',*,*,#6605,.F.);
#6605 = EDGE_CURVE('',#6606,#6598,#6608,.T.);
#6606 = VERTEX_POINT('',#6607);
#6607 = CARTESIAN_POINT('',(-6.5,-3.75,3.1));
#6608 = LINE('',#6609,#6610);
#6609 = CARTESIAN_POINT('',(-6.5,-3.75,3.1));
#6610 = VECTOR('',#6611,1.);
#6611 = DIRECTION('',(0.,0.,-1.));
#6612 = ORIENTED_EDGE('',*,*,#6613,.F.);
#6613 = EDGE_CURVE('',#6614,#6606,#6616,.T.);
#6614 = VERTEX_POINT('',#6615);
#6615 = CARTESIAN_POINT('',(-6.3,-3.75,3.1));
#6616 = LINE('',#6617,#6618);
#6617 = CARTESIAN_POINT('',(-6.3,-3.75,3.1));
#6618 = VECTOR('',#6619,1.);
#6619 = DIRECTION('',(-1.,0.,0.));
#6620 = ORIENTED_EDGE('',*,*,#6621,.T.);
#6621 = EDGE_CURVE('',#6614,#6251,#6622,.T.);
#6622 = LINE('',#6623,#6624);
#6623 = CARTESIAN_POINT('',(-6.3,-3.75,3.1));
#6624 = VECTOR('',#6625,1.);
#6625 = DIRECTION('',(0.,0.,1.));
#6626 = ORIENTED_EDGE('',*,*,#6250,.F.);
#6627 = ORIENTED_EDGE('',*,*,#6564,.T.);
#6628 = ORIENTED_EDGE('',*,*,#5987,.T.);
#6629 = ORIENTED_EDGE('',*,*,#6630,.F.);
#6630 = EDGE_CURVE('',#6582,#5980,#6631,.T.);
#6631 = LINE('',#6632,#6633);
#6632 = CARTESIAN_POINT('',(-10.,-3.75,0.2));
#6633 = VECTOR('',#6634,1.);
#6634 = DIRECTION('',(0.,0.,1.));
#6635 = PLANE('',#6636);
#6636 = AXIS2_PLACEMENT_3D('',#6637,#6638,#6639);
#6637 = CARTESIAN_POINT('',(-6.,-3.75,4.5));
#6638 = DIRECTION('',(0.,1.,0.));
#6639 = DIRECTION('',(-1.,0.,0.));
#6640 = ADVANCED_FACE('',(#6641),#6657,.T.);
#6641 = FACE_BOUND('',#6642,.T.);
#6642 = EDGE_LOOP('',(#6643,#6644,#6650,#6651));
#6643 = ORIENTED_EDGE('',*,*,#5052,.F.);
#6644 = ORIENTED_EDGE('',*,*,#6645,.F.);
#6645 = EDGE_CURVE('',#6580,#5045,#6646,.T.);
#6646 = LINE('',#6647,#6648);
#6647 = CARTESIAN_POINT('',(-6.3,-3.75,0.2));
#6648 = VECTOR('',#6649,1.);
#6649 = DIRECTION('',(0.281084637715,0.678598344546,-0.678598344546));
#6650 = ORIENTED_EDGE('',*,*,#6579,.T.);
#6651 = ORIENTED_EDGE('',*,*,#6652,.T.);
#6652 = EDGE_CURVE('',#6582,#5053,#6653,.T.);
#6653 = LINE('',#6654,#6655);
#6654 = CARTESIAN_POINT('',(-10.,-3.75,0.2));
#6655 = VECTOR('',#6656,1.);
#6656 = DIRECTION('',(0.57735026919,0.57735026919,-0.57735026919));
#6657 = PLANE('',#6658);
#6658 = AXIS2_PLACEMENT_3D('',#6659,#6660,#6661);
#6659 = CARTESIAN_POINT('',(-8.15,-3.65,0.1));
#6660 = DIRECTION('',(0.,-0.707106781187,-0.707106781187));
#6661 = DIRECTION('',(0.,-0.707106781187,0.707106781187));
#6662 = ADVANCED_FACE('',(#6663),#6674,.T.);
#6663 = FACE_BOUND('',#6664,.T.);
#6664 = EDGE_LOOP('',(#6665,#6671,#6672,#6673));
#6665 = ORIENTED_EDGE('',*,*,#6666,.T.);
#6666 = EDGE_CURVE('',#6582,#5746,#6667,.T.);
#6667 = LINE('',#6668,#6669);
#6668 = CARTESIAN_POINT('',(-10.,-3.75,0.2));
#6669 = VECTOR('',#6670,1.);
#6670 = DIRECTION('',(0.,1.,0.));
#6671 = ORIENTED_EDGE('',*,*,#5755,.F.);
#6672 = ORIENTED_EDGE('',*,*,#5060,.F.);
#6673 = ORIENTED_EDGE('',*,*,#6652,.F.);
#6674 = PLANE('',#6675);
#6675 = AXIS2_PLACEMENT_3D('',#6676,#6677,#6678);
#6676 = CARTESIAN_POINT('',(-9.9,2.375,0.1));
#6677 = DIRECTION('',(-0.707106781187,0.,-0.707106781187));
#6678 = DIRECTION('',(-0.707106781187,0.,0.707106781187));
#6679 = ADVANCED_FACE('',(#6680),#6686,.T.);
#6680 = FACE_BOUND('',#6681,.T.);
#6681 = EDGE_LOOP('',(#6682,#6683,#6684,#6685));
#6682 = ORIENTED_EDGE('',*,*,#6666,.F.);
#6683 = ORIENTED_EDGE('',*,*,#6630,.T.);
#6684 = ORIENTED_EDGE('',*,*,#5979,.F.);
#6685 = ORIENTED_EDGE('',*,*,#5770,.F.);
#6686 = PLANE('',#6687);
#6687 = AXIS2_PLACEMENT_3D('',#6688,#6689,#6690);
#6688 = CARTESIAN_POINT('',(-10.,9.5,4.5));
#6689 = DIRECTION('',(-1.,0.,0.));
#6690 = DIRECTION('',(0.,-1.,0.));
#6691 = ADVANCED_FACE('',(#6692),#6717,.T.);
#6692 = FACE_BOUND('',#6693,.T.);
#6693 = EDGE_LOOP('',(#6694,#6704,#6710,#6711));
#6694 = ORIENTED_EDGE('',*,*,#6695,.F.);
#6695 = EDGE_CURVE('',#6696,#6698,#6700,.T.);
#6696 = VERTEX_POINT('',#6697);
#6697 = CARTESIAN_POINT('',(-10.,-23.5,0.2));
#6698 = VERTEX_POINT('',#6699);
#6699 = CARTESIAN_POINT('',(-10.,-14.25,0.2));
#6700 = LINE('',#6701,#6702);
#6701 = CARTESIAN_POINT('',(-10.,-23.5,0.2));
#6702 = VECTOR('',#6703,1.);
#6703 = DIRECTION('',(0.,1.,0.));
#6704 = ORIENTED_EDGE('',*,*,#6705,.T.);
#6705 = EDGE_CURVE('',#6696,#5812,#6706,.T.);
#6706 = LINE('',#6707,#6708);
#6707 = CARTESIAN_POINT('',(-10.,-23.5,0.2));
#6708 = VECTOR('',#6709,1.);
#6709 = DIRECTION('',(0.,0.,1.));
#6710 = ORIENTED_EDGE('',*,*,#5811,.F.);
#6711 = ORIENTED_EDGE('',*,*,#6712,.T.);
#6712 = EDGE_CURVE('',#5804,#6698,#6713,.T.);
#6713 = LINE('',#6714,#6715);
#6714 = CARTESIAN_POINT('',(-10.,-14.25,5.));
#6715 = VECTOR('',#6716,1.);
#6716 = DIRECTION('',(0.,0.,-1.));
#6717 = PLANE('',#6718);
#6718 = AXIS2_PLACEMENT_3D('',#6719,#6720,#6721);
#6719 = CARTESIAN_POINT('',(-10.,9.5,4.5));
#6720 = DIRECTION('',(-1.,0.,0.));
#6721 = DIRECTION('',(0.,-1.,0.));
#6722 = ADVANCED_FACE('',(#6723),#6739,.T.);
#6723 = FACE_BOUND('',#6724,.T.);
#6724 = EDGE_LOOP('',(#6725,#6726,#6732,#6733));
#6725 = ORIENTED_EDGE('',*,*,#6695,.T.);
#6726 = ORIENTED_EDGE('',*,*,#6727,.F.);
#6727 = EDGE_CURVE('',#5013,#6698,#6728,.T.);
#6728 = LINE('',#6729,#6730);
#6729 = CARTESIAN_POINT('',(-9.8,-14.45,0.));
#6730 = VECTOR('',#6731,1.);
#6731 = DIRECTION('',(-0.57735026919,0.57735026919,0.57735026919));
#6732 = ORIENTED_EDGE('',*,*,#5012,.F.);
#6733 = ORIENTED_EDGE('',*,*,#6734,.F.);
#6734 = EDGE_CURVE('',#6696,#5005,#6735,.T.);
#6735 = LINE('',#6736,#6737);
#6736 = CARTESIAN_POINT('',(-10.,-23.5,0.2));
#6737 = VECTOR('',#6738,1.);
#6738 = DIRECTION('',(0.678598344546,0.281084637715,-0.678598344546));
#6739 = PLANE('',#6740);
#6740 = AXIS2_PLACEMENT_3D('',#6741,#6742,#6743);
#6741 = CARTESIAN_POINT('',(-9.9,-18.875,0.1));
#6742 = DIRECTION('',(-0.707106781187,0.,-0.707106781187));
#6743 = DIRECTION('',(-0.707106781187,0.,0.707106781187));
#6744 = ADVANCED_FACE('',(#6745),#6763,.T.);
#6745 = FACE_BOUND('',#6746,.T.);
#6746 = EDGE_LOOP('',(#6747,#6748,#6756,#6762));
#6747 = ORIENTED_EDGE('',*,*,#5004,.F.);
#6748 = ORIENTED_EDGE('',*,*,#6749,.T.);
#6749 = EDGE_CURVE('',#4997,#6750,#6752,.T.);
#6750 = VERTEX_POINT('',#6751);
#6751 = CARTESIAN_POINT('',(-9.,-24.5,0.2));
#6752 = LINE('',#6753,#6754);
#6753 = CARTESIAN_POINT('',(-8.917157287525,-24.3,0.));
#6754 = VECTOR('',#6755,1.);
#6755 = DIRECTION('',(-0.281084637715,-0.678598344546,0.678598344546));
#6756 = ORIENTED_EDGE('',*,*,#6757,.T.);
#6757 = EDGE_CURVE('',#6750,#6696,#6758,.T.);
#6758 = LINE('',#6759,#6760);
#6759 = CARTESIAN_POINT('',(-9.,-24.5,0.2));
#6760 = VECTOR('',#6761,1.);
#6761 = DIRECTION('',(-0.707106781187,0.707106781187,0.));
#6762 = ORIENTED_EDGE('',*,*,#6734,.T.);
#6763 = PLANE('',#6764);
#6764 = AXIS2_PLACEMENT_3D('',#6765,#6766,#6767);
#6765 = CARTESIAN_POINT('',(-9.429289321881,-23.92928932188,0.1));
#6766 = DIRECTION('',(-0.5,-0.5,-0.707106781187));
#6767 = DIRECTION('',(-0.5,-0.5,0.707106781186));
#6768 = ADVANCED_FACE('',(#6769),#6780,.T.);
#6769 = FACE_BOUND('',#6770,.T.);
#6770 = EDGE_LOOP('',(#6771,#6772,#6778,#6779));
#6771 = ORIENTED_EDGE('',*,*,#6757,.F.);
#6772 = ORIENTED_EDGE('',*,*,#6773,.T.);
#6773 = EDGE_CURVE('',#6750,#5820,#6774,.T.);
#6774 = LINE('',#6775,#6776);
#6775 = CARTESIAN_POINT('',(-9.,-24.5,0.2));
#6776 = VECTOR('',#6777,1.);
#6777 = DIRECTION('',(0.,0.,1.));
#6778 = ORIENTED_EDGE('',*,*,#5819,.F.);
#6779 = ORIENTED_EDGE('',*,*,#6705,.F.);
#6780 = PLANE('',#6781);
#6781 = AXIS2_PLACEMENT_3D('',#6782,#6783,#6784);
#6782 = CARTESIAN_POINT('',(-9.5,-24.,2.25));
#6783 = DIRECTION('',(-0.707106781187,-0.707106781187,0.));
#6784 = DIRECTION('',(-0.707106781187,0.707106781187,0.));
#6785 = ADVANCED_FACE('',(#6786),#6804,.T.);
#6786 = FACE_BOUND('',#6787,.T.);
#6787 = EDGE_LOOP('',(#6788,#6796,#6802,#6803));
#6788 = ORIENTED_EDGE('',*,*,#6789,.F.);
#6789 = EDGE_CURVE('',#6790,#6750,#6792,.T.);
#6790 = VERTEX_POINT('',#6791);
#6791 = CARTESIAN_POINT('',(9.,-24.5,0.2));
#6792 = LINE('',#6793,#6794);
#6793 = CARTESIAN_POINT('',(9.,-24.5,0.2));
#6794 = VECTOR('',#6795,1.);
#6795 = DIRECTION('',(-1.,0.,0.));
#6796 = ORIENTED_EDGE('',*,*,#6797,.T.);
#6797 = EDGE_CURVE('',#6790,#5828,#6798,.T.);
#6798 = LINE('',#6799,#6800);
#6799 = CARTESIAN_POINT('',(9.,-24.5,0.2));
#6800 = VECTOR('',#6801,1.);
#6801 = DIRECTION('',(0.,0.,1.));
#6802 = ORIENTED_EDGE('',*,*,#5827,.F.);
#6803 = ORIENTED_EDGE('',*,*,#6773,.F.);
#6804 = PLANE('',#6805);
#6805 = AXIS2_PLACEMENT_3D('',#6806,#6807,#6808);
#6806 = CARTESIAN_POINT('',(-10.,-24.5,4.5));
#6807 = DIRECTION('',(0.,-1.,0.));
#6808 = DIRECTION('',(1.,0.,0.));
#6809 = ADVANCED_FACE('',(#6810),#6821,.T.);
#6810 = FACE_BOUND('',#6811,.T.);
#6811 = EDGE_LOOP('',(#6812,#6813,#6814,#6815));
#6812 = ORIENTED_EDGE('',*,*,#6789,.T.);
#6813 = ORIENTED_EDGE('',*,*,#6749,.F.);
#6814 = ORIENTED_EDGE('',*,*,#4996,.F.);
#6815 = ORIENTED_EDGE('',*,*,#6816,.F.);
#6816 = EDGE_CURVE('',#6790,#4989,#6817,.T.);
#6817 = LINE('',#6818,#6819);
#6818 = CARTESIAN_POINT('',(9.,-24.5,0.2));
#6819 = VECTOR('',#6820,1.);
#6820 = DIRECTION('',(-0.281084637715,0.678598344546,-0.678598344546));
#6821 = PLANE('',#6822);
#6822 = AXIS2_PLACEMENT_3D('',#6823,#6824,#6825);
#6823 = CARTESIAN_POINT('',(1.066E-14,-24.4,0.1));
#6824 = DIRECTION('',(0.,-0.707106781187,-0.707106781187));
#6825 = DIRECTION('',(0.,-0.707106781187,0.707106781187));
#6826 = ADVANCED_FACE('',(#6827),#6845,.T.);
#6827 = FACE_BOUND('',#6828,.T.);
#6828 = EDGE_LOOP('',(#6829,#6830,#6838,#6844));
#6829 = ORIENTED_EDGE('',*,*,#4988,.F.);
#6830 = ORIENTED_EDGE('',*,*,#6831,.T.);
#6831 = EDGE_CURVE('',#4981,#6832,#6834,.T.);
#6832 = VERTEX_POINT('',#6833);
#6833 = CARTESIAN_POINT('',(10.,-23.5,0.2));
#6834 = LINE('',#6835,#6836);
#6835 = CARTESIAN_POINT('',(9.8,-23.41715728753,0.));
#6836 = VECTOR('',#6837,1.);
#6837 = DIRECTION('',(0.678598344546,-0.281084637715,0.678598344546));
#6838 = ORIENTED_EDGE('',*,*,#6839,.T.);
#6839 = EDGE_CURVE('',#6832,#6790,#6840,.T.);
#6840 = LINE('',#6841,#6842);
#6841 = CARTESIAN_POINT('',(10.,-23.5,0.2));
#6842 = VECTOR('',#6843,1.);
#6843 = DIRECTION('',(-0.707106781187,-0.707106781187,0.));
#6844 = ORIENTED_EDGE('',*,*,#6816,.T.);
#6845 = PLANE('',#6846);
#6846 = AXIS2_PLACEMENT_3D('',#6847,#6848,#6849);
#6847 = CARTESIAN_POINT('',(9.429289321881,-23.92928932188,0.1));
#6848 = DIRECTION('',(0.5,-0.5,-0.707106781187));
#6849 = DIRECTION('',(0.5,-0.5,0.707106781186));
#6850 = ADVANCED_FACE('',(#6851),#6862,.T.);
#6851 = FACE_BOUND('',#6852,.T.);
#6852 = EDGE_LOOP('',(#6853,#6854,#6860,#6861));
#6853 = ORIENTED_EDGE('',*,*,#6839,.F.);
#6854 = ORIENTED_EDGE('',*,*,#6855,.T.);
#6855 = EDGE_CURVE('',#6832,#5836,#6856,.T.);
#6856 = LINE('',#6857,#6858);
#6857 = CARTESIAN_POINT('',(10.,-23.5,0.2));
#6858 = VECTOR('',#6859,1.);
#6859 = DIRECTION('',(0.,0.,1.));
#6860 = ORIENTED_EDGE('',*,*,#5835,.F.);
#6861 = ORIENTED_EDGE('',*,*,#6797,.F.);
#6862 = PLANE('',#6863);
#6863 = AXIS2_PLACEMENT_3D('',#6864,#6865,#6866);
#6864 = CARTESIAN_POINT('',(9.5,-24.,2.25));
#6865 = DIRECTION('',(0.707106781187,-0.707106781187,0.));
#6866 = DIRECTION('',(-0.707106781187,-0.707106781187,0.));
#6867 = ADVANCED_FACE('',(#6868),#6886,.T.);
#6868 = FACE_BOUND('',#6869,.T.);
#6869 = EDGE_LOOP('',(#6870,#6878,#6884,#6885));
#6870 = ORIENTED_EDGE('',*,*,#6871,.F.);
#6871 = EDGE_CURVE('',#6872,#6832,#6874,.T.);
#6872 = VERTEX_POINT('',#6873);
#6873 = CARTESIAN_POINT('',(10.,-14.25,0.2));
#6874 = LINE('',#6875,#6876);
#6875 = CARTESIAN_POINT('',(10.,-14.25,0.2));
#6876 = VECTOR('',#6877,1.);
#6877 = DIRECTION('',(0.,-1.,0.));
#6878 = ORIENTED_EDGE('',*,*,#6879,.T.);
#6879 = EDGE_CURVE('',#6872,#5844,#6880,.T.);
#6880 = LINE('',#6881,#6882);
#6881 = CARTESIAN_POINT('',(10.,-14.25,0.2));
#6882 = VECTOR('',#6883,1.);
#6883 = DIRECTION('',(0.,0.,1.));
#6884 = ORIENTED_EDGE('',*,*,#5843,.F.);
#6885 = ORIENTED_EDGE('',*,*,#6855,.F.);
#6886 = PLANE('',#6887);
#6887 = AXIS2_PLACEMENT_3D('',#6888,#6889,#6890);
#6888 = CARTESIAN_POINT('',(10.,-24.5,4.5));
#6889 = DIRECTION('',(1.,0.,0.));
#6890 = DIRECTION('',(-0.,1.,0.));
#6891 = ADVANCED_FACE('',(#6892),#6917,.T.);
#6892 = FACE_BOUND('',#6893,.T.);
#6893 = EDGE_LOOP('',(#6894,#6904,#6910,#6911));
#6894 = ORIENTED_EDGE('',*,*,#6895,.F.);
#6895 = EDGE_CURVE('',#6896,#6898,#6900,.T.);
#6896 = VERTEX_POINT('',#6897);
#6897 = CARTESIAN_POINT('',(10.,8.5,0.2));
#6898 = VERTEX_POINT('',#6899);
#6899 = CARTESIAN_POINT('',(10.,-3.75,0.2));
#6900 = LINE('',#6901,#6902);
#6901 = CARTESIAN_POINT('',(10.,8.5,0.2));
#6902 = VECTOR('',#6903,1.);
#6903 = DIRECTION('',(0.,-1.,0.));
#6904 = ORIENTED_EDGE('',*,*,#6905,.T.);
#6905 = EDGE_CURVE('',#6896,#5964,#6906,.T.);
#6906 = LINE('',#6907,#6908);
#6907 = CARTESIAN_POINT('',(10.,8.5,0.2));
#6908 = VECTOR('',#6909,1.);
#6909 = DIRECTION('',(0.,0.,1.));
#6910 = ORIENTED_EDGE('',*,*,#5963,.F.);
#6911 = ORIENTED_EDGE('',*,*,#6912,.T.);
#6912 = EDGE_CURVE('',#5956,#6898,#6913,.T.);
#6913 = LINE('',#6914,#6915);
#6914 = CARTESIAN_POINT('',(10.,-3.75,5.));
#6915 = VECTOR('',#6916,1.);
#6916 = DIRECTION('',(0.,0.,-1.));
#6917 = PLANE('',#6918);
#6918 = AXIS2_PLACEMENT_3D('',#6919,#6920,#6921);
#6919 = CARTESIAN_POINT('',(10.,-24.5,4.5));
#6920 = DIRECTION('',(1.,0.,0.));
#6921 = DIRECTION('',(-0.,1.,0.));
#6922 = ADVANCED_FACE('',(#6923),#6934,.T.);
#6923 = FACE_BOUND('',#6924,.T.);
#6924 = EDGE_LOOP('',(#6925,#6926,#6927,#6928));
#6925 = ORIENTED_EDGE('',*,*,#6871,.T.);
#6926 = ORIENTED_EDGE('',*,*,#6831,.F.);
#6927 = ORIENTED_EDGE('',*,*,#4980,.F.);
#6928 = ORIENTED_EDGE('',*,*,#6929,.F.);
#6929 = EDGE_CURVE('',#6872,#4973,#6930,.T.);
#6930 = LINE('',#6931,#6932);
#6931 = CARTESIAN_POINT('',(10.,-14.25,0.2));
#6932 = VECTOR('',#6933,1.);
#6933 = DIRECTION('',(-0.57735026919,-0.57735026919,-0.57735026919));
#6934 = PLANE('',#6935);
#6935 = AXIS2_PLACEMENT_3D('',#6936,#6937,#6938);
#6936 = CARTESIAN_POINT('',(9.9,-18.875,0.1));
#6937 = DIRECTION('',(0.707106781187,0.,-0.707106781187));
#6938 = DIRECTION('',(0.707106781187,0.,0.707106781187));
#6939 = ADVANCED_FACE('',(#6940),#6958,.T.);
#6940 = FACE_BOUND('',#6941,.T.);
#6941 = EDGE_LOOP('',(#6942,#6943,#6951,#6957));
#6942 = ORIENTED_EDGE('',*,*,#4972,.F.);
#6943 = ORIENTED_EDGE('',*,*,#6944,.F.);
#6944 = EDGE_CURVE('',#6945,#4965,#6947,.T.);
#6945 = VERTEX_POINT('',#6946);
#6946 = CARTESIAN_POINT('',(6.3,-14.25,0.2));
#6947 = LINE('',#6948,#6949);
#6948 = CARTESIAN_POINT('',(6.3,-14.25,0.2));
#6949 = VECTOR('',#6950,1.);
#6950 = DIRECTION('',(-0.281084637715,-0.678598344546,-0.678598344546));
#6951 = ORIENTED_EDGE('',*,*,#6952,.T.);
#6952 = EDGE_CURVE('',#6945,#6872,#6953,.T.);
#6953 = LINE('',#6954,#6955);
#6954 = CARTESIAN_POINT('',(6.3,-14.25,0.2));
#6955 = VECTOR('',#6956,1.);
#6956 = DIRECTION('',(1.,0.,0.));
#6957 = ORIENTED_EDGE('',*,*,#6929,.T.);
#6958 = PLANE('',#6959);
#6959 = AXIS2_PLACEMENT_3D('',#6960,#6961,#6962);
#6960 = CARTESIAN_POINT('',(8.15,-14.35,0.1));
#6961 = DIRECTION('',(0.,0.707106781187,-0.707106781187));
#6962 = DIRECTION('',(0.,0.707106781187,0.707106781187));
#6963 = ADVANCED_FACE('',(#6964),#7014,.F.);
#6964 = FACE_BOUND('',#6965,.T.);
#6965 = EDGE_LOOP('',(#6966,#6967,#6975,#6983,#6991,#6999,#7005,#7006,
    #7012,#7013));
#6966 = ORIENTED_EDGE('',*,*,#6952,.F.);
#6967 = ORIENTED_EDGE('',*,*,#6968,.T.);
#6968 = EDGE_CURVE('',#6945,#6969,#6971,.T.);
#6969 = VERTEX_POINT('',#6970);
#6970 = CARTESIAN_POINT('',(6.3,-14.25,2.3));
#6971 = LINE('',#6972,#6973);
#6972 = CARTESIAN_POINT('',(6.3,-14.25,0.2));
#6973 = VECTOR('',#6974,1.);
#6974 = DIRECTION('',(0.,0.,1.));
#6975 = ORIENTED_EDGE('',*,*,#6976,.T.);
#6976 = EDGE_CURVE('',#6969,#6977,#6979,.T.);
#6977 = VERTEX_POINT('',#6978);
#6978 = CARTESIAN_POINT('',(6.5,-14.25,2.5));
#6979 = LINE('',#6980,#6981);
#6980 = CARTESIAN_POINT('',(6.3,-14.25,2.3));
#6981 = VECTOR('',#6982,1.);
#6982 = DIRECTION('',(0.707106781187,0.,0.707106781187));
#6983 = ORIENTED_EDGE('',*,*,#6984,.F.);
#6984 = EDGE_CURVE('',#6985,#6977,#6987,.T.);
#6985 = VERTEX_POINT('',#6986);
#6986 = CARTESIAN_POINT('',(6.5,-14.25,3.1));
#6987 = LINE('',#6988,#6989);
#6988 = CARTESIAN_POINT('',(6.5,-14.25,3.1));
#6989 = VECTOR('',#6990,1.);
#6990 = DIRECTION('',(0.,0.,-1.));
#6991 = ORIENTED_EDGE('',*,*,#6992,.F.);
#6992 = EDGE_CURVE('',#6993,#6985,#6995,.T.);
#6993 = VERTEX_POINT('',#6994);
#6994 = CARTESIAN_POINT('',(6.3,-14.25,3.1));
#6995 = LINE('',#6996,#6997);
#6996 = CARTESIAN_POINT('',(6.3,-14.25,3.1));
#6997 = VECTOR('',#6998,1.);
#6998 = DIRECTION('',(1.,0.,0.));
#6999 = ORIENTED_EDGE('',*,*,#7000,.T.);
#7000 = EDGE_CURVE('',#6993,#6155,#7001,.T.);
#7001 = LINE('',#7002,#7003);
#7002 = CARTESIAN_POINT('',(6.3,-14.25,3.1));
#7003 = VECTOR('',#7004,1.);
#7004 = DIRECTION('',(0.,0.,1.));
#7005 = ORIENTED_EDGE('',*,*,#6154,.F.);
#7006 = ORIENTED_EDGE('',*,*,#7007,.F.);
#7007 = EDGE_CURVE('',#5852,#6147,#7008,.T.);
#7008 = LINE('',#7009,#7010);
#7009 = CARTESIAN_POINT('',(9.5,-14.25,5.));
#7010 = VECTOR('',#7011,1.);
#7011 = DIRECTION('',(0.,0.,1.));
#7012 = ORIENTED_EDGE('',*,*,#5851,.T.);
#7013 = ORIENTED_EDGE('',*,*,#6879,.F.);
#7014 = PLANE('',#7015);
#7015 = AXIS2_PLACEMENT_3D('',#7016,#7017,#7018);
#7016 = CARTESIAN_POINT('',(6.,-14.25,4.5));
#7017 = DIRECTION('',(0.,-1.,0.));
#7018 = DIRECTION('',(1.,0.,0.));
#7019 = ADVANCED_FACE('',(#7020),#7026,.T.);
#7020 = FACE_BOUND('',#7021,.T.);
#7021 = EDGE_LOOP('',(#7022,#7023,#7024,#7025));
#7022 = ORIENTED_EDGE('',*,*,#6344,.T.);
#7023 = ORIENTED_EDGE('',*,*,#5859,.T.);
#7024 = ORIENTED_EDGE('',*,*,#7007,.T.);
#7025 = ORIENTED_EDGE('',*,*,#6146,.F.);
#7026 = PLANE('',#7027);
#7027 = AXIS2_PLACEMENT_3D('',#7028,#7029,#7030);
#7028 = CARTESIAN_POINT('',(9.5,-14.95,4.5));
#7029 = DIRECTION('',(1.,0.,0.));
#7030 = DIRECTION('',(-0.,1.,0.));
#7031 = ADVANCED_FACE('',(#7032),#7050,.T.);
#7032 = FACE_BOUND('',#7033,.T.);
#7033 = EDGE_LOOP('',(#7034,#7042,#7043,#7044));
#7034 = ORIENTED_EDGE('',*,*,#7035,.T.);
#7035 = EDGE_CURVE('',#7036,#6163,#7038,.T.);
#7036 = VERTEX_POINT('',#7037);
#7037 = CARTESIAN_POINT('',(6.,-13.95,3.1));
#7038 = LINE('',#7039,#7040);
#7039 = CARTESIAN_POINT('',(6.,-13.95,3.1));
#7040 = VECTOR('',#7041,1.);
#7041 = DIRECTION('',(0.,0.,1.));
#7042 = ORIENTED_EDGE('',*,*,#6162,.F.);
#7043 = ORIENTED_EDGE('',*,*,#7000,.F.);
#7044 = ORIENTED_EDGE('',*,*,#7045,.F.);
#7045 = EDGE_CURVE('',#7036,#6993,#7046,.T.);
#7046 = LINE('',#7047,#7048);
#7047 = CARTESIAN_POINT('',(6.,-13.95,3.1));
#7048 = VECTOR('',#7049,1.);
#7049 = DIRECTION('',(0.707106781187,-0.707106781187,0.));
#7050 = PLANE('',#7051);
#7051 = AXIS2_PLACEMENT_3D('',#7052,#7053,#7054);
#7052 = CARTESIAN_POINT('',(6.15,-14.1,5.35));
#7053 = DIRECTION('',(0.707106781187,0.707106781187,0.));
#7054 = DIRECTION('',(-0.707106781187,0.707106781187,0.));
#7055 = ADVANCED_FACE('',(#7056),#7138,.F.);
#7056 = FACE_BOUND('',#7057,.T.);
#7057 = EDGE_LOOP('',(#7058,#7068,#7076,#7084,#7092,#7100,#7106,#7107,
    #7108,#7116,#7124,#7132));
#7058 = ORIENTED_EDGE('',*,*,#7059,.F.);
#7059 = EDGE_CURVE('',#7060,#7062,#7064,.T.);
#7060 = VERTEX_POINT('',#7061);
#7061 = CARTESIAN_POINT('',(6.,-4.05,0.2));
#7062 = VERTEX_POINT('',#7063);
#7063 = CARTESIAN_POINT('',(6.,-13.95,0.2));
#7064 = LINE('',#7065,#7066);
#7065 = CARTESIAN_POINT('',(6.,-4.05,0.2));
#7066 = VECTOR('',#7067,1.);
#7067 = DIRECTION('',(0.,-1.,0.));
#7068 = ORIENTED_EDGE('',*,*,#7069,.T.);
#7069 = EDGE_CURVE('',#7060,#7070,#7072,.T.);
#7070 = VERTEX_POINT('',#7071);
#7071 = CARTESIAN_POINT('',(6.,-4.05,2.));
#7072 = LINE('',#7073,#7074);
#7073 = CARTESIAN_POINT('',(6.,-4.05,0.2));
#7074 = VECTOR('',#7075,1.);
#7075 = DIRECTION('',(0.,0.,1.));
#7076 = ORIENTED_EDGE('',*,*,#7077,.F.);
#7077 = EDGE_CURVE('',#7078,#7070,#7080,.T.);
#7078 = VERTEX_POINT('',#7079);
#7079 = CARTESIAN_POINT('',(6.,-5.25,2.));
#7080 = LINE('',#7081,#7082);
#7081 = CARTESIAN_POINT('',(6.,-5.25,2.));
#7082 = VECTOR('',#7083,1.);
#7083 = DIRECTION('',(0.,1.,0.));
#7084 = ORIENTED_EDGE('',*,*,#7085,.T.);
#7085 = EDGE_CURVE('',#7078,#7086,#7088,.T.);
#7086 = VERTEX_POINT('',#7087);
#7087 = CARTESIAN_POINT('',(6.,-5.25,3.1));
#7088 = LINE('',#7089,#7090);
#7089 = CARTESIAN_POINT('',(6.,-5.25,2.));
#7090 = VECTOR('',#7091,1.);
#7091 = DIRECTION('',(0.,0.,1.));
#7092 = ORIENTED_EDGE('',*,*,#7093,.F.);
#7093 = EDGE_CURVE('',#7094,#7086,#7096,.T.);
#7094 = VERTEX_POINT('',#7095);
#7095 = CARTESIAN_POINT('',(6.,-4.05,3.1));
#7096 = LINE('',#7097,#7098);
#7097 = CARTESIAN_POINT('',(6.,-4.05,3.1));
#7098 = VECTOR('',#7099,1.);
#7099 = DIRECTION('',(0.,-1.,0.));
#7100 = ORIENTED_EDGE('',*,*,#7101,.T.);
#7101 = EDGE_CURVE('',#7094,#6171,#7102,.T.);
#7102 = LINE('',#7103,#7104);
#7103 = CARTESIAN_POINT('',(6.,-4.05,3.1));
#7104 = VECTOR('',#7105,1.);
#7105 = DIRECTION('',(0.,0.,1.));
#7106 = ORIENTED_EDGE('',*,*,#6170,.F.);
#7107 = ORIENTED_EDGE('',*,*,#7035,.F.);
#7108 = ORIENTED_EDGE('',*,*,#7109,.T.);
#7109 = EDGE_CURVE('',#7036,#7110,#7112,.T.);
#7110 = VERTEX_POINT('',#7111);
#7111 = CARTESIAN_POINT('',(6.,-12.75,3.1));
#7112 = LINE('',#7113,#7114);
#7113 = CARTESIAN_POINT('',(6.,-13.95,3.1));
#7114 = VECTOR('',#7115,1.);
#7115 = DIRECTION('',(0.,1.,0.));
#7116 = ORIENTED_EDGE('',*,*,#7117,.T.);
#7117 = EDGE_CURVE('',#7110,#7118,#7120,.T.);
#7118 = VERTEX_POINT('',#7119);
#7119 = CARTESIAN_POINT('',(6.,-12.75,2.));
#7120 = LINE('',#7121,#7122);
#7121 = CARTESIAN_POINT('',(6.,-12.75,3.1));
#7122 = VECTOR('',#7123,1.);
#7123 = DIRECTION('',(0.,0.,-1.));
#7124 = ORIENTED_EDGE('',*,*,#7125,.F.);
#7125 = EDGE_CURVE('',#7126,#7118,#7128,.T.);
#7126 = VERTEX_POINT('',#7127);
#7127 = CARTESIAN_POINT('',(6.,-13.95,2.));
#7128 = LINE('',#7129,#7130);
#7129 = CARTESIAN_POINT('',(6.,-13.95,2.));
#7130 = VECTOR('',#7131,1.);
#7131 = DIRECTION('',(0.,1.,0.));
#7132 = ORIENTED_EDGE('',*,*,#7133,.F.);
#7133 = EDGE_CURVE('',#7062,#7126,#7134,.T.);
#7134 = LINE('',#7135,#7136);
#7135 = CARTESIAN_POINT('',(6.,-13.95,0.2));
#7136 = VECTOR('',#7137,1.);
#7137 = DIRECTION('',(0.,0.,1.));
#7138 = PLANE('',#7139);
#7139 = AXIS2_PLACEMENT_3D('',#7140,#7141,#7142);
#7140 = CARTESIAN_POINT('',(6.,-3.75,4.5));
#7141 = DIRECTION('',(-1.,0.,0.));
#7142 = DIRECTION('',(0.,-1.,0.));
#7143 = ADVANCED_FACE('',(#7144),#7160,.T.);
#7144 = FACE_BOUND('',#7145,.T.);
#7145 = EDGE_LOOP('',(#7146,#7147,#7153,#7154));
#7146 = ORIENTED_EDGE('',*,*,#7059,.T.);
#7147 = ORIENTED_EDGE('',*,*,#7148,.T.);
#7148 = EDGE_CURVE('',#7062,#4957,#7149,.T.);
#7149 = LINE('',#7150,#7151);
#7150 = CARTESIAN_POINT('',(6.,-13.95,0.2));
#7151 = VECTOR('',#7152,1.);
#7152 = DIRECTION('',(-0.678598344546,-0.281084637715,-0.678598344546));
#7153 = ORIENTED_EDGE('',*,*,#4956,.F.);
#7154 = ORIENTED_EDGE('',*,*,#7155,.F.);
#7155 = EDGE_CURVE('',#7060,#4949,#7156,.T.);
#7156 = LINE('',#7157,#7158);
#7157 = CARTESIAN_POINT('',(6.,-4.05,0.2));
#7158 = VECTOR('',#7159,1.);
#7159 = DIRECTION('',(-0.678598344546,0.281084637715,-0.678598344546));
#7160 = PLANE('',#7161);
#7161 = AXIS2_PLACEMENT_3D('',#7162,#7163,#7164);
#7162 = CARTESIAN_POINT('',(5.9,-9.,0.1));
#7163 = DIRECTION('',(0.707106781187,0.,-0.707106781187));
#7164 = DIRECTION('',(0.707106781187,0.,0.707106781187));
#7165 = ADVANCED_FACE('',(#7166),#7184,.T.);
#7166 = FACE_BOUND('',#7167,.T.);
#7167 = EDGE_LOOP('',(#7168,#7169,#7177,#7183));
#7168 = ORIENTED_EDGE('',*,*,#4948,.T.);
#7169 = ORIENTED_EDGE('',*,*,#7170,.F.);
#7170 = EDGE_CURVE('',#7171,#4941,#7173,.T.);
#7171 = VERTEX_POINT('',#7172);
#7172 = CARTESIAN_POINT('',(6.3,-3.75,0.2));
#7173 = LINE('',#7174,#7175);
#7174 = CARTESIAN_POINT('',(6.3,-3.75,0.2));
#7175 = VECTOR('',#7176,1.);
#7176 = DIRECTION('',(-0.281084637715,0.678598344546,-0.678598344546));
#7177 = ORIENTED_EDGE('',*,*,#7178,.F.);
#7178 = EDGE_CURVE('',#7060,#7171,#7179,.T.);
#7179 = LINE('',#7180,#7181);
#7180 = CARTESIAN_POINT('',(6.,-4.05,0.2));
#7181 = VECTOR('',#7182,1.);
#7182 = DIRECTION('',(0.707106781187,0.707106781187,0.));
#7183 = ORIENTED_EDGE('',*,*,#7155,.T.);
#7184 = PLANE('',#7185);
#7185 = AXIS2_PLACEMENT_3D('',#7186,#7187,#7188);
#7186 = CARTESIAN_POINT('',(6.079289321881,-3.829289321881,0.1));
#7187 = DIRECTION('',(0.5,-0.5,-0.707106781187));
#7188 = DIRECTION('',(-0.5,0.5,-0.707106781186));
#7189 = ADVANCED_FACE('',(#7190),#7208,.T.);
#7190 = FACE_BOUND('',#7191,.T.);
#7191 = EDGE_LOOP('',(#7192,#7193,#7201,#7207));
#7192 = ORIENTED_EDGE('',*,*,#7178,.T.);
#7193 = ORIENTED_EDGE('',*,*,#7194,.T.);
#7194 = EDGE_CURVE('',#7171,#7195,#7197,.T.);
#7195 = VERTEX_POINT('',#7196);
#7196 = CARTESIAN_POINT('',(6.3,-3.75,2.3));
#7197 = LINE('',#7198,#7199);
#7198 = CARTESIAN_POINT('',(6.3,-3.75,0.2));
#7199 = VECTOR('',#7200,1.);
#7200 = DIRECTION('',(0.,0.,1.));
#7201 = ORIENTED_EDGE('',*,*,#7202,.F.);
#7202 = EDGE_CURVE('',#7070,#7195,#7203,.T.);
#7203 = LINE('',#7204,#7205);
#7204 = CARTESIAN_POINT('',(6.,-4.05,2.));
#7205 = VECTOR('',#7206,1.);
#7206 = DIRECTION('',(0.57735026919,0.57735026919,0.57735026919));
#7207 = ORIENTED_EDGE('',*,*,#7069,.F.);
#7208 = PLANE('',#7209);
#7209 = AXIS2_PLACEMENT_3D('',#7210,#7211,#7212);
#7210 = CARTESIAN_POINT('',(6.15,-3.9,1.));
#7211 = DIRECTION('',(0.707106781187,-0.707106781187,0.));
#7212 = DIRECTION('',(0.707106781187,0.707106781187,0.));
#7213 = ADVANCED_FACE('',(#7214),#7240,.T.);
#7214 = FACE_BOUND('',#7215,.T.);
#7215 = EDGE_LOOP('',(#7216,#7217,#7225,#7233,#7239));
#7216 = ORIENTED_EDGE('',*,*,#7202,.T.);
#7217 = ORIENTED_EDGE('',*,*,#7218,.F.);
#7218 = EDGE_CURVE('',#7219,#7195,#7221,.T.);
#7219 = VERTEX_POINT('',#7220);
#7220 = CARTESIAN_POINT('',(6.5,-3.75,2.5));
#7221 = LINE('',#7222,#7223);
#7222 = CARTESIAN_POINT('',(6.5,-3.75,2.5));
#7223 = VECTOR('',#7224,1.);
#7224 = DIRECTION('',(-0.707106781187,0.,-0.707106781187));
#7225 = ORIENTED_EDGE('',*,*,#7226,.F.);
#7226 = EDGE_CURVE('',#7227,#7219,#7229,.T.);
#7227 = VERTEX_POINT('',#7228);
#7228 = CARTESIAN_POINT('',(6.5,-5.25,2.5));
#7229 = LINE('',#7230,#7231);
#7230 = CARTESIAN_POINT('',(6.5,-5.25,2.5));
#7231 = VECTOR('',#7232,1.);
#7232 = DIRECTION('',(0.,1.,0.));
#7233 = ORIENTED_EDGE('',*,*,#7234,.F.);
#7234 = EDGE_CURVE('',#7078,#7227,#7235,.T.);
#7235 = LINE('',#7236,#7237);
#7236 = CARTESIAN_POINT('',(6.,-5.25,2.));
#7237 = VECTOR('',#7238,1.);
#7238 = DIRECTION('',(0.707106781187,0.,0.707106781187));
#7239 = ORIENTED_EDGE('',*,*,#7077,.T.);
#7240 = PLANE('',#7241);
#7241 = AXIS2_PLACEMENT_3D('',#7242,#7243,#7244);
#7242 = CARTESIAN_POINT('',(6.25,-4.5,2.25));
#7243 = DIRECTION('',(0.707106781187,0.,-0.707106781187));
#7244 = DIRECTION('',(-0.707106781187,0.,-0.707106781187));
#7245 = ADVANCED_FACE('',(#7246),#7264,.F.);
#7246 = FACE_BOUND('',#7247,.T.);
#7247 = EDGE_LOOP('',(#7248,#7256,#7262,#7263));
#7248 = ORIENTED_EDGE('',*,*,#7249,.T.);
#7249 = EDGE_CURVE('',#7227,#7250,#7252,.T.);
#7250 = VERTEX_POINT('',#7251);
#7251 = CARTESIAN_POINT('',(6.5,-5.25,3.1));
#7252 = LINE('',#7253,#7254);
#7253 = CARTESIAN_POINT('',(6.5,-5.25,2.5));
#7254 = VECTOR('',#7255,1.);
#7255 = DIRECTION('',(0.,0.,1.));
#7256 = ORIENTED_EDGE('',*,*,#7257,.F.);
#7257 = EDGE_CURVE('',#7086,#7250,#7258,.T.);
#7258 = LINE('',#7259,#7260);
#7259 = CARTESIAN_POINT('',(6.,-5.25,3.1));
#7260 = VECTOR('',#7261,1.);
#7261 = DIRECTION('',(1.,0.,0.));
#7262 = ORIENTED_EDGE('',*,*,#7085,.F.);
#7263 = ORIENTED_EDGE('',*,*,#7234,.T.);
#7264 = PLANE('',#7265);
#7265 = AXIS2_PLACEMENT_3D('',#7266,#7267,#7268);
#7266 = CARTESIAN_POINT('',(6.,-5.25,2.5));
#7267 = DIRECTION('',(0.,1.,0.));
#7268 = DIRECTION('',(0.,-0.,1.));
#7269 = ADVANCED_FACE('',(#7270),#7288,.F.);
#7270 = FACE_BOUND('',#7271,.T.);
#7271 = EDGE_LOOP('',(#7272,#7273,#7281,#7287));
#7272 = ORIENTED_EDGE('',*,*,#7226,.T.);
#7273 = ORIENTED_EDGE('',*,*,#7274,.F.);
#7274 = EDGE_CURVE('',#7275,#7219,#7277,.T.);
#7275 = VERTEX_POINT('',#7276);
#7276 = CARTESIAN_POINT('',(6.5,-3.75,3.1));
#7277 = LINE('',#7278,#7279);
#7278 = CARTESIAN_POINT('',(6.5,-3.75,3.1));
#7279 = VECTOR('',#7280,1.);
#7280 = DIRECTION('',(0.,0.,-1.));
#7281 = ORIENTED_EDGE('',*,*,#7282,.F.);
#7282 = EDGE_CURVE('',#7250,#7275,#7283,.T.);
#7283 = LINE('',#7284,#7285);
#7284 = CARTESIAN_POINT('',(6.5,-5.25,3.1));
#7285 = VECTOR('',#7286,1.);
#7286 = DIRECTION('',(0.,1.,0.));
#7287 = ORIENTED_EDGE('',*,*,#7249,.F.);
#7288 = PLANE('',#7289);
#7289 = AXIS2_PLACEMENT_3D('',#7290,#7291,#7292);
#7290 = CARTESIAN_POINT('',(6.5,0.,4.5));
#7291 = DIRECTION('',(-1.,0.,0.));
#7292 = DIRECTION('',(0.,1.,0.));
#7293 = ADVANCED_FACE('',(#7294),#7319,.F.);
#7294 = FACE_BOUND('',#7295,.T.);
#7295 = EDGE_LOOP('',(#7296,#7304,#7312,#7318));
#7296 = ORIENTED_EDGE('',*,*,#7297,.T.);
#7297 = EDGE_CURVE('',#6977,#7298,#7300,.T.);
#7298 = VERTEX_POINT('',#7299);
#7299 = CARTESIAN_POINT('',(6.5,-12.75,2.5));
#7300 = LINE('',#7301,#7302);
#7301 = CARTESIAN_POINT('',(6.5,-14.25,2.5));
#7302 = VECTOR('',#7303,1.);
#7303 = DIRECTION('',(0.,1.,0.));
#7304 = ORIENTED_EDGE('',*,*,#7305,.F.);
#7305 = EDGE_CURVE('',#7306,#7298,#7308,.T.);
#7306 = VERTEX_POINT('',#7307);
#7307 = CARTESIAN_POINT('',(6.5,-12.75,3.1));
#7308 = LINE('',#7309,#7310);
#7309 = CARTESIAN_POINT('',(6.5,-12.75,3.1));
#7310 = VECTOR('',#7311,1.);
#7311 = DIRECTION('',(0.,0.,-1.));
#7312 = ORIENTED_EDGE('',*,*,#7313,.F.);
#7313 = EDGE_CURVE('',#6985,#7306,#7314,.T.);
#7314 = LINE('',#7315,#7316);
#7315 = CARTESIAN_POINT('',(6.5,-14.25,3.1));
#7316 = VECTOR('',#7317,1.);
#7317 = DIRECTION('',(0.,1.,0.));
#7318 = ORIENTED_EDGE('',*,*,#6984,.T.);
#7319 = PLANE('',#7320);
#7320 = AXIS2_PLACEMENT_3D('',#7321,#7322,#7323);
#7321 = CARTESIAN_POINT('',(6.5,0.,4.5));
#7322 = DIRECTION('',(-1.,0.,0.));
#7323 = DIRECTION('',(0.,1.,0.));
#7324 = ADVANCED_FACE('',(#7325),#7344,.F.);
#7325 = FACE_BOUND('',#7326,.T.);
#7326 = EDGE_LOOP('',(#7327,#7335,#7336,#7337,#7338));
#7327 = ORIENTED_EDGE('',*,*,#7328,.T.);
#7328 = EDGE_CURVE('',#7329,#7094,#7331,.T.);
#7329 = VERTEX_POINT('',#7330);
#7330 = CARTESIAN_POINT('',(6.3,-3.75,3.1));
#7331 = LINE('',#7332,#7333);
#7332 = CARTESIAN_POINT('',(6.3,-3.75,3.1));
#7333 = VECTOR('',#7334,1.);
#7334 = DIRECTION('',(-0.707106781187,-0.707106781187,0.));
#7335 = ORIENTED_EDGE('',*,*,#7093,.T.);
#7336 = ORIENTED_EDGE('',*,*,#7257,.T.);
#7337 = ORIENTED_EDGE('',*,*,#7282,.T.);
#7338 = ORIENTED_EDGE('',*,*,#7339,.F.);
#7339 = EDGE_CURVE('',#7329,#7275,#7340,.T.);
#7340 = LINE('',#7341,#7342);
#7341 = CARTESIAN_POINT('',(6.3,-3.75,3.1));
#7342 = VECTOR('',#7343,1.);
#7343 = DIRECTION('',(1.,0.,0.));
#7344 = PLANE('',#7345);
#7345 = AXIS2_PLACEMENT_3D('',#7346,#7347,#7348);
#7346 = CARTESIAN_POINT('',(6.,-5.25,3.1));
#7347 = DIRECTION('',(0.,0.,-1.));
#7348 = DIRECTION('',(0.,1.,0.));
#7349 = ADVANCED_FACE('',(#7350),#7361,.T.);
#7350 = FACE_BOUND('',#7351,.T.);
#7351 = EDGE_LOOP('',(#7352,#7358,#7359,#7360));
#7352 = ORIENTED_EDGE('',*,*,#7353,.T.);
#7353 = EDGE_CURVE('',#7329,#6179,#7354,.T.);
#7354 = LINE('',#7355,#7356);
#7355 = CARTESIAN_POINT('',(6.3,-3.75,3.1));
#7356 = VECTOR('',#7357,1.);
#7357 = DIRECTION('',(0.,0.,1.));
#7358 = ORIENTED_EDGE('',*,*,#6178,.F.);
#7359 = ORIENTED_EDGE('',*,*,#7101,.F.);
#7360 = ORIENTED_EDGE('',*,*,#7328,.F.);
#7361 = PLANE('',#7362);
#7362 = AXIS2_PLACEMENT_3D('',#7363,#7364,#7365);
#7363 = CARTESIAN_POINT('',(6.15,-3.9,5.35));
#7364 = DIRECTION('',(0.707106781187,-0.707106781187,0.));
#7365 = DIRECTION('',(0.707106781187,0.707106781187,0.));
#7366 = ADVANCED_FACE('',(#7367),#7389,.F.);
#7367 = FACE_BOUND('',#7368,.T.);
#7368 = EDGE_LOOP('',(#7369,#7375,#7376,#7377,#7383,#7384,#7385,#7386,
    #7387,#7388));
#7369 = ORIENTED_EDGE('',*,*,#7370,.F.);
#7370 = EDGE_CURVE('',#6898,#7171,#7371,.T.);
#7371 = LINE('',#7372,#7373);
#7372 = CARTESIAN_POINT('',(10.,-3.75,0.2));
#7373 = VECTOR('',#7374,1.);
#7374 = DIRECTION('',(-1.,0.,0.));
#7375 = ORIENTED_EDGE('',*,*,#6912,.F.);
#7376 = ORIENTED_EDGE('',*,*,#5955,.T.);
#7377 = ORIENTED_EDGE('',*,*,#7378,.T.);
#7378 = EDGE_CURVE('',#5946,#6187,#7379,.T.);
#7379 = LINE('',#7380,#7381);
#7380 = CARTESIAN_POINT('',(9.5,-3.75,5.));
#7381 = VECTOR('',#7382,1.);
#7382 = DIRECTION('',(0.,0.,1.));
#7383 = ORIENTED_EDGE('',*,*,#6186,.F.);
#7384 = ORIENTED_EDGE('',*,*,#7353,.F.);
#7385 = ORIENTED_EDGE('',*,*,#7339,.T.);
#7386 = ORIENTED_EDGE('',*,*,#7274,.T.);
#7387 = ORIENTED_EDGE('',*,*,#7218,.T.);
#7388 = ORIENTED_EDGE('',*,*,#7194,.F.);
#7389 = PLANE('',#7390);
#7390 = AXIS2_PLACEMENT_3D('',#7391,#7392,#7393);
#7391 = CARTESIAN_POINT('',(10.,-3.75,4.5));
#7392 = DIRECTION('',(0.,1.,0.));
#7393 = DIRECTION('',(-1.,0.,0.));
#7394 = ADVANCED_FACE('',(#7395),#7406,.T.);
#7395 = FACE_BOUND('',#7396,.T.);
#7396 = EDGE_LOOP('',(#7397,#7398,#7399,#7400));
#7397 = ORIENTED_EDGE('',*,*,#7370,.T.);
#7398 = ORIENTED_EDGE('',*,*,#7170,.T.);
#7399 = ORIENTED_EDGE('',*,*,#4940,.F.);
#7400 = ORIENTED_EDGE('',*,*,#7401,.T.);
#7401 = EDGE_CURVE('',#4933,#6898,#7402,.T.);
#7402 = LINE('',#7403,#7404);
#7403 = CARTESIAN_POINT('',(9.8,-3.55,0.));
#7404 = VECTOR('',#7405,1.);
#7405 = DIRECTION('',(0.57735026919,-0.57735026919,0.57735026919));
#7406 = PLANE('',#7407);
#7407 = AXIS2_PLACEMENT_3D('',#7408,#7409,#7410);
#7408 = CARTESIAN_POINT('',(8.15,-3.65,0.1));
#7409 = DIRECTION('',(0.,-0.707106781187,-0.707106781187));
#7410 = DIRECTION('',(0.,-0.707106781187,0.707106781187));
#7411 = ADVANCED_FACE('',(#7412),#7423,.T.);
#7412 = FACE_BOUND('',#7413,.T.);
#7413 = EDGE_LOOP('',(#7414,#7415,#7416,#7417));
#7414 = ORIENTED_EDGE('',*,*,#6895,.T.);
#7415 = ORIENTED_EDGE('',*,*,#7401,.F.);
#7416 = ORIENTED_EDGE('',*,*,#4932,.F.);
#7417 = ORIENTED_EDGE('',*,*,#7418,.F.);
#7418 = EDGE_CURVE('',#6896,#4925,#7419,.T.);
#7419 = LINE('',#7420,#7421);
#7420 = CARTESIAN_POINT('',(10.,8.5,0.2));
#7421 = VECTOR('',#7422,1.);
#7422 = DIRECTION('',(-0.678598344546,-0.281084637715,-0.678598344546));
#7423 = PLANE('',#7424);
#7424 = AXIS2_PLACEMENT_3D('',#7425,#7426,#7427);
#7425 = CARTESIAN_POINT('',(9.9,2.375,0.1));
#7426 = DIRECTION('',(0.707106781187,0.,-0.707106781187));
#7427 = DIRECTION('',(0.707106781187,0.,0.707106781187));
#7428 = ADVANCED_FACE('',(#7429),#7440,.T.);
#7429 = FACE_BOUND('',#7430,.T.);
#7430 = EDGE_LOOP('',(#7431,#7432,#7433,#7439));
#7431 = ORIENTED_EDGE('',*,*,#4924,.F.);
#7432 = ORIENTED_EDGE('',*,*,#5649,.T.);
#7433 = ORIENTED_EDGE('',*,*,#7434,.T.);
#7434 = EDGE_CURVE('',#5642,#6896,#7435,.T.);
#7435 = LINE('',#7436,#7437);
#7436 = CARTESIAN_POINT('',(9.,9.5,0.2));
#7437 = VECTOR('',#7438,1.);
#7438 = DIRECTION('',(0.707106781187,-0.707106781187,0.));
#7439 = ORIENTED_EDGE('',*,*,#7418,.T.);
#7440 = PLANE('',#7441);
#7441 = AXIS2_PLACEMENT_3D('',#7442,#7443,#7444);
#7442 = CARTESIAN_POINT('',(9.429289321881,8.929289321881,0.1));
#7443 = DIRECTION('',(0.5,0.5,-0.707106781187));
#7444 = DIRECTION('',(0.5,0.5,0.707106781186));
#7445 = ADVANCED_FACE('',(#7446),#7452,.T.);
#7446 = FACE_BOUND('',#7447,.T.);
#7447 = EDGE_LOOP('',(#7448,#7449,#7450,#7451));
#7448 = ORIENTED_EDGE('',*,*,#7434,.F.);
#7449 = ORIENTED_EDGE('',*,*,#5692,.F.);
#7450 = ORIENTED_EDGE('',*,*,#5971,.F.);
#7451 = ORIENTED_EDGE('',*,*,#6905,.F.);
#7452 = PLANE('',#7453);
#7453 = AXIS2_PLACEMENT_3D('',#7454,#7455,#7456);
#7454 = CARTESIAN_POINT('',(9.5,9.,2.25));
#7455 = DIRECTION('',(0.707106781187,0.707106781187,0.));
#7456 = DIRECTION('',(0.707106781187,-0.707106781187,0.));
#7457 = ADVANCED_FACE('',(#7458),#7469,.T.);
#7458 = FACE_BOUND('',#7459,.T.);
#7459 = EDGE_LOOP('',(#7460,#7466,#7467,#7468));
#7460 = ORIENTED_EDGE('',*,*,#7461,.F.);
#7461 = EDGE_CURVE('',#6195,#5948,#7462,.T.);
#7462 = LINE('',#7463,#7464);
#7463 = CARTESIAN_POINT('',(9.5,-3.35,7.6));
#7464 = VECTOR('',#7465,1.);
#7465 = DIRECTION('',(0.,0.,-1.));
#7466 = ORIENTED_EDGE('',*,*,#6194,.F.);
#7467 = ORIENTED_EDGE('',*,*,#7378,.F.);
#7468 = ORIENTED_EDGE('',*,*,#5945,.T.);
#7469 = PLANE('',#7470);
#7470 = AXIS2_PLACEMENT_3D('',#7471,#7472,#7473);
#7471 = CARTESIAN_POINT('',(9.5,-3.75,4.5));
#7472 = DIRECTION('',(1.,0.,0.));
#7473 = DIRECTION('',(-0.,1.,0.));
#7474 = ADVANCED_FACE('',(#7475),#7486,.T.);
#7475 = FACE_BOUND('',#7476,.T.);
#7476 = EDGE_LOOP('',(#7477,#7478,#7479,#7485));
#7477 = ORIENTED_EDGE('',*,*,#7461,.T.);
#7478 = ORIENTED_EDGE('',*,*,#6067,.F.);
#7479 = ORIENTED_EDGE('',*,*,#7480,.F.);
#7480 = EDGE_CURVE('',#6203,#6060,#7481,.T.);
#7481 = LINE('',#7482,#7483);
#7482 = CARTESIAN_POINT('',(9.2,-3.05,7.6));
#7483 = VECTOR('',#7484,1.);
#7484 = DIRECTION('',(0.,0.,-1.));
#7485 = ORIENTED_EDGE('',*,*,#6202,.F.);
#7486 = PLANE('',#7487);
#7487 = AXIS2_PLACEMENT_3D('',#7488,#7489,#7490);
#7488 = CARTESIAN_POINT('',(9.35,-3.2,6.3));
#7489 = DIRECTION('',(0.707106781187,0.707106781187,0.));
#7490 = DIRECTION('',(0.707106781187,-0.707106781187,0.));
#7491 = ADVANCED_FACE('',(#7492),#7510,.T.);
#7492 = FACE_BOUND('',#7493,.T.);
#7493 = EDGE_LOOP('',(#7494,#7495,#7496,#7502,#7503,#7509));
#7494 = ORIENTED_EDGE('',*,*,#7480,.T.);
#7495 = ORIENTED_EDGE('',*,*,#6059,.T.);
#7496 = ORIENTED_EDGE('',*,*,#7497,.F.);
#7497 = EDGE_CURVE('',#5257,#6052,#7498,.T.);
#7498 = LINE('',#7499,#7500);
#7499 = CARTESIAN_POINT('',(9.6,-3.05,4.5));
#7500 = VECTOR('',#7501,1.);
#7501 = DIRECTION('',(0.,0.,1.));
#7502 = ORIENTED_EDGE('',*,*,#5256,.F.);
#7503 = ORIENTED_EDGE('',*,*,#7504,.T.);
#7504 = EDGE_CURVE('',#5249,#6211,#7505,.T.);
#7505 = LINE('',#7506,#7507);
#7506 = CARTESIAN_POINT('',(5.3,-3.05,4.5));
#7507 = VECTOR('',#7508,1.);
#7508 = DIRECTION('',(0.,0.,1.));
#7509 = ORIENTED_EDGE('',*,*,#6210,.F.);
#7510 = PLANE('',#7511);
#7511 = AXIS2_PLACEMENT_3D('',#7512,#7513,#7514);
#7512 = CARTESIAN_POINT('',(9.5,-3.05,4.5));
#7513 = DIRECTION('',(0.,1.,0.));
#7514 = DIRECTION('',(-1.,0.,0.));
#7515 = ADVANCED_FACE('',(#7516),#7522,.T.);
#7516 = FACE_BOUND('',#7517,.T.);
#7517 = EDGE_LOOP('',(#7518,#7519,#7520,#7521));
#7518 = ORIENTED_EDGE('',*,*,#5248,.T.);
#7519 = ORIENTED_EDGE('',*,*,#6361,.T.);
#7520 = ORIENTED_EDGE('',*,*,#6218,.F.);
#7521 = ORIENTED_EDGE('',*,*,#7504,.F.);
#7522 = PLANE('',#7523);
#7523 = AXIS2_PLACEMENT_3D('',#7524,#7525,#7526);
#7524 = CARTESIAN_POINT('',(5.3,-3.05,4.5));
#7525 = DIRECTION('',(-1.,0.,0.));
#7526 = DIRECTION('',(0.,-1.,0.));
#7527 = ADVANCED_FACE('',(#7528),#7539,.T.);
#7528 = FACE_BOUND('',#7529,.T.);
#7529 = EDGE_LOOP('',(#7530,#7531,#7532,#7538));
#7530 = ORIENTED_EDGE('',*,*,#7497,.T.);
#7531 = ORIENTED_EDGE('',*,*,#6051,.F.);
#7532 = ORIENTED_EDGE('',*,*,#7533,.F.);
#7533 = EDGE_CURVE('',#5265,#6044,#7534,.T.);
#7534 = LINE('',#7535,#7536);
#7535 = CARTESIAN_POINT('',(9.6,8.334314575051,4.5));
#7536 = VECTOR('',#7537,1.);
#7537 = DIRECTION('',(0.,0.,1.));
#7538 = ORIENTED_EDGE('',*,*,#5264,.T.);
#7539 = PLANE('',#7540);
#7540 = AXIS2_PLACEMENT_3D('',#7541,#7542,#7543);
#7541 = CARTESIAN_POINT('',(9.6,8.334314575051,4.5));
#7542 = DIRECTION('',(-1.,0.,0.));
#7543 = DIRECTION('',(0.,-1.,0.));
#7544 = ADVANCED_FACE('',(#7545),#7556,.T.);
#7545 = FACE_BOUND('',#7546,.T.);
#7546 = EDGE_LOOP('',(#7547,#7548,#7549,#7550));
#7547 = ORIENTED_EDGE('',*,*,#5272,.T.);
#7548 = ORIENTED_EDGE('',*,*,#7533,.T.);
#7549 = ORIENTED_EDGE('',*,*,#6043,.F.);
#7550 = ORIENTED_EDGE('',*,*,#7551,.F.);
#7551 = EDGE_CURVE('',#5273,#6036,#7552,.T.);
#7552 = LINE('',#7553,#7554);
#7553 = CARTESIAN_POINT('',(8.834314575051,9.1,4.5));
#7554 = VECTOR('',#7555,1.);
#7555 = DIRECTION('',(0.,0.,1.));
#7556 = PLANE('',#7557);
#7557 = AXIS2_PLACEMENT_3D('',#7558,#7559,#7560);
#7558 = CARTESIAN_POINT('',(8.834314575051,9.1,4.5));
#7559 = DIRECTION('',(-0.707106781187,-0.707106781186,0.));
#7560 = DIRECTION('',(0.707106781186,-0.707106781187,0.));
#7561 = ADVANCED_FACE('',(#7562),#7573,.T.);
#7562 = FACE_BOUND('',#7563,.T.);
#7563 = EDGE_LOOP('',(#7564,#7565,#7566,#7567));
#7564 = ORIENTED_EDGE('',*,*,#5280,.T.);
#7565 = ORIENTED_EDGE('',*,*,#7551,.T.);
#7566 = ORIENTED_EDGE('',*,*,#6035,.F.);
#7567 = ORIENTED_EDGE('',*,*,#7568,.F.);
#7568 = EDGE_CURVE('',#5281,#6028,#7569,.T.);
#7569 = LINE('',#7570,#7571);
#7570 = CARTESIAN_POINT('',(-8.834314575051,9.1,4.5));
#7571 = VECTOR('',#7572,1.);
#7572 = DIRECTION('',(0.,0.,1.));
#7573 = PLANE('',#7574);
#7574 = AXIS2_PLACEMENT_3D('',#7575,#7576,#7577);
#7575 = CARTESIAN_POINT('',(-8.834314575051,9.1,4.5));
#7576 = DIRECTION('',(0.,-1.,0.));
#7577 = DIRECTION('',(1.,0.,0.));
#7578 = ADVANCED_FACE('',(#7579),#7590,.T.);
#7579 = FACE_BOUND('',#7580,.T.);
#7580 = EDGE_LOOP('',(#7581,#7582,#7583,#7584));
#7581 = ORIENTED_EDGE('',*,*,#5288,.T.);
#7582 = ORIENTED_EDGE('',*,*,#7568,.T.);
#7583 = ORIENTED_EDGE('',*,*,#6027,.F.);
#7584 = ORIENTED_EDGE('',*,*,#7585,.F.);
#7585 = EDGE_CURVE('',#5289,#6020,#7586,.T.);
#7586 = LINE('',#7587,#7588);
#7587 = CARTESIAN_POINT('',(-9.6,8.334314575051,4.5));
#7588 = VECTOR('',#7589,1.);
#7589 = DIRECTION('',(0.,0.,1.));
#7590 = PLANE('',#7591);
#7591 = AXIS2_PLACEMENT_3D('',#7592,#7593,#7594);
#7592 = CARTESIAN_POINT('',(-9.6,8.334314575051,4.5));
#7593 = DIRECTION('',(0.707106781187,-0.707106781186,0.));
#7594 = DIRECTION('',(0.707106781186,0.707106781187,0.));
#7595 = ADVANCED_FACE('',(#7596),#7602,.T.);
#7596 = FACE_BOUND('',#7597,.T.);
#7597 = EDGE_LOOP('',(#7598,#7599,#7600,#7601));
#7598 = ORIENTED_EDGE('',*,*,#6530,.F.);
#7599 = ORIENTED_EDGE('',*,*,#5296,.T.);
#7600 = ORIENTED_EDGE('',*,*,#7585,.T.);
#7601 = ORIENTED_EDGE('',*,*,#6019,.F.);
#7602 = PLANE('',#7603);
#7603 = AXIS2_PLACEMENT_3D('',#7604,#7605,#7606);
#7604 = CARTESIAN_POINT('',(-9.6,-3.75,4.5));
#7605 = DIRECTION('',(1.,0.,0.));
#7606 = DIRECTION('',(-0.,1.,0.));
#7607 = ADVANCED_FACE('',(#7608),#7625,.T.);
#7608 = FACE_BOUND('',#7609,.T.);
#7609 = EDGE_LOOP('',(#7610,#7616,#7617,#7623,#7624));
#7610 = ORIENTED_EDGE('',*,*,#7611,.T.);
#7611 = EDGE_CURVE('',#6969,#7126,#7612,.T.);
#7612 = LINE('',#7613,#7614);
#7613 = CARTESIAN_POINT('',(6.3,-14.25,2.3));
#7614 = VECTOR('',#7615,1.);
#7615 = DIRECTION('',(-0.57735026919,0.57735026919,-0.57735026919));
#7616 = ORIENTED_EDGE('',*,*,#7125,.T.);
#7617 = ORIENTED_EDGE('',*,*,#7618,.F.);
#7618 = EDGE_CURVE('',#7298,#7118,#7619,.T.);
#7619 = LINE('',#7620,#7621);
#7620 = CARTESIAN_POINT('',(6.5,-12.75,2.5));
#7621 = VECTOR('',#7622,1.);
#7622 = DIRECTION('',(-0.707106781187,0.,-0.707106781187));
#7623 = ORIENTED_EDGE('',*,*,#7297,.F.);
#7624 = ORIENTED_EDGE('',*,*,#6976,.F.);
#7625 = PLANE('',#7626);
#7626 = AXIS2_PLACEMENT_3D('',#7627,#7628,#7629);
#7627 = CARTESIAN_POINT('',(6.25,-13.5,2.25));
#7628 = DIRECTION('',(0.707106781187,0.,-0.707106781187));
#7629 = DIRECTION('',(-0.707106781187,0.,-0.707106781187));
#7630 = ADVANCED_FACE('',(#7631),#7642,.T.);
#7631 = FACE_BOUND('',#7632,.T.);
#7632 = EDGE_LOOP('',(#7633,#7639,#7640,#7641));
#7633 = ORIENTED_EDGE('',*,*,#7634,.T.);
#7634 = EDGE_CURVE('',#6945,#7062,#7635,.T.);
#7635 = LINE('',#7636,#7637);
#7636 = CARTESIAN_POINT('',(6.3,-14.25,0.2));
#7637 = VECTOR('',#7638,1.);
#7638 = DIRECTION('',(-0.707106781187,0.707106781187,0.));
#7639 = ORIENTED_EDGE('',*,*,#7133,.T.);
#7640 = ORIENTED_EDGE('',*,*,#7611,.F.);
#7641 = ORIENTED_EDGE('',*,*,#6968,.F.);
#7642 = PLANE('',#7643);
#7643 = AXIS2_PLACEMENT_3D('',#7644,#7645,#7646);
#7644 = CARTESIAN_POINT('',(6.15,-14.1,1.));
#7645 = DIRECTION('',(0.707106781187,0.707106781187,0.));
#7646 = DIRECTION('',(-0.707106781187,0.707106781187,0.));
#7647 = ADVANCED_FACE('',(#7648),#7654,.T.);
#7648 = FACE_BOUND('',#7649,.T.);
#7649 = EDGE_LOOP('',(#7650,#7651,#7652,#7653));
#7650 = ORIENTED_EDGE('',*,*,#4964,.T.);
#7651 = ORIENTED_EDGE('',*,*,#7148,.F.);
#7652 = ORIENTED_EDGE('',*,*,#7634,.F.);
#7653 = ORIENTED_EDGE('',*,*,#6944,.T.);
#7654 = PLANE('',#7655);
#7655 = AXIS2_PLACEMENT_3D('',#7656,#7657,#7658);
#7656 = CARTESIAN_POINT('',(6.079289321881,-14.17071067812,0.1));
#7657 = DIRECTION('',(0.5,0.5,-0.707106781187));
#7658 = DIRECTION('',(-0.5,-0.5,-0.707106781186));
#7659 = ADVANCED_FACE('',(#7660),#7671,.F.);
#7660 = FACE_BOUND('',#7661,.T.);
#7661 = EDGE_LOOP('',(#7662,#7663,#7669,#7670));
#7662 = ORIENTED_EDGE('',*,*,#7117,.F.);
#7663 = ORIENTED_EDGE('',*,*,#7664,.T.);
#7664 = EDGE_CURVE('',#7110,#7306,#7665,.T.);
#7665 = LINE('',#7666,#7667);
#7666 = CARTESIAN_POINT('',(6.,-12.75,3.1));
#7667 = VECTOR('',#7668,1.);
#7668 = DIRECTION('',(1.,0.,0.));
#7669 = ORIENTED_EDGE('',*,*,#7305,.T.);
#7670 = ORIENTED_EDGE('',*,*,#7618,.T.);
#7671 = PLANE('',#7672);
#7672 = AXIS2_PLACEMENT_3D('',#7673,#7674,#7675);
#7673 = CARTESIAN_POINT('',(6.,-12.75,3.1));
#7674 = DIRECTION('',(0.,-1.,0.));
#7675 = DIRECTION('',(0.,0.,-1.));
#7676 = ADVANCED_FACE('',(#7677),#7684,.F.);
#7677 = FACE_BOUND('',#7678,.T.);
#7678 = EDGE_LOOP('',(#7679,#7680,#7681,#7682,#7683));
#7679 = ORIENTED_EDGE('',*,*,#7045,.T.);
#7680 = ORIENTED_EDGE('',*,*,#6992,.T.);
#7681 = ORIENTED_EDGE('',*,*,#7313,.T.);
#7682 = ORIENTED_EDGE('',*,*,#7664,.F.);
#7683 = ORIENTED_EDGE('',*,*,#7109,.F.);
#7684 = PLANE('',#7685);
#7685 = AXIS2_PLACEMENT_3D('',#7686,#7687,#7688);
#7686 = CARTESIAN_POINT('',(6.,-14.25,3.1));
#7687 = DIRECTION('',(0.,0.,-1.));
#7688 = DIRECTION('',(0.,1.,0.));
#7689 = ADVANCED_FACE('',(#7690),#7708,.T.);
#7690 = FACE_BOUND('',#7691,.T.);
#7691 = EDGE_LOOP('',(#7692,#7700,#7706,#7707));
#7692 = ORIENTED_EDGE('',*,*,#7693,.T.);
#7693 = EDGE_CURVE('',#6698,#7694,#7696,.T.);
#7694 = VERTEX_POINT('',#7695);
#7695 = CARTESIAN_POINT('',(-6.3,-14.25,0.2));
#7696 = LINE('',#7697,#7698);
#7697 = CARTESIAN_POINT('',(-10.,-14.25,0.2));
#7698 = VECTOR('',#7699,1.);
#7699 = DIRECTION('',(1.,0.,0.));
#7700 = ORIENTED_EDGE('',*,*,#7701,.T.);
#7701 = EDGE_CURVE('',#7694,#5021,#7702,.T.);
#7702 = LINE('',#7703,#7704);
#7703 = CARTESIAN_POINT('',(-6.3,-14.25,0.2));
#7704 = VECTOR('',#7705,1.);
#7705 = DIRECTION('',(0.281084637715,-0.678598344546,-0.678598344546));
#7706 = ORIENTED_EDGE('',*,*,#5020,.F.);
#7707 = ORIENTED_EDGE('',*,*,#6727,.T.);
#7708 = PLANE('',#7709);
#7709 = AXIS2_PLACEMENT_3D('',#7710,#7711,#7712);
#7710 = CARTESIAN_POINT('',(-8.15,-14.35,0.1));
#7711 = DIRECTION('',(0.,0.707106781187,-0.707106781187));
#7712 = DIRECTION('',(0.,0.707106781187,0.707106781187));
#7713 = ADVANCED_FACE('',(#7714),#7759,.F.);
#7714 = FACE_BOUND('',#7715,.T.);
#7715 = EDGE_LOOP('',(#7716,#7717,#7718,#7719,#7720,#7721,#7729,#7737,
    #7745,#7753));
#7716 = ORIENTED_EDGE('',*,*,#7693,.F.);
#7717 = ORIENTED_EDGE('',*,*,#6712,.F.);
#7718 = ORIENTED_EDGE('',*,*,#5803,.T.);
#7719 = ORIENTED_EDGE('',*,*,#6097,.T.);
#7720 = ORIENTED_EDGE('',*,*,#6282,.F.);
#7721 = ORIENTED_EDGE('',*,*,#7722,.F.);
#7722 = EDGE_CURVE('',#7723,#6275,#7725,.T.);
#7723 = VERTEX_POINT('',#7724);
#7724 = CARTESIAN_POINT('',(-6.3,-14.25,3.1));
#7725 = LINE('',#7726,#7727);
#7726 = CARTESIAN_POINT('',(-6.3,-14.25,3.1));
#7727 = VECTOR('',#7728,1.);
#7728 = DIRECTION('',(0.,0.,1.));
#7729 = ORIENTED_EDGE('',*,*,#7730,.T.);
#7730 = EDGE_CURVE('',#7723,#7731,#7733,.T.);
#7731 = VERTEX_POINT('',#7732);
#7732 = CARTESIAN_POINT('',(-6.5,-14.25,3.1));
#7733 = LINE('',#7734,#7735);
#7734 = CARTESIAN_POINT('',(-6.3,-14.25,3.1));
#7735 = VECTOR('',#7736,1.);
#7736 = DIRECTION('',(-1.,0.,0.));
#7737 = ORIENTED_EDGE('',*,*,#7738,.T.);
#7738 = EDGE_CURVE('',#7731,#7739,#7741,.T.);
#7739 = VERTEX_POINT('',#7740);
#7740 = CARTESIAN_POINT('',(-6.5,-14.25,2.5));
#7741 = LINE('',#7742,#7743);
#7742 = CARTESIAN_POINT('',(-6.5,-14.25,3.1));
#7743 = VECTOR('',#7744,1.);
#7744 = DIRECTION('',(0.,0.,-1.));
#7745 = ORIENTED_EDGE('',*,*,#7746,.T.);
#7746 = EDGE_CURVE('',#7739,#7747,#7749,.T.);
#7747 = VERTEX_POINT('',#7748);
#7748 = CARTESIAN_POINT('',(-6.3,-14.25,2.3));
#7749 = LINE('',#7750,#7751);
#7750 = CARTESIAN_POINT('',(-6.5,-14.25,2.5));
#7751 = VECTOR('',#7752,1.);
#7752 = DIRECTION('',(0.707106781187,0.,-0.707106781187));
#7753 = ORIENTED_EDGE('',*,*,#7754,.F.);
#7754 = EDGE_CURVE('',#7694,#7747,#7755,.T.);
#7755 = LINE('',#7756,#7757);
#7756 = CARTESIAN_POINT('',(-6.3,-14.25,0.2));
#7757 = VECTOR('',#7758,1.);
#7758 = DIRECTION('',(0.,0.,1.));
#7759 = PLANE('',#7760);
#7760 = AXIS2_PLACEMENT_3D('',#7761,#7762,#7763);
#7761 = CARTESIAN_POINT('',(-10.,-14.25,4.5));
#7762 = DIRECTION('',(0.,-1.,0.));
#7763 = DIRECTION('',(1.,0.,0.));
#7764 = ADVANCED_FACE('',(#7765),#7790,.T.);
#7765 = FACE_BOUND('',#7766,.T.);
#7766 = EDGE_LOOP('',(#7767,#7775,#7776,#7784));
#7767 = ORIENTED_EDGE('',*,*,#7768,.T.);
#7768 = EDGE_CURVE('',#7769,#7694,#7771,.T.);
#7769 = VERTEX_POINT('',#7770);
#7770 = CARTESIAN_POINT('',(-6.,-13.95,0.2));
#7771 = LINE('',#7772,#7773);
#7772 = CARTESIAN_POINT('',(-6.,-13.95,0.2));
#7773 = VECTOR('',#7774,1.);
#7774 = DIRECTION('',(-0.707106781187,-0.707106781187,0.));
#7775 = ORIENTED_EDGE('',*,*,#7754,.T.);
#7776 = ORIENTED_EDGE('',*,*,#7777,.F.);
#7777 = EDGE_CURVE('',#7778,#7747,#7780,.T.);
#7778 = VERTEX_POINT('',#7779);
#7779 = CARTESIAN_POINT('',(-6.,-13.95,2.));
#7780 = LINE('',#7781,#7782);
#7781 = CARTESIAN_POINT('',(-6.,-13.95,2.));
#7782 = VECTOR('',#7783,1.);
#7783 = DIRECTION('',(-0.57735026919,-0.57735026919,0.57735026919));
#7784 = ORIENTED_EDGE('',*,*,#7785,.F.);
#7785 = EDGE_CURVE('',#7769,#7778,#7786,.T.);
#7786 = LINE('',#7787,#7788);
#7787 = CARTESIAN_POINT('',(-6.,-13.95,0.2));
#7788 = VECTOR('',#7789,1.);
#7789 = DIRECTION('',(0.,0.,1.));
#7790 = PLANE('',#7791);
#7791 = AXIS2_PLACEMENT_3D('',#7792,#7793,#7794);
#7792 = CARTESIAN_POINT('',(-6.15,-14.1,1.));
#7793 = DIRECTION('',(-0.707106781187,0.707106781187,0.));
#7794 = DIRECTION('',(-0.707106781187,-0.707106781187,0.));
#7795 = ADVANCED_FACE('',(#7796),#7807,.T.);
#7796 = FACE_BOUND('',#7797,.T.);
#7797 = EDGE_LOOP('',(#7798,#7799,#7800,#7801));
#7798 = ORIENTED_EDGE('',*,*,#5028,.T.);
#7799 = ORIENTED_EDGE('',*,*,#7701,.F.);
#7800 = ORIENTED_EDGE('',*,*,#7768,.F.);
#7801 = ORIENTED_EDGE('',*,*,#7802,.T.);
#7802 = EDGE_CURVE('',#7769,#5029,#7803,.T.);
#7803 = LINE('',#7804,#7805);
#7804 = CARTESIAN_POINT('',(-6.,-13.95,0.2));
#7805 = VECTOR('',#7806,1.);
#7806 = DIRECTION('',(0.678598344546,-0.281084637715,-0.678598344546));
#7807 = PLANE('',#7808);
#7808 = AXIS2_PLACEMENT_3D('',#7809,#7810,#7811);
#7809 = CARTESIAN_POINT('',(-6.079289321881,-14.17071067812,0.1));
#7810 = DIRECTION('',(-0.5,0.5,-0.707106781187));
#7811 = DIRECTION('',(0.5,-0.5,-0.707106781186));
#7812 = ADVANCED_FACE('',(#7813),#7831,.T.);
#7813 = FACE_BOUND('',#7814,.T.);
#7814 = EDGE_LOOP('',(#7815,#7823,#7829,#7830));
#7815 = ORIENTED_EDGE('',*,*,#7816,.T.);
#7816 = EDGE_CURVE('',#7769,#7817,#7819,.T.);
#7817 = VERTEX_POINT('',#7818);
#7818 = CARTESIAN_POINT('',(-6.,-4.05,0.2));
#7819 = LINE('',#7820,#7821);
#7820 = CARTESIAN_POINT('',(-6.,-13.95,0.2));
#7821 = VECTOR('',#7822,1.);
#7822 = DIRECTION('',(0.,1.,0.));
#7823 = ORIENTED_EDGE('',*,*,#7824,.T.);
#7824 = EDGE_CURVE('',#7817,#5037,#7825,.T.);
#7825 = LINE('',#7826,#7827);
#7826 = CARTESIAN_POINT('',(-6.,-4.05,0.2));
#7827 = VECTOR('',#7828,1.);
#7828 = DIRECTION('',(0.678598344546,0.281084637715,-0.678598344546));
#7829 = ORIENTED_EDGE('',*,*,#5036,.F.);
#7830 = ORIENTED_EDGE('',*,*,#7802,.F.);
#7831 = PLANE('',#7832);
#7832 = AXIS2_PLACEMENT_3D('',#7833,#7834,#7835);
#7833 = CARTESIAN_POINT('',(-5.9,-9.,0.1));
#7834 = DIRECTION('',(-0.707106781187,0.,-0.707106781187));
#7835 = DIRECTION('',(-0.707106781187,0.,0.707106781187));
#7836 = ADVANCED_FACE('',(#7837),#7910,.F.);
#7837 = FACE_BOUND('',#7838,.T.);
#7838 = EDGE_LOOP('',(#7839,#7840,#7841,#7849,#7857,#7865,#7871,#7872,
    #7880,#7888,#7896,#7904));
#7839 = ORIENTED_EDGE('',*,*,#7816,.F.);
#7840 = ORIENTED_EDGE('',*,*,#7785,.T.);
#7841 = ORIENTED_EDGE('',*,*,#7842,.F.);
#7842 = EDGE_CURVE('',#7843,#7778,#7845,.T.);
#7843 = VERTEX_POINT('',#7844);
#7844 = CARTESIAN_POINT('',(-6.,-12.75,2.));
#7845 = LINE('',#7846,#7847);
#7846 = CARTESIAN_POINT('',(-6.,-12.75,2.));
#7847 = VECTOR('',#7848,1.);
#7848 = DIRECTION('',(0.,-1.,0.));
#7849 = ORIENTED_EDGE('',*,*,#7850,.T.);
#7850 = EDGE_CURVE('',#7843,#7851,#7853,.T.);
#7851 = VERTEX_POINT('',#7852);
#7852 = CARTESIAN_POINT('',(-6.,-12.75,3.1));
#7853 = LINE('',#7854,#7855);
#7854 = CARTESIAN_POINT('',(-6.,-12.75,2.));
#7855 = VECTOR('',#7856,1.);
#7856 = DIRECTION('',(0.,0.,1.));
#7857 = ORIENTED_EDGE('',*,*,#7858,.F.);
#7858 = EDGE_CURVE('',#7859,#7851,#7861,.T.);
#7859 = VERTEX_POINT('',#7860);
#7860 = CARTESIAN_POINT('',(-6.,-13.95,3.1));
#7861 = LINE('',#7862,#7863);
#7862 = CARTESIAN_POINT('',(-6.,-13.95,3.1));
#7863 = VECTOR('',#7864,1.);
#7864 = DIRECTION('',(0.,1.,0.));
#7865 = ORIENTED_EDGE('',*,*,#7866,.T.);
#7866 = EDGE_CURVE('',#7859,#6267,#7867,.T.);
#7867 = LINE('',#7868,#7869);
#7868 = CARTESIAN_POINT('',(-6.,-13.95,3.1));
#7869 = VECTOR('',#7870,1.);
#7870 = DIRECTION('',(0.,0.,1.));
#7871 = ORIENTED_EDGE('',*,*,#6266,.F.);
#7872 = ORIENTED_EDGE('',*,*,#7873,.F.);
#7873 = EDGE_CURVE('',#7874,#6259,#7876,.T.);
#7874 = VERTEX_POINT('',#7875);
#7875 = CARTESIAN_POINT('',(-6.,-4.05,3.1));
#7876 = LINE('',#7877,#7878);
#7877 = CARTESIAN_POINT('',(-6.,-4.05,3.1));
#7878 = VECTOR('',#7879,1.);
#7879 = DIRECTION('',(0.,0.,1.));
#7880 = ORIENTED_EDGE('',*,*,#7881,.T.);
#7881 = EDGE_CURVE('',#7874,#7882,#7884,.T.);
#7882 = VERTEX_POINT('',#7883);
#7883 = CARTESIAN_POINT('',(-6.,-5.25,3.1));
#7884 = LINE('',#7885,#7886);
#7885 = CARTESIAN_POINT('',(-6.,-4.05,3.1));
#7886 = VECTOR('',#7887,1.);
#7887 = DIRECTION('',(0.,-1.,0.));
#7888 = ORIENTED_EDGE('',*,*,#7889,.T.);
#7889 = EDGE_CURVE('',#7882,#7890,#7892,.T.);
#7890 = VERTEX_POINT('',#7891);
#7891 = CARTESIAN_POINT('',(-6.,-5.25,2.));
#7892 = LINE('',#7893,#7894);
#7893 = CARTESIAN_POINT('',(-6.,-5.25,3.1));
#7894 = VECTOR('',#7895,1.);
#7895 = DIRECTION('',(0.,0.,-1.));
#7896 = ORIENTED_EDGE('',*,*,#7897,.F.);
#7897 = EDGE_CURVE('',#7898,#7890,#7900,.T.);
#7898 = VERTEX_POINT('',#7899);
#7899 = CARTESIAN_POINT('',(-6.,-4.05,2.));
#7900 = LINE('',#7901,#7902);
#7901 = CARTESIAN_POINT('',(-6.,-4.05,2.));
#7902 = VECTOR('',#7903,1.);
#7903 = DIRECTION('',(0.,-1.,0.));
#7904 = ORIENTED_EDGE('',*,*,#7905,.F.);
#7905 = EDGE_CURVE('',#7817,#7898,#7906,.T.);
#7906 = LINE('',#7907,#7908);
#7907 = CARTESIAN_POINT('',(-6.,-4.05,0.2));
#7908 = VECTOR('',#7909,1.);
#7909 = DIRECTION('',(0.,0.,1.));
#7910 = PLANE('',#7911);
#7911 = AXIS2_PLACEMENT_3D('',#7912,#7913,#7914);
#7912 = CARTESIAN_POINT('',(-6.,-14.25,4.5));
#7913 = DIRECTION('',(1.,0.,0.));
#7914 = DIRECTION('',(-0.,1.,0.));
#7915 = ADVANCED_FACE('',(#7916),#7932,.T.);
#7916 = FACE_BOUND('',#7917,.T.);
#7917 = EDGE_LOOP('',(#7918,#7924,#7925,#7931));
#7918 = ORIENTED_EDGE('',*,*,#7919,.T.);
#7919 = EDGE_CURVE('',#6580,#7817,#7920,.T.);
#7920 = LINE('',#7921,#7922);
#7921 = CARTESIAN_POINT('',(-6.3,-3.75,0.2));
#7922 = VECTOR('',#7923,1.);
#7923 = DIRECTION('',(0.707106781187,-0.707106781187,0.));
#7924 = ORIENTED_EDGE('',*,*,#7905,.T.);
#7925 = ORIENTED_EDGE('',*,*,#7926,.F.);
#7926 = EDGE_CURVE('',#6590,#7898,#7927,.T.);
#7927 = LINE('',#7928,#7929);
#7928 = CARTESIAN_POINT('',(-6.3,-3.75,2.3));
#7929 = VECTOR('',#7930,1.);
#7930 = DIRECTION('',(0.57735026919,-0.57735026919,-0.57735026919));
#7931 = ORIENTED_EDGE('',*,*,#6589,.F.);
#7932 = PLANE('',#7933);
#7933 = AXIS2_PLACEMENT_3D('',#7934,#7935,#7936);
#7934 = CARTESIAN_POINT('',(-6.15,-3.9,1.));
#7935 = DIRECTION('',(-0.707106781187,-0.707106781187,0.));
#7936 = DIRECTION('',(0.707106781187,-0.707106781187,0.));
#7937 = ADVANCED_FACE('',(#7938),#7944,.T.);
#7938 = FACE_BOUND('',#7939,.T.);
#7939 = EDGE_LOOP('',(#7940,#7941,#7942,#7943));
#7940 = ORIENTED_EDGE('',*,*,#5044,.T.);
#7941 = ORIENTED_EDGE('',*,*,#7824,.F.);
#7942 = ORIENTED_EDGE('',*,*,#7919,.F.);
#7943 = ORIENTED_EDGE('',*,*,#6645,.T.);
#7944 = PLANE('',#7945);
#7945 = AXIS2_PLACEMENT_3D('',#7946,#7947,#7948);
#7946 = CARTESIAN_POINT('',(-6.079289321881,-3.829289321881,0.1));
#7947 = DIRECTION('',(-0.5,-0.5,-0.707106781187));
#7948 = DIRECTION('',(0.5,0.5,-0.707106781186));
#7949 = ADVANCED_FACE('',(#7950),#7969,.T.);
#7950 = FACE_BOUND('',#7951,.T.);
#7951 = EDGE_LOOP('',(#7952,#7953,#7954,#7962,#7968));
#7952 = ORIENTED_EDGE('',*,*,#7926,.T.);
#7953 = ORIENTED_EDGE('',*,*,#7897,.T.);
#7954 = ORIENTED_EDGE('',*,*,#7955,.F.);
#7955 = EDGE_CURVE('',#7956,#7890,#7958,.T.);
#7956 = VERTEX_POINT('',#7957);
#7957 = CARTESIAN_POINT('',(-6.5,-5.25,2.5));
#7958 = LINE('',#7959,#7960);
#7959 = CARTESIAN_POINT('',(-6.5,-5.25,2.5));
#7960 = VECTOR('',#7961,1.);
#7961 = DIRECTION('',(0.707106781187,0.,-0.707106781187));
#7962 = ORIENTED_EDGE('',*,*,#7963,.F.);
#7963 = EDGE_CURVE('',#6598,#7956,#7964,.T.);
#7964 = LINE('',#7965,#7966);
#7965 = CARTESIAN_POINT('',(-6.5,-3.75,2.5));
#7966 = VECTOR('',#7967,1.);
#7967 = DIRECTION('',(0.,-1.,0.));
#7968 = ORIENTED_EDGE('',*,*,#6597,.F.);
#7969 = PLANE('',#7970);
#7970 = AXIS2_PLACEMENT_3D('',#7971,#7972,#7973);
#7971 = CARTESIAN_POINT('',(-6.25,-4.5,2.25));
#7972 = DIRECTION('',(-0.707106781187,0.,-0.707106781187));
#7973 = DIRECTION('',(0.707106781187,0.,-0.707106781187));
#7974 = ADVANCED_FACE('',(#7975),#7993,.T.);
#7975 = FACE_BOUND('',#7976,.T.);
#7976 = EDGE_LOOP('',(#7977,#7978,#7986,#7992));
#7977 = ORIENTED_EDGE('',*,*,#7963,.T.);
#7978 = ORIENTED_EDGE('',*,*,#7979,.T.);
#7979 = EDGE_CURVE('',#7956,#7980,#7982,.T.);
#7980 = VERTEX_POINT('',#7981);
#7981 = CARTESIAN_POINT('',(-6.5,-5.25,3.1));
#7982 = LINE('',#7983,#7984);
#7983 = CARTESIAN_POINT('',(-6.5,-5.25,2.5));
#7984 = VECTOR('',#7985,1.);
#7985 = DIRECTION('',(0.,0.,1.));
#7986 = ORIENTED_EDGE('',*,*,#7987,.T.);
#7987 = EDGE_CURVE('',#7980,#6606,#7988,.T.);
#7988 = LINE('',#7989,#7990);
#7989 = CARTESIAN_POINT('',(-6.5,-5.25,3.1));
#7990 = VECTOR('',#7991,1.);
#7991 = DIRECTION('',(0.,1.,0.));
#7992 = ORIENTED_EDGE('',*,*,#6605,.T.);
#7993 = PLANE('',#7994);
#7994 = AXIS2_PLACEMENT_3D('',#7995,#7996,#7997);
#7995 = CARTESIAN_POINT('',(-6.5,0.,4.5));
#7996 = DIRECTION('',(-1.,0.,0.));
#7997 = DIRECTION('',(0.,1.,0.));
#7998 = ADVANCED_FACE('',(#7999),#8024,.T.);
#7999 = FACE_BOUND('',#8000,.T.);
#8000 = EDGE_LOOP('',(#8001,#8009,#8010,#8018));
#8001 = ORIENTED_EDGE('',*,*,#8002,.T.);
#8002 = EDGE_CURVE('',#8003,#7739,#8005,.T.);
#8003 = VERTEX_POINT('',#8004);
#8004 = CARTESIAN_POINT('',(-6.5,-12.75,2.5));
#8005 = LINE('',#8006,#8007);
#8006 = CARTESIAN_POINT('',(-6.5,-12.75,2.5));
#8007 = VECTOR('',#8008,1.);
#8008 = DIRECTION('',(0.,-1.,0.));
#8009 = ORIENTED_EDGE('',*,*,#7738,.F.);
#8010 = ORIENTED_EDGE('',*,*,#8011,.T.);
#8011 = EDGE_CURVE('',#7731,#8012,#8014,.T.);
#8012 = VERTEX_POINT('',#8013);
#8013 = CARTESIAN_POINT('',(-6.5,-12.75,3.1));
#8014 = LINE('',#8015,#8016);
#8015 = CARTESIAN_POINT('',(-6.5,-14.25,3.1));
#8016 = VECTOR('',#8017,1.);
#8017 = DIRECTION('',(0.,1.,0.));
#8018 = ORIENTED_EDGE('',*,*,#8019,.T.);
#8019 = EDGE_CURVE('',#8012,#8003,#8020,.T.);
#8020 = LINE('',#8021,#8022);
#8021 = CARTESIAN_POINT('',(-6.5,-12.75,3.1));
#8022 = VECTOR('',#8023,1.);
#8023 = DIRECTION('',(0.,0.,-1.));
#8024 = PLANE('',#8025);
#8025 = AXIS2_PLACEMENT_3D('',#8026,#8027,#8028);
#8026 = CARTESIAN_POINT('',(-6.5,0.,4.5));
#8027 = DIRECTION('',(-1.,0.,0.));
#8028 = DIRECTION('',(0.,1.,0.));
#8029 = ADVANCED_FACE('',(#8030),#8047,.T.);
#8030 = FACE_BOUND('',#8031,.T.);
#8031 = EDGE_LOOP('',(#8032,#8038,#8039,#8040,#8046));
#8032 = ORIENTED_EDGE('',*,*,#8033,.T.);
#8033 = EDGE_CURVE('',#7874,#6614,#8034,.T.);
#8034 = LINE('',#8035,#8036);
#8035 = CARTESIAN_POINT('',(-6.,-4.05,3.1));
#8036 = VECTOR('',#8037,1.);
#8037 = DIRECTION('',(-0.707106781187,0.707106781187,0.));
#8038 = ORIENTED_EDGE('',*,*,#6613,.T.);
#8039 = ORIENTED_EDGE('',*,*,#7987,.F.);
#8040 = ORIENTED_EDGE('',*,*,#8041,.F.);
#8041 = EDGE_CURVE('',#7882,#7980,#8042,.T.);
#8042 = LINE('',#8043,#8044);
#8043 = CARTESIAN_POINT('',(-6.,-5.25,3.1));
#8044 = VECTOR('',#8045,1.);
#8045 = DIRECTION('',(-1.,0.,0.));
#8046 = ORIENTED_EDGE('',*,*,#7881,.F.);
#8047 = PLANE('',#8048);
#8048 = AXIS2_PLACEMENT_3D('',#8049,#8050,#8051);
#8049 = CARTESIAN_POINT('',(-6.,-5.25,3.1));
#8050 = DIRECTION('',(0.,0.,1.));
#8051 = DIRECTION('',(0.,1.,0.));
#8052 = ADVANCED_FACE('',(#8053),#8059,.T.);
#8053 = FACE_BOUND('',#8054,.T.);
#8054 = EDGE_LOOP('',(#8055,#8056,#8057,#8058));
#8055 = ORIENTED_EDGE('',*,*,#7873,.T.);
#8056 = ORIENTED_EDGE('',*,*,#6258,.F.);
#8057 = ORIENTED_EDGE('',*,*,#6621,.F.);
#8058 = ORIENTED_EDGE('',*,*,#8033,.F.);
#8059 = PLANE('',#8060);
#8060 = AXIS2_PLACEMENT_3D('',#8061,#8062,#8063);
#8061 = CARTESIAN_POINT('',(-6.15,-3.9,5.35));
#8062 = DIRECTION('',(-0.707106781187,-0.707106781187,0.));
#8063 = DIRECTION('',(0.707106781187,-0.707106781187,0.));
#8064 = ADVANCED_FACE('',(#8065),#8071,.T.);
#8065 = FACE_BOUND('',#8066,.T.);
#8066 = EDGE_LOOP('',(#8067,#8068,#8069,#8070));
#8067 = ORIENTED_EDGE('',*,*,#7889,.F.);
#8068 = ORIENTED_EDGE('',*,*,#8041,.T.);
#8069 = ORIENTED_EDGE('',*,*,#7979,.F.);
#8070 = ORIENTED_EDGE('',*,*,#7955,.T.);
#8071 = PLANE('',#8072);
#8072 = AXIS2_PLACEMENT_3D('',#8073,#8074,#8075);
#8073 = CARTESIAN_POINT('',(-6.,-5.25,2.5));
#8074 = DIRECTION('',(0.,-1.,0.));
#8075 = DIRECTION('',(0.,0.,1.));
#8076 = ADVANCED_FACE('',(#8077),#8089,.T.);
#8077 = FACE_BOUND('',#8078,.T.);
#8078 = EDGE_LOOP('',(#8079,#8080,#8081,#8082,#8088));
#8079 = ORIENTED_EDGE('',*,*,#7777,.T.);
#8080 = ORIENTED_EDGE('',*,*,#7746,.F.);
#8081 = ORIENTED_EDGE('',*,*,#8002,.F.);
#8082 = ORIENTED_EDGE('',*,*,#8083,.F.);
#8083 = EDGE_CURVE('',#7843,#8003,#8084,.T.);
#8084 = LINE('',#8085,#8086);
#8085 = CARTESIAN_POINT('',(-6.,-12.75,2.));
#8086 = VECTOR('',#8087,1.);
#8087 = DIRECTION('',(-0.707106781187,0.,0.707106781187));
#8088 = ORIENTED_EDGE('',*,*,#7842,.T.);
#8089 = PLANE('',#8090);
#8090 = AXIS2_PLACEMENT_3D('',#8091,#8092,#8093);
#8091 = CARTESIAN_POINT('',(-6.25,-13.5,2.25));
#8092 = DIRECTION('',(-0.707106781187,0.,-0.707106781187));
#8093 = DIRECTION('',(0.707106781187,0.,-0.707106781187));
#8094 = ADVANCED_FACE('',(#8095),#8106,.T.);
#8095 = FACE_BOUND('',#8096,.T.);
#8096 = EDGE_LOOP('',(#8097,#8098,#8104,#8105));
#8097 = ORIENTED_EDGE('',*,*,#8019,.F.);
#8098 = ORIENTED_EDGE('',*,*,#8099,.F.);
#8099 = EDGE_CURVE('',#7851,#8012,#8100,.T.);
#8100 = LINE('',#8101,#8102);
#8101 = CARTESIAN_POINT('',(-6.,-12.75,3.1));
#8102 = VECTOR('',#8103,1.);
#8103 = DIRECTION('',(-1.,0.,0.));
#8104 = ORIENTED_EDGE('',*,*,#7850,.F.);
#8105 = ORIENTED_EDGE('',*,*,#8083,.T.);
#8106 = PLANE('',#8107);
#8107 = AXIS2_PLACEMENT_3D('',#8108,#8109,#8110);
#8108 = CARTESIAN_POINT('',(-6.,-12.75,3.1));
#8109 = DIRECTION('',(0.,1.,0.));
#8110 = DIRECTION('',(0.,0.,-1.));
#8111 = ADVANCED_FACE('',(#8112),#8124,.T.);
#8112 = FACE_BOUND('',#8113,.T.);
#8113 = EDGE_LOOP('',(#8114,#8120,#8121,#8122,#8123));
#8114 = ORIENTED_EDGE('',*,*,#8115,.T.);
#8115 = EDGE_CURVE('',#7723,#7859,#8116,.T.);
#8116 = LINE('',#8117,#8118);
#8117 = CARTESIAN_POINT('',(-6.3,-14.25,3.1));
#8118 = VECTOR('',#8119,1.);
#8119 = DIRECTION('',(0.707106781187,0.707106781187,0.));
#8120 = ORIENTED_EDGE('',*,*,#7858,.T.);
#8121 = ORIENTED_EDGE('',*,*,#8099,.T.);
#8122 = ORIENTED_EDGE('',*,*,#8011,.F.);
#8123 = ORIENTED_EDGE('',*,*,#7730,.F.);
#8124 = PLANE('',#8125);
#8125 = AXIS2_PLACEMENT_3D('',#8126,#8127,#8128);
#8126 = CARTESIAN_POINT('',(-6.,-14.25,3.1));
#8127 = DIRECTION('',(0.,0.,1.));
#8128 = DIRECTION('',(0.,1.,0.));
#8129 = ADVANCED_FACE('',(#8130),#8136,.T.);
#8130 = FACE_BOUND('',#8131,.T.);
#8131 = EDGE_LOOP('',(#8132,#8133,#8134,#8135));
#8132 = ORIENTED_EDGE('',*,*,#7722,.T.);
#8133 = ORIENTED_EDGE('',*,*,#6274,.F.);
#8134 = ORIENTED_EDGE('',*,*,#7866,.F.);
#8135 = ORIENTED_EDGE('',*,*,#8115,.F.);
#8136 = PLANE('',#8137);
#8137 = AXIS2_PLACEMENT_3D('',#8138,#8139,#8140);
#8138 = CARTESIAN_POINT('',(-6.15,-14.1,5.35));
#8139 = DIRECTION('',(-0.707106781187,0.707106781187,0.));
#8140 = DIRECTION('',(-0.707106781187,-0.707106781187,0.));
#8141 = ADVANCED_FACE('',(#8142),#8168,.T.);
#8142 = FACE_BOUND('',#8143,.T.);
#8143 = EDGE_LOOP('',(#8144,#8154,#8160,#8161,#8162));
#8144 = ORIENTED_EDGE('',*,*,#8145,.F.);
#8145 = EDGE_CURVE('',#8146,#8148,#8150,.T.);
#8146 = VERTEX_POINT('',#8147);
#8147 = CARTESIAN_POINT('',(-2.5,7.5,0.2));
#8148 = VERTEX_POINT('',#8149);
#8149 = CARTESIAN_POINT('',(-2.5,9.3,0.2));
#8150 = LINE('',#8151,#8152);
#8151 = CARTESIAN_POINT('',(-2.5,7.5,0.2));
#8152 = VECTOR('',#8153,1.);
#8153 = DIRECTION('',(0.,1.,0.));
#8154 = ORIENTED_EDGE('',*,*,#8155,.T.);
#8155 = EDGE_CURVE('',#8146,#4893,#8156,.T.);
#8156 = LINE('',#8157,#8158);
#8157 = CARTESIAN_POINT('',(-2.5,7.5,0.2));
#8158 = VECTOR('',#8159,1.);
#8159 = DIRECTION('',(-0.57735026919,-0.57735026919,-0.57735026919));
#8160 = ORIENTED_EDGE('',*,*,#4892,.T.);
#8161 = ORIENTED_EDGE('',*,*,#5724,.T.);
#8162 = ORIENTED_EDGE('',*,*,#8163,.F.);
#8163 = EDGE_CURVE('',#8148,#5717,#8164,.T.);
#8164 = LINE('',#8165,#8166);
#8165 = CARTESIAN_POINT('',(-2.5,9.3,0.2));
#8166 = VECTOR('',#8167,1.);
#8167 = DIRECTION('',(-0.57735026919,0.57735026919,-0.57735026919));
#8168 = PLANE('',#8169);
#8169 = AXIS2_PLACEMENT_3D('',#8170,#8171,#8172);
#8170 = CARTESIAN_POINT('',(-2.6,8.5,0.1));
#8171 = DIRECTION('',(0.707106781187,0.,-0.707106781187));
#8172 = DIRECTION('',(-0.707106781187,0.,-0.707106781187));
#8173 = ADVANCED_FACE('',(#8174),#8192,.F.);
#8174 = FACE_BOUND('',#8175,.T.);
#8175 = EDGE_LOOP('',(#8176,#8182,#8183,#8189,#8190,#8191));
#8176 = ORIENTED_EDGE('',*,*,#8177,.F.);
#8177 = EDGE_CURVE('',#8146,#5395,#8178,.T.);
#8178 = LINE('',#8179,#8180);
#8179 = CARTESIAN_POINT('',(-2.5,7.5,0.2));
#8180 = VECTOR('',#8181,1.);
#8181 = DIRECTION('',(0.,0.,1.));
#8182 = ORIENTED_EDGE('',*,*,#8145,.T.);
#8183 = ORIENTED_EDGE('',*,*,#8184,.F.);
#8184 = EDGE_CURVE('',#5533,#8148,#8185,.T.);
#8185 = LINE('',#8186,#8187);
#8186 = CARTESIAN_POINT('',(-2.5,9.3,2.));
#8187 = VECTOR('',#8188,1.);
#8188 = DIRECTION('',(0.,0.,-1.));
#8189 = ORIENTED_EDGE('',*,*,#5532,.F.);
#8190 = ORIENTED_EDGE('',*,*,#5469,.T.);
#8191 = ORIENTED_EDGE('',*,*,#5402,.F.);
#8192 = PLANE('',#8193);
#8193 = AXIS2_PLACEMENT_3D('',#8194,#8195,#8196);
#8194 = CARTESIAN_POINT('',(-2.5,7.5,0.));
#8195 = DIRECTION('',(-1.,0.,0.));
#8196 = DIRECTION('',(0.,1.,0.));
#8197 = ADVANCED_FACE('',(#8198),#8209,.F.);
#8198 = FACE_BOUND('',#8199,.T.);
#8199 = EDGE_LOOP('',(#8200,#8201,#8207,#8208));
#8200 = ORIENTED_EDGE('',*,*,#5515,.F.);
#8201 = ORIENTED_EDGE('',*,*,#8202,.F.);
#8202 = EDGE_CURVE('',#8146,#5508,#8203,.T.);
#8203 = LINE('',#8204,#8205);
#8204 = CARTESIAN_POINT('',(-2.5,7.5,0.2));
#8205 = VECTOR('',#8206,1.);
#8206 = DIRECTION('',(1.,0.,0.));
#8207 = ORIENTED_EDGE('',*,*,#8177,.T.);
#8208 = ORIENTED_EDGE('',*,*,#5394,.F.);
#8209 = PLANE('',#8210);
#8210 = AXIS2_PLACEMENT_3D('',#8211,#8212,#8213);
#8211 = CARTESIAN_POINT('',(2.5,7.5,0.));
#8212 = DIRECTION('',(0.,-1.,0.));
#8213 = DIRECTION('',(-1.,0.,0.));
#8214 = ADVANCED_FACE('',(#8215),#8221,.T.);
#8215 = FACE_BOUND('',#8216,.T.);
#8216 = EDGE_LOOP('',(#8217,#8218,#8219,#8220));
#8217 = ORIENTED_EDGE('',*,*,#4900,.F.);
#8218 = ORIENTED_EDGE('',*,*,#8155,.F.);
#8219 = ORIENTED_EDGE('',*,*,#8202,.T.);
#8220 = ORIENTED_EDGE('',*,*,#5619,.T.);
#8221 = PLANE('',#8222);
#8222 = AXIS2_PLACEMENT_3D('',#8223,#8224,#8225);
#8223 = CARTESIAN_POINT('',(-1.421E-14,7.4,0.1));
#8224 = DIRECTION('',(0.,0.707106781187,-0.707106781187));
#8225 = DIRECTION('',(0.,0.707106781187,0.707106781187));
#8226 = ADVANCED_FACE('',(#8227),#8234,.T.);
#8227 = FACE_BOUND('',#8228,.T.);
#8228 = EDGE_LOOP('',(#8229,#8230,#8231,#8232,#8233));
#8229 = ORIENTED_EDGE('',*,*,#5701,.F.);
#8230 = ORIENTED_EDGE('',*,*,#5556,.F.);
#8231 = ORIENTED_EDGE('',*,*,#8184,.T.);
#8232 = ORIENTED_EDGE('',*,*,#8163,.T.);
#8233 = ORIENTED_EDGE('',*,*,#5716,.T.);
#8234 = PLANE('',#8235);
#8235 = AXIS2_PLACEMENT_3D('',#8236,#8237,#8238);
#8236 = CARTESIAN_POINT('',(-2.6,9.4,1.));
#8237 = DIRECTION('',(0.707106781187,0.707106781187,0.));
#8238 = DIRECTION('',(0.707106781187,-0.707106781187,0.));
#8239 = ADVANCED_FACE('',(#8240),#8259,.T.);
#8240 = FACE_BOUND('',#8241,.T.);
#8241 = EDGE_LOOP('',(#8242,#8251,#8257,#8258));
#8242 = ORIENTED_EDGE('',*,*,#8243,.F.);
#8243 = EDGE_CURVE('',#8244,#8244,#8246,.T.);
#8244 = VERTEX_POINT('',#8245);
#8245 = CARTESIAN_POINT('',(-2.5,-0.,6.));
#8246 = CIRCLE('',#8247,2.5);
#8247 = AXIS2_PLACEMENT_3D('',#8248,#8249,#8250);
#8248 = CARTESIAN_POINT('',(0.,0.,6.));
#8249 = DIRECTION('',(0.,0.,1.));
#8250 = DIRECTION('',(1.,0.,-0.));
#8251 = ORIENTED_EDGE('',*,*,#8252,.T.);
#8252 = EDGE_CURVE('',#8244,#5330,#8253,.T.);
#8253 = LINE('',#8254,#8255);
#8254 = CARTESIAN_POINT('',(-2.5,-3.1E-16,2.5));
#8255 = VECTOR('',#8256,1.);
#8256 = DIRECTION('',(0.,0.,-1.));
#8257 = ORIENTED_EDGE('',*,*,#5329,.T.);
#8258 = ORIENTED_EDGE('',*,*,#8252,.F.);
#8259 = CYLINDRICAL_SURFACE('',#8260,2.5);
#8260 = AXIS2_PLACEMENT_3D('',#8261,#8262,#8263);
#8261 = CARTESIAN_POINT('',(0.,0.,2.5));
#8262 = DIRECTION('',(0.,0.,1.));
#8263 = DIRECTION('',(1.,0.,-0.));
#8264 = ADVANCED_FACE('',(#8265),#8268,.T.);
#8265 = FACE_BOUND('',#8266,.T.);
#8266 = EDGE_LOOP('',(#8267));
#8267 = ORIENTED_EDGE('',*,*,#8243,.T.);
#8268 = PLANE('',#8269);
#8269 = AXIS2_PLACEMENT_3D('',#8270,#8271,#8272);
#8270 = CARTESIAN_POINT('',(0.,0.,6.));
#8271 = DIRECTION('',(0.,0.,1.));
#8272 = DIRECTION('',(1.,0.,-0.));
#8273 = ADVANCED_FACE('',(#8274),#8285,.F.);
#8274 = FACE_BOUND('',#8275,.F.);
#8275 = EDGE_LOOP('',(#8276,#8282,#8283,#8284));
#8276 = ORIENTED_EDGE('',*,*,#8277,.T.);
#8277 = EDGE_CURVE('',#5088,#5344,#8278,.T.);
#8278 = LINE('',#8279,#8280);
#8279 = CARTESIAN_POINT('',(-9.,7.5,4.5));
#8280 = VECTOR('',#8281,1.);
#8281 = DIRECTION('',(0.,0.,1.));
#8282 = ORIENTED_EDGE('',*,*,#5343,.F.);
#8283 = ORIENTED_EDGE('',*,*,#8277,.F.);
#8284 = ORIENTED_EDGE('',*,*,#5087,.T.);
#8285 = CYLINDRICAL_SURFACE('',#8286,1.);
#8286 = AXIS2_PLACEMENT_3D('',#8287,#8288,#8289);
#8287 = CARTESIAN_POINT('',(-8.,7.5,4.5));
#8288 = DIRECTION('',(0.,0.,1.));
#8289 = DIRECTION('',(1.,0.,-0.));
#8290 = ADVANCED_FACE('',(#8291),#8302,.F.);
#8291 = FACE_BOUND('',#8292,.F.);
#8292 = EDGE_LOOP('',(#8293,#8299,#8300,#8301));
#8293 = ORIENTED_EDGE('',*,*,#8294,.T.);
#8294 = EDGE_CURVE('',#5099,#5355,#8295,.T.);
#8295 = LINE('',#8296,#8297);
#8296 = CARTESIAN_POINT('',(7.,-22.5,4.5));
#8297 = VECTOR('',#8298,1.);
#8298 = DIRECTION('',(0.,0.,1.));
#8299 = ORIENTED_EDGE('',*,*,#5354,.F.);
#8300 = ORIENTED_EDGE('',*,*,#8294,.F.);
#8301 = ORIENTED_EDGE('',*,*,#5098,.T.);
#8302 = CYLINDRICAL_SURFACE('',#8303,1.);
#8303 = AXIS2_PLACEMENT_3D('',#8304,#8305,#8306);
#8304 = CARTESIAN_POINT('',(8.,-22.5,4.5));
#8305 = DIRECTION('',(0.,0.,1.));
#8306 = DIRECTION('',(1.,0.,-0.));
#8307 = ADVANCED_FACE('',(#8308),#8319,.F.);
#8308 = FACE_BOUND('',#8309,.F.);
#8309 = EDGE_LOOP('',(#8310,#8316,#8317,#8318));
#8310 = ORIENTED_EDGE('',*,*,#8311,.T.);
#8311 = EDGE_CURVE('',#5110,#5366,#8312,.T.);
#8312 = LINE('',#8313,#8314);
#8313 = CARTESIAN_POINT('',(-9.,-22.5,4.5));
#8314 = VECTOR('',#8315,1.);
#8315 = DIRECTION('',(0.,0.,1.));
#8316 = ORIENTED_EDGE('',*,*,#5365,.F.);
#8317 = ORIENTED_EDGE('',*,*,#8311,.F.);
#8318 = ORIENTED_EDGE('',*,*,#5109,.T.);
#8319 = CYLINDRICAL_SURFACE('',#8320,1.);
#8320 = AXIS2_PLACEMENT_3D('',#8321,#8322,#8323);
#8321 = CARTESIAN_POINT('',(-8.,-22.5,4.5));
#8322 = DIRECTION('',(0.,0.,1.));
#8323 = DIRECTION('',(1.,0.,-0.));
#8324 = ADVANCED_FACE('',(#8325),#8344,.F.);
#8325 = FACE_BOUND('',#8326,.F.);
#8326 = EDGE_LOOP('',(#8327,#8335,#8336,#8337));
#8327 = ORIENTED_EDGE('',*,*,#8328,.T.);
#8328 = EDGE_CURVE('',#8329,#5411,#8331,.T.);
#8329 = VERTEX_POINT('',#8330);
#8330 = CARTESIAN_POINT('',(-9.1,4.5,0.7));
#8331 = LINE('',#8332,#8333);
#8332 = CARTESIAN_POINT('',(-9.1,4.5,4.5));
#8333 = VECTOR('',#8334,1.);
#8334 = DIRECTION('',(0.,0.,1.));
#8335 = ORIENTED_EDGE('',*,*,#5410,.F.);
#8336 = ORIENTED_EDGE('',*,*,#8328,.F.);
#8337 = ORIENTED_EDGE('',*,*,#8338,.T.);
#8338 = EDGE_CURVE('',#8329,#8329,#8339,.T.);
#8339 = CIRCLE('',#8340,0.7);
#8340 = AXIS2_PLACEMENT_3D('',#8341,#8342,#8343);
#8341 = CARTESIAN_POINT('',(-8.4,4.5,0.7));
#8342 = DIRECTION('',(0.,0.,1.));
#8343 = DIRECTION('',(1.,0.,-0.));
#8344 = CYLINDRICAL_SURFACE('',#8345,0.7);
#8345 = AXIS2_PLACEMENT_3D('',#8346,#8347,#8348);
#8346 = CARTESIAN_POINT('',(-8.4,4.5,4.5));
#8347 = DIRECTION('',(0.,0.,1.));
#8348 = DIRECTION('',(1.,0.,-0.));
#8349 = ADVANCED_FACE('',(#8350),#8353,.T.);
#8350 = FACE_BOUND('',#8351,.T.);
#8351 = EDGE_LOOP('',(#8352));
#8352 = ORIENTED_EDGE('',*,*,#8338,.T.);
#8353 = PLANE('',#8354);
#8354 = AXIS2_PLACEMENT_3D('',#8355,#8356,#8357);
#8355 = CARTESIAN_POINT('',(0.,0.,0.7));
#8356 = DIRECTION('',(0.,0.,1.));
#8357 = DIRECTION('',(1.,0.,-0.));
#8358 = ADVANCED_FACE('',(#8359),#8370,.T.);
#8359 = FACE_BOUND('',#8360,.T.);
#8360 = EDGE_LOOP('',(#8361));
#8361 = ORIENTED_EDGE('',*,*,#8362,.T.);
#8362 = EDGE_CURVE('',#8363,#8363,#8365,.T.);
#8363 = VERTEX_POINT('',#8364);
#8364 = CARTESIAN_POINT('',(7.7,4.5,0.7));
#8365 = CIRCLE('',#8366,0.7);
#8366 = AXIS2_PLACEMENT_3D('',#8367,#8368,#8369);
#8367 = CARTESIAN_POINT('',(8.4,4.5,0.7));
#8368 = DIRECTION('',(0.,0.,1.));
#8369 = DIRECTION('',(1.,0.,-0.));
#8370 = PLANE('',#8371);
#8371 = AXIS2_PLACEMENT_3D('',#8372,#8373,#8374);
#8372 = CARTESIAN_POINT('',(0.,0.,0.7));
#8373 = DIRECTION('',(0.,0.,1.));
#8374 = DIRECTION('',(1.,0.,-0.));
#8375 = ADVANCED_FACE('',(#8376),#8387,.T.);
#8376 = FACE_BOUND('',#8377,.T.);
#8377 = EDGE_LOOP('',(#8378));
#8378 = ORIENTED_EDGE('',*,*,#8379,.T.);
#8379 = EDGE_CURVE('',#8380,#8380,#8382,.T.);
#8380 = VERTEX_POINT('',#8381);
#8381 = CARTESIAN_POINT('',(4.2,-22.9,0.7));
#8382 = CIRCLE('',#8383,0.7);
#8383 = AXIS2_PLACEMENT_3D('',#8384,#8385,#8386);
#8384 = CARTESIAN_POINT('',(4.9,-22.9,0.7));
#8385 = DIRECTION('',(0.,0.,1.));
#8386 = DIRECTION('',(1.,0.,-0.));
#8387 = PLANE('',#8388);
#8388 = AXIS2_PLACEMENT_3D('',#8389,#8390,#8391);
#8389 = CARTESIAN_POINT('',(0.,0.,0.7));
#8390 = DIRECTION('',(0.,0.,1.));
#8391 = DIRECTION('',(1.,0.,-0.));
#8392 = ADVANCED_FACE('',(#8393),#8404,.T.);
#8393 = FACE_BOUND('',#8394,.T.);
#8394 = EDGE_LOOP('',(#8395));
#8395 = ORIENTED_EDGE('',*,*,#8396,.T.);
#8396 = EDGE_CURVE('',#8397,#8397,#8399,.T.);
#8397 = VERTEX_POINT('',#8398);
#8398 = CARTESIAN_POINT('',(-9.1,-19.4,0.7));
#8399 = CIRCLE('',#8400,0.7);
#8400 = AXIS2_PLACEMENT_3D('',#8401,#8402,#8403);
#8401 = CARTESIAN_POINT('',(-8.4,-19.4,0.7));
#8402 = DIRECTION('',(0.,0.,1.));
#8403 = DIRECTION('',(1.,0.,-0.));
#8404 = PLANE('',#8405);
#8405 = AXIS2_PLACEMENT_3D('',#8406,#8407,#8408);
#8406 = CARTESIAN_POINT('',(0.,0.,0.7));
#8407 = DIRECTION('',(0.,0.,1.));
#8408 = DIRECTION('',(1.,0.,-0.));
#8409 = ADVANCED_FACE('',(#8410),#8421,.F.);
#8410 = FACE_BOUND('',#8411,.F.);
#8411 = EDGE_LOOP('',(#8412,#8418,#8419,#8420));
#8412 = ORIENTED_EDGE('',*,*,#8413,.T.);
#8413 = EDGE_CURVE('',#8363,#5422,#8414,.T.);
#8414 = LINE('',#8415,#8416);
#8415 = CARTESIAN_POINT('',(7.7,4.5,4.5));
#8416 = VECTOR('',#8417,1.);
#8417 = DIRECTION('',(0.,0.,1.));
#8418 = ORIENTED_EDGE('',*,*,#5421,.F.);
#8419 = ORIENTED_EDGE('',*,*,#8413,.F.);
#8420 = ORIENTED_EDGE('',*,*,#8362,.T.);
#8421 = CYLINDRICAL_SURFACE('',#8422,0.7);
#8422 = AXIS2_PLACEMENT_3D('',#8423,#8424,#8425);
#8423 = CARTESIAN_POINT('',(8.4,4.5,4.5));
#8424 = DIRECTION('',(0.,0.,1.));
#8425 = DIRECTION('',(1.,0.,-0.));
#8426 = ADVANCED_FACE('',(#8427),#8438,.F.);
#8427 = FACE_BOUND('',#8428,.F.);
#8428 = EDGE_LOOP('',(#8429,#8435,#8436,#8437));
#8429 = ORIENTED_EDGE('',*,*,#8430,.T.);
#8430 = EDGE_CURVE('',#8380,#5433,#8431,.T.);
#8431 = LINE('',#8432,#8433);
#8432 = CARTESIAN_POINT('',(4.2,-22.9,4.5));
#8433 = VECTOR('',#8434,1.);
#8434 = DIRECTION('',(0.,0.,1.));
#8435 = ORIENTED_EDGE('',*,*,#5432,.F.);
#8436 = ORIENTED_EDGE('',*,*,#8430,.F.);
#8437 = ORIENTED_EDGE('',*,*,#8379,.T.);
#8438 = CYLINDRICAL_SURFACE('',#8439,0.7);
#8439 = AXIS2_PLACEMENT_3D('',#8440,#8441,#8442);
#8440 = CARTESIAN_POINT('',(4.9,-22.9,4.5));
#8441 = DIRECTION('',(0.,0.,1.));
#8442 = DIRECTION('',(1.,0.,-0.));
#8443 = ADVANCED_FACE('',(#8444),#8455,.F.);
#8444 = FACE_BOUND('',#8445,.F.);
#8445 = EDGE_LOOP('',(#8446,#8452,#8453,#8454));
#8446 = ORIENTED_EDGE('',*,*,#8447,.T.);
#8447 = EDGE_CURVE('',#8397,#5444,#8448,.T.);
#8448 = LINE('',#8449,#8450);
#8449 = CARTESIAN_POINT('',(-9.1,-19.4,4.5));
#8450 = VECTOR('',#8451,1.);
#8451 = DIRECTION('',(0.,0.,1.));
#8452 = ORIENTED_EDGE('',*,*,#5443,.F.);
#8453 = ORIENTED_EDGE('',*,*,#8447,.F.);
#8454 = ORIENTED_EDGE('',*,*,#8396,.T.);
#8455 = CYLINDRICAL_SURFACE('',#8456,0.7);
#8456 = AXIS2_PLACEMENT_3D('',#8457,#8458,#8459);
#8457 = CARTESIAN_POINT('',(-8.4,-19.4,4.5));
#8458 = DIRECTION('',(0.,0.,1.));
#8459 = DIRECTION('',(1.,0.,-0.));
#8460 = ADVANCED_FACE('',(#8461),#8480,.T.);
#8461 = FACE_BOUND('',#8462,.T.);
#8462 = EDGE_LOOP('',(#8463,#8464,#8472,#8479));
#8463 = ORIENTED_EDGE('',*,*,#5137,.F.);
#8464 = ORIENTED_EDGE('',*,*,#8465,.T.);
#8465 = EDGE_CURVE('',#5138,#8466,#8468,.T.);
#8466 = VERTEX_POINT('',#8467);
#8467 = CARTESIAN_POINT('',(5.,-1.E-15,0.3));
#8468 = LINE('',#8469,#8470);
#8469 = CARTESIAN_POINT('',(5.,-6.1E-16,0.));
#8470 = VECTOR('',#8471,1.);
#8471 = DIRECTION('',(0.,0.,1.));
#8472 = ORIENTED_EDGE('',*,*,#8473,.F.);
#8473 = EDGE_CURVE('',#8466,#8466,#8474,.T.);
#8474 = CIRCLE('',#8475,5.);
#8475 = AXIS2_PLACEMENT_3D('',#8476,#8477,#8478);
#8476 = CARTESIAN_POINT('',(0.,0.,0.3));
#8477 = DIRECTION('',(0.,0.,1.));
#8478 = DIRECTION('',(-1.,0.,0.));
#8479 = ORIENTED_EDGE('',*,*,#8465,.F.);
#8480 = CYLINDRICAL_SURFACE('',#8481,5.);
#8481 = AXIS2_PLACEMENT_3D('',#8482,#8483,#8484);
#8482 = CARTESIAN_POINT('',(0.,0.,0.));
#8483 = DIRECTION('',(0.,0.,-1.));
#8484 = DIRECTION('',(-1.,0.,0.));
#8485 = ADVANCED_FACE('',(#8486,#8497),#8500,.T.);
#8486 = FACE_BOUND('',#8487,.T.);
#8487 = EDGE_LOOP('',(#8488));
#8488 = ORIENTED_EDGE('',*,*,#8489,.T.);
#8489 = EDGE_CURVE('',#8490,#8490,#8492,.T.);
#8490 = VERTEX_POINT('',#8491);
#8491 = CARTESIAN_POINT('',(7.,-1.E-15,0.3));
#8492 = CIRCLE('',#8493,7.);
#8493 = AXIS2_PLACEMENT_3D('',#8494,#8495,#8496);
#8494 = CARTESIAN_POINT('',(0.,0.,0.3));
#8495 = DIRECTION('',(0.,0.,-1.));
#8496 = DIRECTION('',(-1.,0.,0.));
#8497 = FACE_BOUND('',#8498,.T.);
#8498 = EDGE_LOOP('',(#8499));
#8499 = ORIENTED_EDGE('',*,*,#8473,.T.);
#8500 = PLANE('',#8501);
#8501 = AXIS2_PLACEMENT_3D('',#8502,#8503,#8504);
#8502 = CARTESIAN_POINT('',(0.,0.,0.3));
#8503 = DIRECTION('',(0.,0.,-1.));
#8504 = DIRECTION('',(-1.,0.,0.));
#8505 = ADVANCED_FACE('',(#8506),#8517,.F.);
#8506 = FACE_BOUND('',#8507,.F.);
#8507 = EDGE_LOOP('',(#8508,#8514,#8515,#8516));
#8508 = ORIENTED_EDGE('',*,*,#8509,.T.);
#8509 = EDGE_CURVE('',#8490,#5121,#8510,.T.);
#8510 = LINE('',#8511,#8512);
#8511 = CARTESIAN_POINT('',(7.,-8.6E-16,0.));
#8512 = VECTOR('',#8513,1.);
#8513 = DIRECTION('',(0.,0.,-1.));
#8514 = ORIENTED_EDGE('',*,*,#5120,.F.);
#8515 = ORIENTED_EDGE('',*,*,#8509,.F.);
#8516 = ORIENTED_EDGE('',*,*,#8489,.T.);
#8517 = CYLINDRICAL_SURFACE('',#8518,7.);
#8518 = AXIS2_PLACEMENT_3D('',#8519,#8520,#8521);
#8519 = CARTESIAN_POINT('',(0.,0.,0.));
#8520 = DIRECTION('',(0.,0.,-1.));
#8521 = DIRECTION('',(-1.,0.,0.));
#8522 = ADVANCED_FACE('',(#8523),#8551,.F.);
#8523 = FACE_BOUND('',#8524,.F.);
#8524 = EDGE_LOOP('',(#8525,#8536,#8542,#8543,#8544));
#8525 = ORIENTED_EDGE('',*,*,#8526,.F.);
#8526 = EDGE_CURVE('',#8527,#8529,#8531,.T.);
#8527 = VERTEX_POINT('',#8528);
#8528 = CARTESIAN_POINT('',(0.,3.35,0.2));
#8529 = VERTEX_POINT('',#8530);
#8530 = CARTESIAN_POINT('',(3.35,0.,0.2));
#8531 = CIRCLE('',#8532,3.35);
#8532 = AXIS2_PLACEMENT_3D('',#8533,#8534,#8535);
#8533 = CARTESIAN_POINT('',(0.,0.,0.2));
#8534 = DIRECTION('',(0.,0.,1.));
#8535 = DIRECTION('',(-1.,0.,0.));
#8536 = ORIENTED_EDGE('',*,*,#8537,.T.);
#8537 = EDGE_CURVE('',#8527,#5149,#8538,.T.);
#8538 = LINE('',#8539,#8540);
#8539 = CARTESIAN_POINT('',(4.2E-16,3.449999999086,0.100000000914));
#8540 = VECTOR('',#8541,1.);
#8541 = DIRECTION('',(9.E-17,0.707106781187,-0.707106781187));
#8542 = ORIENTED_EDGE('',*,*,#5148,.T.);
#8543 = ORIENTED_EDGE('',*,*,#8537,.F.);
#8544 = ORIENTED_EDGE('',*,*,#8545,.F.);
#8545 = EDGE_CURVE('',#8529,#8527,#8546,.T.);
#8546 = CIRCLE('',#8547,3.35);
#8547 = AXIS2_PLACEMENT_3D('',#8548,#8549,#8550);
#8548 = CARTESIAN_POINT('',(0.,0.,0.2));
#8549 = DIRECTION('',(0.,0.,1.));
#8550 = DIRECTION('',(-1.,0.,0.));
#8551 = CONICAL_SURFACE('',#8552,3.449999999086,0.785398163397);
#8552 = AXIS2_PLACEMENT_3D('',#8553,#8554,#8555);
#8553 = CARTESIAN_POINT('',(0.,0.,0.100000000914));
#8554 = DIRECTION('',(0.,0.,-1.));
#8555 = DIRECTION('',(0.,-1.,0.));
#8556 = ADVANCED_FACE('',(#8557),#8577,.F.);
#8557 = FACE_BOUND('',#8558,.F.);
#8558 = EDGE_LOOP('',(#8559,#8567,#8568,#8569,#8570));
#8559 = ORIENTED_EDGE('',*,*,#8560,.T.);
#8560 = EDGE_CURVE('',#8561,#8529,#8563,.T.);
#8561 = VERTEX_POINT('',#8562);
#8562 = CARTESIAN_POINT('',(3.35,-0.,1.2));
#8563 = LINE('',#8564,#8565);
#8564 = CARTESIAN_POINT('',(3.35,-4.1E-16,0.));
#8565 = VECTOR('',#8566,1.);
#8566 = DIRECTION('',(0.,0.,-1.));
#8567 = ORIENTED_EDGE('',*,*,#8545,.T.);
#8568 = ORIENTED_EDGE('',*,*,#8526,.T.);
#8569 = ORIENTED_EDGE('',*,*,#8560,.F.);
#8570 = ORIENTED_EDGE('',*,*,#8571,.T.);
#8571 = EDGE_CURVE('',#8561,#8561,#8572,.T.);
#8572 = CIRCLE('',#8573,3.35);
#8573 = AXIS2_PLACEMENT_3D('',#8574,#8575,#8576);
#8574 = CARTESIAN_POINT('',(0.,0.,1.2));
#8575 = DIRECTION('',(0.,0.,-1.));
#8576 = DIRECTION('',(-1.,0.,0.));
#8577 = CYLINDRICAL_SURFACE('',#8578,3.35);
#8578 = AXIS2_PLACEMENT_3D('',#8579,#8580,#8581);
#8579 = CARTESIAN_POINT('',(0.,0.,0.));
#8580 = DIRECTION('',(0.,0.,-1.));
#8581 = DIRECTION('',(-1.,0.,0.));
#8582 = ADVANCED_FACE('',(#8583,#8586),#8597,.T.);
#8583 = FACE_BOUND('',#8584,.T.);
#8584 = EDGE_LOOP('',(#8585));
#8585 = ORIENTED_EDGE('',*,*,#8571,.T.);
#8586 = FACE_BOUND('',#8587,.T.);
#8587 = EDGE_LOOP('',(#8588));
#8588 = ORIENTED_EDGE('',*,*,#8589,.T.);
#8589 = EDGE_CURVE('',#8590,#8590,#8592,.T.);
#8590 = VERTEX_POINT('',#8591);
#8591 = CARTESIAN_POINT('',(0.,2.8,1.2));
#8592 = CIRCLE('',#8593,2.8);
#8593 = AXIS2_PLACEMENT_3D('',#8594,#8595,#8596);
#8594 = CARTESIAN_POINT('',(0.,0.,1.2));
#8595 = DIRECTION('',(0.,0.,1.));
#8596 = DIRECTION('',(-1.,0.,0.));
#8597 = PLANE('',#8598);
#8598 = AXIS2_PLACEMENT_3D('',#8599,#8600,#8601);
#8599 = CARTESIAN_POINT('',(0.,0.,1.2));
#8600 = DIRECTION('',(0.,0.,-1.));
#8601 = DIRECTION('',(-1.,0.,0.));
#8602 = ADVANCED_FACE('',(#8603),#8631,.F.);
#8603 = FACE_BOUND('',#8604,.F.);
#8604 = EDGE_LOOP('',(#8605,#8616,#8622,#8623,#8624));
#8605 = ORIENTED_EDGE('',*,*,#8606,.F.);
#8606 = EDGE_CURVE('',#8607,#8609,#8611,.T.);
#8607 = VERTEX_POINT('',#8608);
#8608 = CARTESIAN_POINT('',(0.,2.6,1.4));
#8609 = VERTEX_POINT('',#8610);
#8610 = CARTESIAN_POINT('',(2.6,0.,1.4));
#8611 = CIRCLE('',#8612,2.6);
#8612 = AXIS2_PLACEMENT_3D('',#8613,#8614,#8615);
#8613 = CARTESIAN_POINT('',(0.,0.,1.4));
#8614 = DIRECTION('',(0.,0.,1.));
#8615 = DIRECTION('',(-1.,0.,0.));
#8616 = ORIENTED_EDGE('',*,*,#8617,.T.);
#8617 = EDGE_CURVE('',#8607,#8590,#8618,.T.);
#8618 = LINE('',#8619,#8620);
#8619 = CARTESIAN_POINT('',(3.3E-16,2.699999998467,1.300000001533));
#8620 = VECTOR('',#8621,1.);
#8621 = DIRECTION('',(9.E-17,0.707106781187,-0.707106781187));
#8622 = ORIENTED_EDGE('',*,*,#8589,.T.);
#8623 = ORIENTED_EDGE('',*,*,#8617,.F.);
#8624 = ORIENTED_EDGE('',*,*,#8625,.F.);
#8625 = EDGE_CURVE('',#8609,#8607,#8626,.T.);
#8626 = CIRCLE('',#8627,2.6);
#8627 = AXIS2_PLACEMENT_3D('',#8628,#8629,#8630);
#8628 = CARTESIAN_POINT('',(0.,0.,1.4));
#8629 = DIRECTION('',(0.,0.,1.));
#8630 = DIRECTION('',(-1.,0.,0.));
#8631 = CONICAL_SURFACE('',#8632,2.699999998467,0.785398163397);
#8632 = AXIS2_PLACEMENT_3D('',#8633,#8634,#8635);
#8633 = CARTESIAN_POINT('',(0.,0.,1.300000001533));
#8634 = DIRECTION('',(0.,0.,-1.));
#8635 = DIRECTION('',(0.,-1.,0.));
#8636 = ADVANCED_FACE('',(#8637),#8657,.F.);
#8637 = FACE_BOUND('',#8638,.F.);
#8638 = EDGE_LOOP('',(#8639,#8647,#8648,#8649,#8650));
#8639 = ORIENTED_EDGE('',*,*,#8640,.T.);
#8640 = EDGE_CURVE('',#8641,#8609,#8643,.T.);
#8641 = VERTEX_POINT('',#8642);
#8642 = CARTESIAN_POINT('',(2.6,-0.,1.8));
#8643 = LINE('',#8644,#8645);
#8644 = CARTESIAN_POINT('',(2.6,-3.2E-16,1.2));
#8645 = VECTOR('',#8646,1.);
#8646 = DIRECTION('',(0.,0.,-1.));
#8647 = ORIENTED_EDGE('',*,*,#8625,.T.);
#8648 = ORIENTED_EDGE('',*,*,#8606,.T.);
#8649 = ORIENTED_EDGE('',*,*,#8640,.F.);
#8650 = ORIENTED_EDGE('',*,*,#8651,.T.);
#8651 = EDGE_CURVE('',#8641,#8641,#8652,.T.);
#8652 = CIRCLE('',#8653,2.6);
#8653 = AXIS2_PLACEMENT_3D('',#8654,#8655,#8656);
#8654 = CARTESIAN_POINT('',(0.,0.,1.8));
#8655 = DIRECTION('',(0.,0.,-1.));
#8656 = DIRECTION('',(-1.,0.,0.));
#8657 = CYLINDRICAL_SURFACE('',#8658,2.6);
#8658 = AXIS2_PLACEMENT_3D('',#8659,#8660,#8661);
#8659 = CARTESIAN_POINT('',(0.,0.,1.2));
#8660 = DIRECTION('',(0.,0.,-1.));
#8661 = DIRECTION('',(-1.,0.,0.));
#8662 = ADVANCED_FACE('',(#8663,#8666),#8677,.T.);
#8663 = FACE_BOUND('',#8664,.T.);
#8664 = EDGE_LOOP('',(#8665));
#8665 = ORIENTED_EDGE('',*,*,#8651,.T.);
#8666 = FACE_BOUND('',#8667,.T.);
#8667 = EDGE_LOOP('',(#8668));
#8668 = ORIENTED_EDGE('',*,*,#8669,.T.);
#8669 = EDGE_CURVE('',#8670,#8670,#8672,.T.);
#8670 = VERTEX_POINT('',#8671);
#8671 = CARTESIAN_POINT('',(0.,1.3,1.8));
#8672 = CIRCLE('',#8673,1.3);
#8673 = AXIS2_PLACEMENT_3D('',#8674,#8675,#8676);
#8674 = CARTESIAN_POINT('',(0.,0.,1.8));
#8675 = DIRECTION('',(0.,0.,1.));
#8676 = DIRECTION('',(-1.,0.,0.));
#8677 = PLANE('',#8678);
#8678 = AXIS2_PLACEMENT_3D('',#8679,#8680,#8681);
#8679 = CARTESIAN_POINT('',(0.,0.,1.8));
#8680 = DIRECTION('',(0.,0.,-1.));
#8681 = DIRECTION('',(-1.,0.,0.));
#8682 = ADVANCED_FACE('',(#8683),#8711,.F.);
#8683 = FACE_BOUND('',#8684,.F.);
#8684 = EDGE_LOOP('',(#8685,#8696,#8702,#8703,#8704));
#8685 = ORIENTED_EDGE('',*,*,#8686,.F.);
#8686 = EDGE_CURVE('',#8687,#8689,#8691,.T.);
#8687 = VERTEX_POINT('',#8688);
#8688 = CARTESIAN_POINT('',(0.,1.1,2.));
#8689 = VERTEX_POINT('',#8690);
#8690 = CARTESIAN_POINT('',(1.1,0.,2.));
#8691 = CIRCLE('',#8692,1.1);
#8692 = AXIS2_PLACEMENT_3D('',#8693,#8694,#8695);
#8693 = CARTESIAN_POINT('',(0.,0.,2.));
#8694 = DIRECTION('',(0.,0.,1.));
#8695 = DIRECTION('',(-1.,0.,0.));
#8696 = ORIENTED_EDGE('',*,*,#8697,.T.);
#8697 = EDGE_CURVE('',#8687,#8670,#8698,.T.);
#8698 = LINE('',#8699,#8700);
#8699 = CARTESIAN_POINT('',(1.5E-16,1.199999996749,1.900000003251));
#8700 = VECTOR('',#8701,1.);
#8701 = DIRECTION('',(9.E-17,0.707106781187,-0.707106781187));
#8702 = ORIENTED_EDGE('',*,*,#8669,.T.);
#8703 = ORIENTED_EDGE('',*,*,#8697,.F.);
#8704 = ORIENTED_EDGE('',*,*,#8705,.F.);
#8705 = EDGE_CURVE('',#8689,#8687,#8706,.T.);
#8706 = CIRCLE('',#8707,1.1);
#8707 = AXIS2_PLACEMENT_3D('',#8708,#8709,#8710);
#8708 = CARTESIAN_POINT('',(0.,0.,2.));
#8709 = DIRECTION('',(0.,0.,1.));
#8710 = DIRECTION('',(-1.,0.,0.));
#8711 = CONICAL_SURFACE('',#8712,1.199999996749,0.785398163397);
#8712 = AXIS2_PLACEMENT_3D('',#8713,#8714,#8715);
#8713 = CARTESIAN_POINT('',(0.,0.,1.900000003251));
#8714 = DIRECTION('',(0.,0.,-1.));
#8715 = DIRECTION('',(0.,-1.,0.));
#8716 = ADVANCED_FACE('',(#8717),#8737,.F.);
#8717 = FACE_BOUND('',#8718,.F.);
#8718 = EDGE_LOOP('',(#8719,#8727,#8728,#8729,#8730));
#8719 = ORIENTED_EDGE('',*,*,#8720,.T.);
#8720 = EDGE_CURVE('',#8721,#8689,#8723,.T.);
#8721 = VERTEX_POINT('',#8722);
#8722 = CARTESIAN_POINT('',(1.1,-0.,5.2));
#8723 = LINE('',#8724,#8725);
#8724 = CARTESIAN_POINT('',(1.1,-1.3E-16,1.2));
#8725 = VECTOR('',#8726,1.);
#8726 = DIRECTION('',(0.,0.,-1.));
#8727 = ORIENTED_EDGE('',*,*,#8705,.T.);
#8728 = ORIENTED_EDGE('',*,*,#8686,.T.);
#8729 = ORIENTED_EDGE('',*,*,#8720,.F.);
#8730 = ORIENTED_EDGE('',*,*,#8731,.T.);
#8731 = EDGE_CURVE('',#8721,#8721,#8732,.T.);
#8732 = CIRCLE('',#8733,1.1);
#8733 = AXIS2_PLACEMENT_3D('',#8734,#8735,#8736);
#8734 = CARTESIAN_POINT('',(0.,0.,5.2));
#8735 = DIRECTION('',(0.,0.,-1.));
#8736 = DIRECTION('',(-1.,0.,0.));
#8737 = CYLINDRICAL_SURFACE('',#8738,1.1);
#8738 = AXIS2_PLACEMENT_3D('',#8739,#8740,#8741);
#8739 = CARTESIAN_POINT('',(0.,0.,1.2));
#8740 = DIRECTION('',(0.,0.,-1.));
#8741 = DIRECTION('',(-1.,0.,0.));
#8742 = ADVANCED_FACE('',(#8743),#8746,.T.);
#8743 = FACE_BOUND('',#8744,.T.);
#8744 = EDGE_LOOP('',(#8745));
#8745 = ORIENTED_EDGE('',*,*,#8731,.T.);
#8746 = PLANE('',#8747);
#8747 = AXIS2_PLACEMENT_3D('',#8748,#8749,#8750);
#8748 = CARTESIAN_POINT('',(0.,0.,5.2));
#8749 = DIRECTION('',(0.,0.,-1.));
#8750 = DIRECTION('',(-1.,0.,0.));
#8751 = ( GEOMETRIC_REPRESENTATION_CONTEXT(3) 
GLOBAL_UNCERTAINTY_ASSIGNED_CONTEXT((#8755)) 
GLOBAL_UNIT_ASSIGNED_CONTEXT((#8752,#8753,#8754)) REPRESENTATION_CONTEXT
('Context #1','3D Context with UNIT and UNCERTAINTY') );
#8752 = ( LENGTH_UNIT() NAMED_UNIT(*) SI_UNIT(.MILLI.,.METRE.) );
#8753 = ( NAMED_UNIT(*) PLANE_ANGLE_UNIT() SI_UNIT($,.RADIAN.) );
#8754 = ( NAMED_UNIT(*) SI_UNIT($,.STERADIAN.) SOLID_ANGLE_UNIT() );
#8755 = UNCERTAINTY_MEASURE_WITH_UNIT(LENGTH_MEASURE(1.E-07),#8752,
  'distance_accuracy_value','confusion accuracy');
#8756 = CONTEXT_DEPENDENT_SHAPE_REPRESENTATION(#8757,#8759);
#8757 = ( REPRESENTATION_RELATIONSHIP('','',#4875,#10) 
REPRESENTATION_RELATIONSHIP_WITH_TRANSFORMATION(#8758) 
SHAPE_REPRESENTATION_RELATIONSHIP() );
#8758 = ITEM_DEFINED_TRANSFORMATION('','',#11,#23);
#8759 = PRODUCT_DEFINITION_SHAPE('Placement','Placement of an item',
  #8760);
#8760 = NEXT_ASSEMBLY_USAGE_OCCURRENCE('3','DC15_A01_CASE_B_DUMMY012',''
  ,#5,#4870,$);
#8761 = PRODUCT_RELATED_PRODUCT_CATEGORY('part',$,(#4872));
#8762 = SHAPE_DEFINITION_REPRESENTATION(#8763,#8769);
#8763 = PRODUCT_DEFINITION_SHAPE('','',#8764);
#8764 = PRODUCT_DEFINITION('design','',#8765,#8768);
#8765 = PRODUCT_DEFINITION_FORMATION('','',#8766);
#8766 = PRODUCT('DC15_A01_HORN_DUMMY012','DC15_A01_HORN_DUMMY012','',(
    #8767));
#8767 = PRODUCT_CONTEXT('',#2,'mechanical');
#8768 = PRODUCT_DEFINITION_CONTEXT('part definition',#2,'design');
#8769 = ADVANCED_BREP_SHAPE_REPRESENTATION('',(#11,#8770),#10081);
#8770 = MANIFOLD_SOLID_BREP('',#8771);
#8771 = CLOSED_SHELL('',(#8772,#8878,#8910,#8951,#8992,#9023,#9055,#9080
    ,#9112,#9136,#9170,#9187,#9212,#9237,#9263,#9342,#9376,#9402,#9464,
    #9495,#9526,#9587,#9621,#9647,#9667,#9702,#9737,#9756,#9788,#9820,
    #9844,#9862,#9879,#9891,#9908,#9926,#9938,#9960,#9972,#9984,#10001,
    #10013,#10030,#10047,#10064));
#8772 = ADVANCED_FACE('',(#8773,#8818,#8829,#8840,#8851,#8862),#8873,.F.
  );
#8773 = FACE_BOUND('',#8774,.T.);
#8774 = EDGE_LOOP('',(#8775,#8786,#8795,#8803,#8812));
#8775 = ORIENTED_EDGE('',*,*,#8776,.T.);
#8776 = EDGE_CURVE('',#8777,#8779,#8781,.T.);
#8777 = VERTEX_POINT('',#8778);
#8778 = CARTESIAN_POINT('',(0.829168960481,8.4863026876E-05,
    -7.7565281096));
#8779 = VERTEX_POINT('',#8780);
#8780 = CARTESIAN_POINT('',(0.,0.,7.8));
#8781 = CIRCLE('',#8782,7.8);
#8782 = AXIS2_PLACEMENT_3D('',#8783,#8784,#8785);
#8783 = CARTESIAN_POINT('',(0.,0.,-3.821E-14));
#8784 = DIRECTION('',(0.,-1.,0.));
#8785 = DIRECTION('',(0.106001131016,0.,-0.994366009185));
#8786 = ORIENTED_EDGE('',*,*,#8787,.T.);
#8787 = EDGE_CURVE('',#8779,#8788,#8790,.T.);
#8788 = VERTEX_POINT('',#8789);
#8789 = CARTESIAN_POINT('',(-0.829168960481,8.4863026678E-05,
    -7.756528109599));
#8790 = CIRCLE('',#8791,7.8);
#8791 = AXIS2_PLACEMENT_3D('',#8792,#8793,#8794);
#8792 = CARTESIAN_POINT('',(0.,0.,-3.821E-14));
#8793 = DIRECTION('',(0.,-1.,0.));
#8794 = DIRECTION('',(0.,0.,1.));
#8795 = ORIENTED_EDGE('',*,*,#8796,.F.);
#8796 = EDGE_CURVE('',#8797,#8788,#8799,.T.);
#8797 = VERTEX_POINT('',#8798);
#8798 = CARTESIAN_POINT('',(-0.530334937958,8.4862799624E-05,
    -7.782672698605));
#8799 = LINE('',#8800,#8801);
#8800 = CARTESIAN_POINT('',(-0.754529395789,0.,-7.763781964409));
#8801 = VECTOR('',#8802,1.);
#8802 = DIRECTION('',(-0.996194698092,0.,8.715574274764E-02));
#8803 = ORIENTED_EDGE('',*,*,#8804,.T.);
#8804 = EDGE_CURVE('',#8797,#8805,#8807,.T.);
#8805 = VERTEX_POINT('',#8806);
#8806 = CARTESIAN_POINT('',(0.530334937958,8.4862799582E-05,
    -7.782672698605));
#8807 = CIRCLE('',#8808,7.8);
#8808 = AXIS2_PLACEMENT_3D('',#8809,#8810,#8811);
#8809 = CARTESIAN_POINT('',(0.,0.,-3.821E-14));
#8810 = DIRECTION('',(0.,-1.,0.));
#8811 = DIRECTION('',(-6.798469552875E-02,-0.,-0.997686364131));
#8812 = ORIENTED_EDGE('',*,*,#8813,.F.);
#8813 = EDGE_CURVE('',#8777,#8805,#8814,.T.);
#8814 = LINE('',#8815,#8816);
#8815 = CARTESIAN_POINT('',(0.605100191075,0.,-7.776855325822));
#8816 = VECTOR('',#8817,1.);
#8817 = DIRECTION('',(-0.996194698092,0.,-8.715574274764E-02));
#8818 = FACE_BOUND('',#8819,.T.);
#8819 = EDGE_LOOP('',(#8820));
#8820 = ORIENTED_EDGE('',*,*,#8821,.F.);
#8821 = EDGE_CURVE('',#8822,#8822,#8824,.T.);
#8822 = VERTEX_POINT('',#8823);
#8823 = CARTESIAN_POINT('',(-0.8,0.,-6.));
#8824 = CIRCLE('',#8825,0.8);
#8825 = AXIS2_PLACEMENT_3D('',#8826,#8827,#8828);
#8826 = CARTESIAN_POINT('',(0.,0.,-6.));
#8827 = DIRECTION('',(0.,-1.,0.));
#8828 = DIRECTION('',(1.,0.,0.));
#8829 = FACE_BOUND('',#8830,.T.);
#8830 = EDGE_LOOP('',(#8831));
#8831 = ORIENTED_EDGE('',*,*,#8832,.F.);
#8832 = EDGE_CURVE('',#8833,#8833,#8835,.T.);
#8833 = VERTEX_POINT('',#8834);
#8834 = CARTESIAN_POINT('',(6.,0.,-0.8));
#8835 = CIRCLE('',#8836,0.8);
#8836 = AXIS2_PLACEMENT_3D('',#8837,#8838,#8839);
#8837 = CARTESIAN_POINT('',(6.,0.,0.));
#8838 = DIRECTION('',(0.,-1.,0.));
#8839 = DIRECTION('',(0.,0.,1.));
#8840 = FACE_BOUND('',#8841,.T.);
#8841 = EDGE_LOOP('',(#8842));
#8842 = ORIENTED_EDGE('',*,*,#8843,.F.);
#8843 = EDGE_CURVE('',#8844,#8844,#8846,.T.);
#8844 = VERTEX_POINT('',#8845);
#8845 = CARTESIAN_POINT('',(0.8,0.,6.));
#8846 = CIRCLE('',#8847,0.8);
#8847 = AXIS2_PLACEMENT_3D('',#8848,#8849,#8850);
#8848 = CARTESIAN_POINT('',(0.,0.,6.));
#8849 = DIRECTION('',(0.,-1.,0.));
#8850 = DIRECTION('',(-1.,0.,0.));
#8851 = FACE_BOUND('',#8852,.T.);
#8852 = EDGE_LOOP('',(#8853));
#8853 = ORIENTED_EDGE('',*,*,#8854,.F.);
#8854 = EDGE_CURVE('',#8855,#8855,#8857,.T.);
#8855 = VERTEX_POINT('',#8856);
#8856 = CARTESIAN_POINT('',(-6.,0.,0.8));
#8857 = CIRCLE('',#8858,0.8);
#8858 = AXIS2_PLACEMENT_3D('',#8859,#8860,#8861);
#8859 = CARTESIAN_POINT('',(-6.,0.,0.));
#8860 = DIRECTION('',(0.,-1.,0.));
#8861 = DIRECTION('',(0.,0.,-1.));
#8862 = FACE_BOUND('',#8863,.T.);
#8863 = EDGE_LOOP('',(#8864));
#8864 = ORIENTED_EDGE('',*,*,#8865,.F.);
#8865 = EDGE_CURVE('',#8866,#8866,#8868,.T.);
#8866 = VERTEX_POINT('',#8867);
#8867 = CARTESIAN_POINT('',(-4.088937758786E-02,0.,-4.315789591269));
#8868 = CIRCLE('',#8869,4.315983287422);
#8869 = AXIS2_PLACEMENT_3D('',#8870,#8871,#8872);
#8870 = CARTESIAN_POINT('',(0.,0.,0.));
#8871 = DIRECTION('',(0.,-1.,0.));
#8872 = DIRECTION('',(0.,0.,1.));
#8873 = PLANE('',#8874);
#8874 = AXIS2_PLACEMENT_3D('',#8875,#8876,#8877);
#8875 = CARTESIAN_POINT('',(0.,0.,0.));
#8876 = DIRECTION('',(0.,1.,0.));
#8877 = DIRECTION('',(1.,0.,0.));
#8878 = ADVANCED_FACE('',(#8879),#8905,.T.);
#8879 = FACE_BOUND('',#8880,.T.);
#8880 = EDGE_LOOP('',(#8881,#8882,#8890,#8899));
#8881 = ORIENTED_EDGE('',*,*,#8804,.F.);
#8882 = ORIENTED_EDGE('',*,*,#8883,.T.);
#8883 = EDGE_CURVE('',#8797,#8884,#8886,.T.);
#8884 = VERTEX_POINT('',#8885);
#8885 = CARTESIAN_POINT('',(-0.54769416373,0.2,-7.981229924204));
#8886 = ( BOUNDED_CURVE() B_SPLINE_CURVE(2,(#8887,#8888,#8889),
.UNSPECIFIED.,.F.,.F.) B_SPLINE_CURVE_WITH_KNOTS((3,3),(-0.518344670523,
-0.48616991343),.PIECEWISE_BEZIER_KNOTS.) CURVE() 
GEOMETRIC_REPRESENTATION_ITEM() RATIONAL_B_SPLINE_CURVE((1.013968484202,
1.014821483979,1.015514768872)) REPRESENTATION_ITEM('') );
#8887 = CARTESIAN_POINT('',(-0.530385588718,1.442174365288E-03,
    -7.783392006527));
#8888 = CARTESIAN_POINT('',(-0.53893112813,9.94731177573E-02,
    -7.881067968959));
#8889 = CARTESIAN_POINT('',(-0.54769416373,0.199999999994,-7.9812299242)
  );
#8890 = ORIENTED_EDGE('',*,*,#8891,.T.);
#8891 = EDGE_CURVE('',#8884,#8892,#8894,.T.);
#8892 = VERTEX_POINT('',#8893);
#8893 = CARTESIAN_POINT('',(0.54769416373,0.2,-7.981229924204));
#8894 = CIRCLE('',#8895,8.);
#8895 = AXIS2_PLACEMENT_3D('',#8896,#8897,#8898);
#8896 = CARTESIAN_POINT('',(0.,0.2,0.));
#8897 = DIRECTION('',(0.,-1.,0.));
#8898 = DIRECTION('',(-6.846177046625E-02,-0.,-0.997653740526));
#8899 = ORIENTED_EDGE('',*,*,#8900,.T.);
#8900 = EDGE_CURVE('',#8892,#8805,#8901,.T.);
#8901 = ( BOUNDED_CURVE() B_SPLINE_CURVE(2,(#8902,#8903,#8904),
.UNSPECIFIED.,.F.,.F.) B_SPLINE_CURVE_WITH_KNOTS((3,3),(-0.206843749934,
-0.174668992473),.PIECEWISE_BEZIER_KNOTS.) CURVE() 
GEOMETRIC_REPRESENTATION_ITEM() RATIONAL_B_SPLINE_CURVE((1.015514775003,
1.014821489857,1.01396848976)) REPRESENTATION_ITEM('') );
#8902 = CARTESIAN_POINT('',(0.54769416373,0.199999999994,-7.981229924201
    ));
#8903 = CARTESIAN_POINT('',(0.53893112812,9.947311764588E-02,
    -7.881067968849));
#8904 = CARTESIAN_POINT('',(0.530385588718,1.442174365043E-03,
    -7.783392006528));
#8905 = CONICAL_SURFACE('',#8906,7.899982640607,0.785398163397);
#8906 = AXIS2_PLACEMENT_3D('',#8907,#8908,#8909);
#8907 = CARTESIAN_POINT('',(0.,9.99826406066E-02,-3.821E-14));
#8908 = DIRECTION('',(0.,1.,0.));
#8909 = DIRECTION('',(0.,0.,-1.));
#8910 = ADVANCED_FACE('',(#8911),#8946,.T.);
#8911 = FACE_BOUND('',#8912,.T.);
#8912 = EDGE_LOOP('',(#8913,#8924,#8932,#8939,#8940));
#8913 = ORIENTED_EDGE('',*,*,#8914,.F.);
#8914 = EDGE_CURVE('',#8915,#8917,#8919,.T.);
#8915 = VERTEX_POINT('',#8916);
#8916 = CARTESIAN_POINT('',(0.2,0.2,7.997499609253));
#8917 = VERTEX_POINT('',#8918);
#8918 = CARTESIAN_POINT('',(0.846552573158,0.2,-7.95508320138));
#8919 = CIRCLE('',#8920,8.);
#8920 = AXIS2_PLACEMENT_3D('',#8921,#8922,#8923);
#8921 = CARTESIAN_POINT('',(0.,0.2,-3.821E-14));
#8922 = DIRECTION('',(0.,1.,0.));
#8923 = DIRECTION('',(2.499999999999E-02,-0.,0.999687451157));
#8924 = ORIENTED_EDGE('',*,*,#8925,.T.);
#8925 = EDGE_CURVE('',#8915,#8926,#8928,.T.);
#8926 = VERTEX_POINT('',#8927);
#8927 = CARTESIAN_POINT('',(0.2,2.563681252502E-03,7.8));
#8928 = LINE('',#8929,#8930);
#8929 = CARTESIAN_POINT('',(0.2,0.2,7.997499609253));
#8930 = VECTOR('',#8931,1.);
#8931 = DIRECTION('',(0.,-0.706993454624,-0.707220089589));
#8932 = ORIENTED_EDGE('',*,*,#8933,.F.);
#8933 = EDGE_CURVE('',#8779,#8926,#8934,.T.);
#8934 = CIRCLE('',#8935,7.804486406197);
#8935 = AXIS2_PLACEMENT_3D('',#8936,#8937,#8938);
#8936 = CARTESIAN_POINT('',(-2.464626997886E-05,7.804486406158,7.8));
#8937 = DIRECTION('',(0.,0.,1.));
#8938 = DIRECTION('',(2.562944386849E-02,-0.999671511851,0.));
#8939 = ORIENTED_EDGE('',*,*,#8776,.F.);
#8940 = ORIENTED_EDGE('',*,*,#8941,.T.);
#8941 = EDGE_CURVE('',#8777,#8917,#8942,.T.);
#8942 = ( BOUNDED_CURVE() B_SPLINE_CURVE(2,(#8943,#8944,#8945),
.UNSPECIFIED.,.F.,.F.) B_SPLINE_CURVE_WITH_KNOTS((3,3),(-0.51834467214,
-0.486169915559),.PIECEWISE_BEZIER_KNOTS.) CURVE() 
GEOMETRIC_REPRESENTATION_ITEM() RATIONAL_B_SPLINE_CURVE((1.013968477889,
1.014821477294,1.01551476189)) REPRESENTATION_ITEM('') );
#8943 = CARTESIAN_POINT('',(0.829243998146,1.442174367016E-03,
    -7.757245283704));
#8944 = CARTESIAN_POINT('',(0.837789537568,9.947311787925E-02,
    -7.854921246255));
#8945 = CARTESIAN_POINT('',(0.846552573157,0.199999999995,
    -7.955083201376));
#8946 = CONICAL_SURFACE('',#8947,7.899982640607,0.785398163397);
#8947 = AXIS2_PLACEMENT_3D('',#8948,#8949,#8950);
#8948 = CARTESIAN_POINT('',(0.,9.99826406066E-02,-3.821E-14));
#8949 = DIRECTION('',(0.,1.,0.));
#8950 = DIRECTION('',(0.,0.,-1.));
#8951 = ADVANCED_FACE('',(#8952),#8987,.T.);
#8952 = FACE_BOUND('',#8953,.T.);
#8953 = EDGE_LOOP('',(#8954,#8955,#8964,#8972,#8981));
#8954 = ORIENTED_EDGE('',*,*,#8787,.F.);
#8955 = ORIENTED_EDGE('',*,*,#8956,.F.);
#8956 = EDGE_CURVE('',#8957,#8779,#8959,.T.);
#8957 = VERTEX_POINT('',#8958);
#8958 = CARTESIAN_POINT('',(-0.2,2.563681252502E-03,7.8));
#8959 = CIRCLE('',#8960,7.804486405843);
#8960 = AXIS2_PLACEMENT_3D('',#8961,#8962,#8963);
#8961 = CARTESIAN_POINT('',(2.464626517339E-05,7.804486405804,7.8));
#8962 = DIRECTION('',(0.,0.,1.));
#8963 = DIRECTION('',(-3.1579611916E-06,-0.999999999995,0.));
#8964 = ORIENTED_EDGE('',*,*,#8965,.T.);
#8965 = EDGE_CURVE('',#8957,#8966,#8968,.T.);
#8966 = VERTEX_POINT('',#8967);
#8967 = CARTESIAN_POINT('',(-0.2,0.2,7.997499609253));
#8968 = LINE('',#8969,#8970);
#8969 = CARTESIAN_POINT('',(-0.2,2.563681252502E-03,7.8));
#8970 = VECTOR('',#8971,1.);
#8971 = DIRECTION('',(0.,0.706993454624,0.707220089589));
#8972 = ORIENTED_EDGE('',*,*,#8973,.F.);
#8973 = EDGE_CURVE('',#8974,#8966,#8976,.T.);
#8974 = VERTEX_POINT('',#8975);
#8975 = CARTESIAN_POINT('',(-0.846552573158,0.2,-7.95508320138));
#8976 = CIRCLE('',#8977,8.);
#8977 = AXIS2_PLACEMENT_3D('',#8978,#8979,#8980);
#8978 = CARTESIAN_POINT('',(0.,0.2,-3.821E-14));
#8979 = DIRECTION('',(0.,1.,0.));
#8980 = DIRECTION('',(-0.105819071645,0.,-0.994385400172));
#8981 = ORIENTED_EDGE('',*,*,#8982,.T.);
#8982 = EDGE_CURVE('',#8974,#8788,#8983,.T.);
#8983 = ( BOUNDED_CURVE() B_SPLINE_CURVE(2,(#8984,#8985,#8986),
.UNSPECIFIED.,.F.,.F.) B_SPLINE_CURVE_WITH_KNOTS((3,3),(-0.206839899181,
-0.174665760263),.PIECEWISE_BEZIER_KNOTS.) CURVE() 
GEOMETRIC_REPRESENTATION_ITEM() RATIONAL_B_SPLINE_CURVE((1.015513311206,
1.014820140796,1.013967255483)) REPRESENTATION_ITEM('') );
#8984 = CARTESIAN_POINT('',(-0.846552573157,0.199999999994,
    -7.955083201376));
#8985 = CARTESIAN_POINT('',(-0.837789537549,9.9473117663E-02,
    -7.854921246041));
#8986 = CARTESIAN_POINT('',(-0.829243998145,1.442174364486E-03,
    -7.757245283703));
#8987 = CONICAL_SURFACE('',#8988,7.899982640607,0.785398163397);
#8988 = AXIS2_PLACEMENT_3D('',#8989,#8990,#8991);
#8989 = CARTESIAN_POINT('',(0.,9.99826406066E-02,-3.821E-14));
#8990 = DIRECTION('',(0.,1.,0.));
#8991 = DIRECTION('',(0.,0.,-1.));
#8992 = ADVANCED_FACE('',(#8993),#9018,.F.);
#8993 = FACE_BOUND('',#8994,.F.);
#8994 = EDGE_LOOP('',(#8995,#8996,#9004,#9012));
#8995 = ORIENTED_EDGE('',*,*,#8900,.T.);
#8996 = ORIENTED_EDGE('',*,*,#8997,.F.);
#8997 = EDGE_CURVE('',#8998,#8805,#9000,.T.);
#8998 = VERTEX_POINT('',#8999);
#8999 = CARTESIAN_POINT('',(0.530334937958,2.8999151372,-7.782672698605)
  );
#9000 = LINE('',#9001,#9002);
#9001 = CARTESIAN_POINT('',(0.530385588718,2.9,-7.783392006528));
#9002 = VECTOR('',#9003,1.);
#9003 = DIRECTION('',(0.,-1.,0.));
#9004 = ORIENTED_EDGE('',*,*,#9005,.T.);
#9005 = EDGE_CURVE('',#8998,#9006,#9008,.T.);
#9006 = VERTEX_POINT('',#9007);
#9007 = CARTESIAN_POINT('',(0.54769416373,2.7,-7.981229924204));
#9008 = ( BOUNDED_CURVE() B_SPLINE_CURVE(2,(#9009,#9010,#9011),
.UNSPECIFIED.,.F.,.F.) B_SPLINE_CURVE_WITH_KNOTS((3,3),(0.174668985255,
0.206843741663),.PIECEWISE_BEZIER_KNOTS.) CURVE() 
GEOMETRIC_REPRESENTATION_ITEM() RATIONAL_B_SPLINE_CURVE((1.013968476373,
1.014821475684,1.015514760203)) REPRESENTATION_ITEM('') );
#9009 = CARTESIAN_POINT('',(0.530385588718,2.898557825632,
    -7.783392006528));
#9010 = CARTESIAN_POINT('',(0.538931128143,2.800526882093,
    -7.881067969106));
#9011 = CARTESIAN_POINT('',(0.54769416373,2.700000000005,-7.981229924199
    ));
#9012 = ORIENTED_EDGE('',*,*,#9013,.F.);
#9013 = EDGE_CURVE('',#8892,#9006,#9014,.T.);
#9014 = LINE('',#9015,#9016);
#9015 = CARTESIAN_POINT('',(0.54769416373,0.200000000691,-7.981229924204
    ));
#9016 = VECTOR('',#9017,1.);
#9017 = DIRECTION('',(0.,1.,0.));
#9018 = PLANE('',#9019);
#9019 = AXIS2_PLACEMENT_3D('',#9020,#9021,#9022);
#9020 = CARTESIAN_POINT('',(0.547816737268,2.9,-7.982630946146));
#9021 = DIRECTION('',(-0.996194698092,0.,-8.715574274764E-02));
#9022 = DIRECTION('',(-8.715574274764E-02,0.,0.996194698092));
#9023 = ADVANCED_FACE('',(#9024),#9050,.T.);
#9024 = FACE_BOUND('',#9025,.T.);
#9025 = EDGE_LOOP('',(#9026,#9027,#9035,#9044));
#9026 = ORIENTED_EDGE('',*,*,#8914,.T.);
#9027 = ORIENTED_EDGE('',*,*,#9028,.T.);
#9028 = EDGE_CURVE('',#8917,#9029,#9031,.T.);
#9029 = VERTEX_POINT('',#9030);
#9030 = CARTESIAN_POINT('',(0.846552573158,2.7,-7.95508320138));
#9031 = LINE('',#9032,#9033);
#9032 = CARTESIAN_POINT('',(0.846552573158,0.200000000691,-7.95508320138
    ));
#9033 = VECTOR('',#9034,1.);
#9034 = DIRECTION('',(0.,1.,0.));
#9035 = ORIENTED_EDGE('',*,*,#9036,.T.);
#9036 = EDGE_CURVE('',#9029,#9037,#9039,.T.);
#9037 = VERTEX_POINT('',#9038);
#9038 = CARTESIAN_POINT('',(0.2,2.7,7.997499609253));
#9039 = CIRCLE('',#9040,8.);
#9040 = AXIS2_PLACEMENT_3D('',#9041,#9042,#9043);
#9041 = CARTESIAN_POINT('',(0.,2.7,-3.821E-14));
#9042 = DIRECTION('',(0.,-1.,0.));
#9043 = DIRECTION('',(0.105819071645,0.,-0.994385400172));
#9044 = ORIENTED_EDGE('',*,*,#9045,.F.);
#9045 = EDGE_CURVE('',#8915,#9037,#9046,.T.);
#9046 = LINE('',#9047,#9048);
#9047 = CARTESIAN_POINT('',(0.2,0.2,7.997499609253));
#9048 = VECTOR('',#9049,1.);
#9049 = DIRECTION('',(0.,1.,0.));
#9050 = CYLINDRICAL_SURFACE('',#9051,8.);
#9051 = AXIS2_PLACEMENT_3D('',#9052,#9053,#9054);
#9052 = CARTESIAN_POINT('',(0.,0.,0.));
#9053 = DIRECTION('',(0.,1.,0.));
#9054 = DIRECTION('',(1.,0.,0.));
#9055 = ADVANCED_FACE('',(#9056),#9075,.T.);
#9056 = FACE_BOUND('',#9057,.T.);
#9057 = EDGE_LOOP('',(#9058,#9067,#9068,#9069));
#9058 = ORIENTED_EDGE('',*,*,#9059,.F.);
#9059 = EDGE_CURVE('',#9006,#9060,#9062,.T.);
#9060 = VERTEX_POINT('',#9061);
#9061 = CARTESIAN_POINT('',(-0.54769416373,2.7,-7.981229924204));
#9062 = CIRCLE('',#9063,8.);
#9063 = AXIS2_PLACEMENT_3D('',#9064,#9065,#9066);
#9064 = CARTESIAN_POINT('',(0.,2.7,0.));
#9065 = DIRECTION('',(0.,1.,0.));
#9066 = DIRECTION('',(6.846177046625E-02,0.,-0.997653740526));
#9067 = ORIENTED_EDGE('',*,*,#9013,.F.);
#9068 = ORIENTED_EDGE('',*,*,#8891,.F.);
#9069 = ORIENTED_EDGE('',*,*,#9070,.T.);
#9070 = EDGE_CURVE('',#8884,#9060,#9071,.T.);
#9071 = LINE('',#9072,#9073);
#9072 = CARTESIAN_POINT('',(-0.54769416373,0.200000000691,
    -7.981229924204));
#9073 = VECTOR('',#9074,1.);
#9074 = DIRECTION('',(0.,1.,0.));
#9075 = CYLINDRICAL_SURFACE('',#9076,8.);
#9076 = AXIS2_PLACEMENT_3D('',#9077,#9078,#9079);
#9077 = CARTESIAN_POINT('',(0.,0.,0.));
#9078 = DIRECTION('',(0.,1.,0.));
#9079 = DIRECTION('',(1.,0.,0.));
#9080 = ADVANCED_FACE('',(#9081),#9107,.T.);
#9081 = FACE_BOUND('',#9082,.T.);
#9082 = EDGE_LOOP('',(#9083,#9094,#9100,#9101));
#9083 = ORIENTED_EDGE('',*,*,#9084,.T.);
#9084 = EDGE_CURVE('',#9085,#9087,#9089,.T.);
#9085 = VERTEX_POINT('',#9086);
#9086 = CARTESIAN_POINT('',(-0.2,2.7,7.997499609253));
#9087 = VERTEX_POINT('',#9088);
#9088 = CARTESIAN_POINT('',(-0.846552573158,2.7,-7.95508320138));
#9089 = CIRCLE('',#9090,8.);
#9090 = AXIS2_PLACEMENT_3D('',#9091,#9092,#9093);
#9091 = CARTESIAN_POINT('',(0.,2.7,-3.821E-14));
#9092 = DIRECTION('',(0.,-1.,0.));
#9093 = DIRECTION('',(-2.499999999999E-02,0.,0.999687451157));
#9094 = ORIENTED_EDGE('',*,*,#9095,.F.);
#9095 = EDGE_CURVE('',#8974,#9087,#9096,.T.);
#9096 = LINE('',#9097,#9098);
#9097 = CARTESIAN_POINT('',(-0.846552573158,0.200000000691,
    -7.95508320138));
#9098 = VECTOR('',#9099,1.);
#9099 = DIRECTION('',(0.,1.,0.));
#9100 = ORIENTED_EDGE('',*,*,#8973,.T.);
#9101 = ORIENTED_EDGE('',*,*,#9102,.T.);
#9102 = EDGE_CURVE('',#8966,#9085,#9103,.T.);
#9103 = LINE('',#9104,#9105);
#9104 = CARTESIAN_POINT('',(-0.2,0.2,7.997499609253));
#9105 = VECTOR('',#9106,1.);
#9106 = DIRECTION('',(0.,1.,0.));
#9107 = CYLINDRICAL_SURFACE('',#9108,8.);
#9108 = AXIS2_PLACEMENT_3D('',#9109,#9110,#9111);
#9109 = CARTESIAN_POINT('',(0.,0.,0.));
#9110 = DIRECTION('',(0.,1.,0.));
#9111 = DIRECTION('',(-0.99917968428,0.,4.04964013406E-02));
#9112 = ADVANCED_FACE('',(#9113),#9131,.F.);
#9113 = FACE_BOUND('',#9114,.T.);
#9114 = EDGE_LOOP('',(#9115,#9116,#9124,#9130));
#9115 = ORIENTED_EDGE('',*,*,#9045,.T.);
#9116 = ORIENTED_EDGE('',*,*,#9117,.F.);
#9117 = EDGE_CURVE('',#9118,#9037,#9120,.T.);
#9118 = VERTEX_POINT('',#9119);
#9119 = CARTESIAN_POINT('',(0.2,2.897436318747,7.8));
#9120 = LINE('',#9121,#9122);
#9121 = CARTESIAN_POINT('',(0.2,2.897436318747,7.8));
#9122 = VECTOR('',#9123,1.);
#9123 = DIRECTION('',(0.,-0.706993454623,0.70722008959));
#9124 = ORIENTED_EDGE('',*,*,#9125,.T.);
#9125 = EDGE_CURVE('',#9118,#8926,#9126,.T.);
#9126 = LINE('',#9127,#9128);
#9127 = CARTESIAN_POINT('',(0.2,2.897436318747,7.8));
#9128 = VECTOR('',#9129,1.);
#9129 = DIRECTION('',(0.,-1.,0.));
#9130 = ORIENTED_EDGE('',*,*,#8925,.F.);
#9131 = PLANE('',#9132);
#9132 = AXIS2_PLACEMENT_3D('',#9133,#9134,#9135);
#9133 = CARTESIAN_POINT('',(0.2,2.9,8.));
#9134 = DIRECTION('',(1.,0.,0.));
#9135 = DIRECTION('',(0.,0.,-1.));
#9136 = ADVANCED_FACE('',(#9137),#9165,.F.);
#9137 = FACE_BOUND('',#9138,.T.);
#9138 = EDGE_LOOP('',(#9139,#9147,#9148,#9149,#9150,#9159));
#9139 = ORIENTED_EDGE('',*,*,#9140,.T.);
#9140 = EDGE_CURVE('',#9141,#8957,#9143,.T.);
#9141 = VERTEX_POINT('',#9142);
#9142 = CARTESIAN_POINT('',(-0.199971001741,2.899849103237,
    7.798718481605));
#9143 = LINE('',#9144,#9145);
#9144 = CARTESIAN_POINT('',(-0.2,2.9,7.8));
#9145 = VECTOR('',#9146,1.);
#9146 = DIRECTION('',(0.,-1.,0.));
#9147 = ORIENTED_EDGE('',*,*,#8956,.T.);
#9148 = ORIENTED_EDGE('',*,*,#8933,.T.);
#9149 = ORIENTED_EDGE('',*,*,#9125,.F.);
#9150 = ORIENTED_EDGE('',*,*,#9151,.T.);
#9151 = EDGE_CURVE('',#9118,#9152,#9154,.T.);
#9152 = VERTEX_POINT('',#9153);
#9153 = CARTESIAN_POINT('',(-2.71E-13,2.9,7.8));
#9154 = CIRCLE('',#9155,7.804486406698);
#9155 = AXIS2_PLACEMENT_3D('',#9156,#9157,#9158);
#9156 = CARTESIAN_POINT('',(-2.464629638911E-05,-4.904486406659,7.8));
#9157 = DIRECTION('',(0.,0.,1.));
#9158 = DIRECTION('',(3.15796511411E-06,0.999999999995,-0.));
#9159 = ORIENTED_EDGE('',*,*,#9160,.T.);
#9160 = EDGE_CURVE('',#9152,#9141,#9161,.T.);
#9161 = LINE('',#9162,#9163);
#9162 = CARTESIAN_POINT('',(0.1,2.9,7.8));
#9163 = VECTOR('',#9164,1.);
#9164 = DIRECTION('',(-1.,0.,0.));
#9165 = PLANE('',#9166);
#9166 = AXIS2_PLACEMENT_3D('',#9167,#9168,#9169);
#9167 = CARTESIAN_POINT('',(0.2,2.9,7.8));
#9168 = DIRECTION('',(0.,0.,-1.));
#9169 = DIRECTION('',(-1.,0.,0.));
#9170 = ADVANCED_FACE('',(#9171),#9182,.F.);
#9171 = FACE_BOUND('',#9172,.F.);
#9172 = EDGE_LOOP('',(#9173,#9179,#9180,#9181));
#9173 = ORIENTED_EDGE('',*,*,#9174,.T.);
#9174 = EDGE_CURVE('',#9085,#9141,#9175,.T.);
#9175 = ( BOUNDED_CURVE() B_SPLINE_CURVE(2,(#9176,#9177,#9178),
.UNSPECIFIED.,.F.,.F.) B_SPLINE_CURVE_WITH_KNOTS((3,3),(0.485848217729,
0.517837913531),.PIECEWISE_BEZIER_KNOTS.) CURVE() 
GEOMETRIC_REPRESENTATION_ITEM() RATIONAL_B_SPLINE_CURVE((1.015509810692,
1.01482105553,1.013974361323)) REPRESENTATION_ITEM('') );
#9176 = CARTESIAN_POINT('',(-0.2,2.700000000005,7.997499609248));
#9177 = CARTESIAN_POINT('',(-0.2,2.799952329197,7.897516030303));
#9178 = CARTESIAN_POINT('',(-0.2,2.897436318747,7.8));
#9179 = ORIENTED_EDGE('',*,*,#9140,.T.);
#9180 = ORIENTED_EDGE('',*,*,#8965,.T.);
#9181 = ORIENTED_EDGE('',*,*,#9102,.T.);
#9182 = PLANE('',#9183);
#9183 = AXIS2_PLACEMENT_3D('',#9184,#9185,#9186);
#9184 = CARTESIAN_POINT('',(-0.2,2.9,7.8));
#9185 = DIRECTION('',(-1.,0.,0.));
#9186 = DIRECTION('',(0.,0.,1.));
#9187 = ADVANCED_FACE('',(#9188),#9207,.T.);
#9188 = FACE_BOUND('',#9189,.T.);
#9189 = EDGE_LOOP('',(#9190,#9199,#9200,#9201));
#9190 = ORIENTED_EDGE('',*,*,#9191,.F.);
#9191 = EDGE_CURVE('',#8998,#9192,#9194,.T.);
#9192 = VERTEX_POINT('',#9193);
#9193 = CARTESIAN_POINT('',(-0.53033493792,2.899915137201,
    -7.782672698607));
#9194 = CIRCLE('',#9195,7.8);
#9195 = AXIS2_PLACEMENT_3D('',#9196,#9197,#9198);
#9196 = CARTESIAN_POINT('',(0.,2.9,-3.821E-14));
#9197 = DIRECTION('',(0.,1.,0.));
#9198 = DIRECTION('',(6.798469552875E-02,0.,-0.997686364131));
#9199 = ORIENTED_EDGE('',*,*,#9005,.T.);
#9200 = ORIENTED_EDGE('',*,*,#9059,.T.);
#9201 = ORIENTED_EDGE('',*,*,#9202,.T.);
#9202 = EDGE_CURVE('',#9060,#9192,#9203,.T.);
#9203 = ( BOUNDED_CURVE() B_SPLINE_CURVE(2,(#9204,#9205,#9206),
.UNSPECIFIED.,.F.,.F.) B_SPLINE_CURVE_WITH_KNOTS((3,3),(-0.206843756933,
-0.174668999947),.PIECEWISE_BEZIER_KNOTS.) CURVE() 
GEOMETRIC_REPRESENTATION_ITEM() RATIONAL_B_SPLINE_CURVE((1.015514771811,
1.014821486868,1.013968487013)) REPRESENTATION_ITEM('') );
#9204 = CARTESIAN_POINT('',(-0.54769416373,2.700000000006,-7.9812299242)
  );
#9205 = CARTESIAN_POINT('',(-0.538931128126,2.800526882287,
    -7.881067968915));
#9206 = CARTESIAN_POINT('',(-0.530385588718,2.898557825635,
    -7.783392006527));
#9207 = CONICAL_SURFACE('',#9208,7.899970706219,0.785398163397);
#9208 = AXIS2_PLACEMENT_3D('',#9209,#9210,#9211);
#9209 = CARTESIAN_POINT('',(0.,2.800029293781,-3.821E-14));
#9210 = DIRECTION('',(0.,-1.,0.));
#9211 = DIRECTION('',(0.,0.,-1.));
#9212 = ADVANCED_FACE('',(#9213),#9232,.T.);
#9213 = FACE_BOUND('',#9214,.T.);
#9214 = EDGE_LOOP('',(#9215,#9216,#9217,#9226));
#9215 = ORIENTED_EDGE('',*,*,#9084,.F.);
#9216 = ORIENTED_EDGE('',*,*,#9174,.T.);
#9217 = ORIENTED_EDGE('',*,*,#9218,.F.);
#9218 = EDGE_CURVE('',#9219,#9141,#9221,.T.);
#9219 = VERTEX_POINT('',#9220);
#9220 = CARTESIAN_POINT('',(-0.829168966399,2.899915136148,
    -7.756528108967));
#9221 = CIRCLE('',#9222,7.8);
#9222 = AXIS2_PLACEMENT_3D('',#9223,#9224,#9225);
#9223 = CARTESIAN_POINT('',(0.,2.9,-3.821E-14));
#9224 = DIRECTION('',(0.,1.,0.));
#9225 = DIRECTION('',(-0.106001128867,0.,-0.994366009415));
#9226 = ORIENTED_EDGE('',*,*,#9227,.T.);
#9227 = EDGE_CURVE('',#9219,#9087,#9228,.T.);
#9228 = ( BOUNDED_CURVE() B_SPLINE_CURVE(2,(#9229,#9230,#9231),
.UNSPECIFIED.,.F.,.F.) B_SPLINE_CURVE_WITH_KNOTS((3,3),(-0.518344666026,
-0.486169909452),.PIECEWISE_BEZIER_KNOTS.) CURVE() 
GEOMETRIC_REPRESENTATION_ITEM() RATIONAL_B_SPLINE_CURVE((1.013968478486,
1.014821477921,1.015514762539)) REPRESENTATION_ITEM('') );
#9229 = CARTESIAN_POINT('',(-0.829243998145,2.898557825633,
    -7.757245283703));
#9230 = CARTESIAN_POINT('',(-0.837789537566,2.800526882135,
    -7.854921246241));
#9231 = CARTESIAN_POINT('',(-0.846552573157,2.700000000005,
    -7.955083201375));
#9232 = CONICAL_SURFACE('',#9233,7.899970706219,0.785398163397);
#9233 = AXIS2_PLACEMENT_3D('',#9234,#9235,#9236);
#9234 = CARTESIAN_POINT('',(0.,2.800029293781,-3.821E-14));
#9235 = DIRECTION('',(0.,-1.,0.));
#9236 = DIRECTION('',(0.,0.,-1.));
#9237 = ADVANCED_FACE('',(#9238),#9258,.T.);
#9238 = FACE_BOUND('',#9239,.T.);
#9239 = EDGE_LOOP('',(#9240,#9249,#9250,#9251,#9252));
#9240 = ORIENTED_EDGE('',*,*,#9241,.F.);
#9241 = EDGE_CURVE('',#9152,#9242,#9244,.T.);
#9242 = VERTEX_POINT('',#9243);
#9243 = CARTESIAN_POINT('',(0.829168960983,2.899915136982,
    -7.756528109546));
#9244 = CIRCLE('',#9245,7.8);
#9245 = AXIS2_PLACEMENT_3D('',#9246,#9247,#9248);
#9246 = CARTESIAN_POINT('',(0.,2.9,-3.821E-14));
#9247 = DIRECTION('',(0.,1.,0.));
#9248 = DIRECTION('',(-3.474E-14,0.,1.));
#9249 = ORIENTED_EDGE('',*,*,#9151,.F.);
#9250 = ORIENTED_EDGE('',*,*,#9117,.T.);
#9251 = ORIENTED_EDGE('',*,*,#9036,.F.);
#9252 = ORIENTED_EDGE('',*,*,#9253,.T.);
#9253 = EDGE_CURVE('',#9029,#9242,#9254,.T.);
#9254 = ( BOUNDED_CURVE() B_SPLINE_CURVE(2,(#9255,#9256,#9257),
.UNSPECIFIED.,.F.,.F.) B_SPLINE_CURVE_WITH_KNOTS((3,3),(-0.20684374744,
-0.174668991344),.PIECEWISE_BEZIER_KNOTS.) CURVE() 
GEOMETRIC_REPRESENTATION_ITEM() RATIONAL_B_SPLINE_CURVE((1.015514758505,
1.01482147411,1.013968474945)) REPRESENTATION_ITEM('') );
#9255 = CARTESIAN_POINT('',(0.846552573157,2.700000000005,
    -7.955083201375));
#9256 = CARTESIAN_POINT('',(0.837789537573,2.800526882056,
    -7.854921246319));
#9257 = CARTESIAN_POINT('',(0.829243998146,2.898557825632,
    -7.757245283704));
#9258 = CONICAL_SURFACE('',#9259,7.899970706219,0.785398163397);
#9259 = AXIS2_PLACEMENT_3D('',#9260,#9261,#9262);
#9260 = CARTESIAN_POINT('',(0.,2.800029293781,-3.821E-14));
#9261 = DIRECTION('',(0.,-1.,0.));
#9262 = DIRECTION('',(0.,0.,-1.));
#9263 = ADVANCED_FACE('',(#9264,#9282,#9293,#9304,#9315,#9326),#9337,.T.
  );
#9264 = FACE_BOUND('',#9265,.T.);
#9265 = EDGE_LOOP('',(#9266,#9267,#9268,#9269,#9275,#9276));
#9266 = ORIENTED_EDGE('',*,*,#9218,.T.);
#9267 = ORIENTED_EDGE('',*,*,#9160,.F.);
#9268 = ORIENTED_EDGE('',*,*,#9241,.T.);
#9269 = ORIENTED_EDGE('',*,*,#9270,.F.);
#9270 = EDGE_CURVE('',#8998,#9242,#9271,.T.);
#9271 = LINE('',#9272,#9273);
#9272 = CARTESIAN_POINT('',(0.605100191075,2.9,-7.776855325822));
#9273 = VECTOR('',#9274,1.);
#9274 = DIRECTION('',(0.996194698092,0.,8.715574274764E-02));
#9275 = ORIENTED_EDGE('',*,*,#9191,.T.);
#9276 = ORIENTED_EDGE('',*,*,#9277,.F.);
#9277 = EDGE_CURVE('',#9219,#9192,#9278,.T.);
#9278 = LINE('',#9279,#9280);
#9279 = CARTESIAN_POINT('',(-0.754529395789,2.9,-7.763781964409));
#9280 = VECTOR('',#9281,1.);
#9281 = DIRECTION('',(0.996194698092,0.,-8.715574274764E-02));
#9282 = FACE_BOUND('',#9283,.T.);
#9283 = EDGE_LOOP('',(#9284));
#9284 = ORIENTED_EDGE('',*,*,#9285,.T.);
#9285 = EDGE_CURVE('',#9286,#9286,#9288,.T.);
#9286 = VERTEX_POINT('',#9287);
#9287 = CARTESIAN_POINT('',(0.,2.9,3.));
#9288 = CIRCLE('',#9289,3.);
#9289 = AXIS2_PLACEMENT_3D('',#9290,#9291,#9292);
#9290 = CARTESIAN_POINT('',(0.,2.9,0.));
#9291 = DIRECTION('',(0.,-1.,0.));
#9292 = DIRECTION('',(-1.,0.,0.));
#9293 = FACE_BOUND('',#9294,.T.);
#9294 = EDGE_LOOP('',(#9295));
#9295 = ORIENTED_EDGE('',*,*,#9296,.T.);
#9296 = EDGE_CURVE('',#9297,#9297,#9299,.T.);
#9297 = VERTEX_POINT('',#9298);
#9298 = CARTESIAN_POINT('',(-0.8,2.9,-6.));
#9299 = CIRCLE('',#9300,0.8);
#9300 = AXIS2_PLACEMENT_3D('',#9301,#9302,#9303);
#9301 = CARTESIAN_POINT('',(0.,2.9,-6.));
#9302 = DIRECTION('',(0.,-1.,0.));
#9303 = DIRECTION('',(1.,0.,0.));
#9304 = FACE_BOUND('',#9305,.T.);
#9305 = EDGE_LOOP('',(#9306));
#9306 = ORIENTED_EDGE('',*,*,#9307,.T.);
#9307 = EDGE_CURVE('',#9308,#9308,#9310,.T.);
#9308 = VERTEX_POINT('',#9309);
#9309 = CARTESIAN_POINT('',(6.,2.9,-0.8));
#9310 = CIRCLE('',#9311,0.8);
#9311 = AXIS2_PLACEMENT_3D('',#9312,#9313,#9314);
#9312 = CARTESIAN_POINT('',(6.,2.9,0.));
#9313 = DIRECTION('',(0.,-1.,0.));
#9314 = DIRECTION('',(0.,0.,1.));
#9315 = FACE_BOUND('',#9316,.T.);
#9316 = EDGE_LOOP('',(#9317));
#9317 = ORIENTED_EDGE('',*,*,#9318,.T.);
#9318 = EDGE_CURVE('',#9319,#9319,#9321,.T.);
#9319 = VERTEX_POINT('',#9320);
#9320 = CARTESIAN_POINT('',(0.8,2.9,6.));
#9321 = CIRCLE('',#9322,0.8);
#9322 = AXIS2_PLACEMENT_3D('',#9323,#9324,#9325);
#9323 = CARTESIAN_POINT('',(0.,2.9,6.));
#9324 = DIRECTION('',(0.,-1.,0.));
#9325 = DIRECTION('',(-1.,0.,0.));
#9326 = FACE_BOUND('',#9327,.T.);
#9327 = EDGE_LOOP('',(#9328));
#9328 = ORIENTED_EDGE('',*,*,#9329,.T.);
#9329 = EDGE_CURVE('',#9330,#9330,#9332,.T.);
#9330 = VERTEX_POINT('',#9331);
#9331 = CARTESIAN_POINT('',(-6.,2.9,0.8));
#9332 = CIRCLE('',#9333,0.8);
#9333 = AXIS2_PLACEMENT_3D('',#9334,#9335,#9336);
#9334 = CARTESIAN_POINT('',(-6.,2.9,0.));
#9335 = DIRECTION('',(0.,-1.,0.));
#9336 = DIRECTION('',(0.,0.,-1.));
#9337 = PLANE('',#9338);
#9338 = AXIS2_PLACEMENT_3D('',#9339,#9340,#9341);
#9339 = CARTESIAN_POINT('',(0.,2.9,0.));
#9340 = DIRECTION('',(0.,1.,0.));
#9341 = DIRECTION('',(1.,0.,0.));
#9342 = ADVANCED_FACE('',(#9343),#9371,.F.);
#9343 = FACE_BOUND('',#9344,.F.);
#9344 = EDGE_LOOP('',(#9345,#9356,#9362,#9363,#9364));
#9345 = ORIENTED_EDGE('',*,*,#9346,.F.);
#9346 = EDGE_CURVE('',#9347,#9349,#9351,.T.);
#9347 = VERTEX_POINT('',#9348);
#9348 = CARTESIAN_POINT('',(0.,2.7,2.8));
#9349 = VERTEX_POINT('',#9350);
#9350 = CARTESIAN_POINT('',(2.8,2.7,0.));
#9351 = CIRCLE('',#9352,2.8);
#9352 = AXIS2_PLACEMENT_3D('',#9353,#9354,#9355);
#9353 = CARTESIAN_POINT('',(0.,2.7,0.));
#9354 = DIRECTION('',(0.,-1.,0.));
#9355 = DIRECTION('',(-1.,0.,0.));
#9356 = ORIENTED_EDGE('',*,*,#9357,.T.);
#9357 = EDGE_CURVE('',#9347,#9286,#9358,.T.);
#9358 = LINE('',#9359,#9360);
#9359 = CARTESIAN_POINT('',(3.6E-16,2.799999999743,2.899999999743));
#9360 = VECTOR('',#9361,1.);
#9361 = DIRECTION('',(9.E-17,0.707106781187,0.707106781187));
#9362 = ORIENTED_EDGE('',*,*,#9285,.T.);
#9363 = ORIENTED_EDGE('',*,*,#9357,.F.);
#9364 = ORIENTED_EDGE('',*,*,#9365,.F.);
#9365 = EDGE_CURVE('',#9349,#9347,#9366,.T.);
#9366 = CIRCLE('',#9367,2.8);
#9367 = AXIS2_PLACEMENT_3D('',#9368,#9369,#9370);
#9368 = CARTESIAN_POINT('',(0.,2.7,0.));
#9369 = DIRECTION('',(0.,-1.,0.));
#9370 = DIRECTION('',(-1.,0.,0.));
#9371 = CONICAL_SURFACE('',#9372,2.899999999743,0.785398163397);
#9372 = AXIS2_PLACEMENT_3D('',#9373,#9374,#9375);
#9373 = CARTESIAN_POINT('',(0.,2.799999999743,0.));
#9374 = DIRECTION('',(0.,1.,0.));
#9375 = DIRECTION('',(0.,0.,-1.));
#9376 = ADVANCED_FACE('',(#9377),#9397,.F.);
#9377 = FACE_BOUND('',#9378,.F.);
#9378 = EDGE_LOOP('',(#9379,#9387,#9388,#9389,#9390));
#9379 = ORIENTED_EDGE('',*,*,#9380,.T.);
#9380 = EDGE_CURVE('',#9381,#9349,#9383,.T.);
#9381 = VERTEX_POINT('',#9382);
#9382 = CARTESIAN_POINT('',(2.8,1.3,-0.));
#9383 = LINE('',#9384,#9385);
#9384 = CARTESIAN_POINT('',(2.8,2.9,-3.4E-16));
#9385 = VECTOR('',#9386,1.);
#9386 = DIRECTION('',(0.,1.,0.));
#9387 = ORIENTED_EDGE('',*,*,#9365,.T.);
#9388 = ORIENTED_EDGE('',*,*,#9346,.T.);
#9389 = ORIENTED_EDGE('',*,*,#9380,.F.);
#9390 = ORIENTED_EDGE('',*,*,#9391,.T.);
#9391 = EDGE_CURVE('',#9381,#9381,#9392,.T.);
#9392 = CIRCLE('',#9393,2.8);
#9393 = AXIS2_PLACEMENT_3D('',#9394,#9395,#9396);
#9394 = CARTESIAN_POINT('',(0.,1.3,0.));
#9395 = DIRECTION('',(0.,1.,0.));
#9396 = DIRECTION('',(-1.,0.,0.));
#9397 = CYLINDRICAL_SURFACE('',#9398,2.8);
#9398 = AXIS2_PLACEMENT_3D('',#9399,#9400,#9401);
#9399 = CARTESIAN_POINT('',(0.,2.9,0.));
#9400 = DIRECTION('',(0.,1.,0.));
#9401 = DIRECTION('',(-1.,0.,0.));
#9402 = ADVANCED_FACE('',(#9403,#9406),#9459,.T.);
#9403 = FACE_BOUND('',#9404,.T.);
#9404 = EDGE_LOOP('',(#9405));
#9405 = ORIENTED_EDGE('',*,*,#9391,.T.);
#9406 = FACE_BOUND('',#9407,.T.);
#9407 = EDGE_LOOP('',(#9408,#9418,#9427,#9435,#9444,#9452));
#9408 = ORIENTED_EDGE('',*,*,#9409,.F.);
#9409 = EDGE_CURVE('',#9410,#9412,#9414,.T.);
#9410 = VERTEX_POINT('',#9411);
#9411 = CARTESIAN_POINT('',(-0.525,1.3,2.1));
#9412 = VERTEX_POINT('',#9413);
#9413 = CARTESIAN_POINT('',(0.525,1.3,2.1));
#9414 = LINE('',#9415,#9416);
#9415 = CARTESIAN_POINT('',(-0.525,1.3,2.1));
#9416 = VECTOR('',#9417,1.);
#9417 = DIRECTION('',(1.,0.,0.));
#9418 = ORIENTED_EDGE('',*,*,#9419,.T.);
#9419 = EDGE_CURVE('',#9410,#9420,#9422,.T.);
#9420 = VERTEX_POINT('',#9421);
#9421 = CARTESIAN_POINT('',(-0.725,1.3,1.9));
#9422 = CIRCLE('',#9423,0.2);
#9423 = AXIS2_PLACEMENT_3D('',#9424,#9425,#9426);
#9424 = CARTESIAN_POINT('',(-0.525,1.3,1.9));
#9425 = DIRECTION('',(0.,-1.,0.));
#9426 = DIRECTION('',(0.,0.,1.));
#9427 = ORIENTED_EDGE('',*,*,#9428,.F.);
#9428 = EDGE_CURVE('',#9429,#9420,#9431,.T.);
#9429 = VERTEX_POINT('',#9430);
#9430 = CARTESIAN_POINT('',(-0.725,1.3,1.079062092745));
#9431 = LINE('',#9432,#9433);
#9432 = CARTESIAN_POINT('',(-0.725,1.3,1.079062092745));
#9433 = VECTOR('',#9434,1.);
#9434 = DIRECTION('',(0.,0.,1.));
#9435 = ORIENTED_EDGE('',*,*,#9436,.T.);
#9436 = EDGE_CURVE('',#9429,#9437,#9439,.T.);
#9437 = VERTEX_POINT('',#9438);
#9438 = CARTESIAN_POINT('',(0.725,1.3,1.079062092745));
#9439 = CIRCLE('',#9440,1.3);
#9440 = AXIS2_PLACEMENT_3D('',#9441,#9442,#9443);
#9441 = CARTESIAN_POINT('',(0.,1.3,0.));
#9442 = DIRECTION('',(0.,-1.,0.));
#9443 = DIRECTION('',(-0.557692307692,0.,0.83004776365));
#9444 = ORIENTED_EDGE('',*,*,#9445,.T.);
#9445 = EDGE_CURVE('',#9437,#9446,#9448,.T.);
#9446 = VERTEX_POINT('',#9447);
#9447 = CARTESIAN_POINT('',(0.725,1.3,1.9));
#9448 = LINE('',#9449,#9450);
#9449 = CARTESIAN_POINT('',(0.725,1.3,1.079062092745));
#9450 = VECTOR('',#9451,1.);
#9451 = DIRECTION('',(0.,0.,1.));
#9452 = ORIENTED_EDGE('',*,*,#9453,.T.);
#9453 = EDGE_CURVE('',#9446,#9412,#9454,.T.);
#9454 = CIRCLE('',#9455,0.2);
#9455 = AXIS2_PLACEMENT_3D('',#9456,#9457,#9458);
#9456 = CARTESIAN_POINT('',(0.525,1.3,1.9));
#9457 = DIRECTION('',(0.,-1.,0.));
#9458 = DIRECTION('',(1.,0.,0.));
#9459 = PLANE('',#9460);
#9460 = AXIS2_PLACEMENT_3D('',#9461,#9462,#9463);
#9461 = CARTESIAN_POINT('',(0.,1.3,0.));
#9462 = DIRECTION('',(0.,1.,0.));
#9463 = DIRECTION('',(-1.,0.,0.));
#9464 = ADVANCED_FACE('',(#9465),#9490,.F.);
#9465 = FACE_BOUND('',#9466,.T.);
#9466 = EDGE_LOOP('',(#9467,#9477,#9483,#9484));
#9467 = ORIENTED_EDGE('',*,*,#9468,.F.);
#9468 = EDGE_CURVE('',#9469,#9471,#9473,.T.);
#9469 = VERTEX_POINT('',#9470);
#9470 = CARTESIAN_POINT('',(-0.525000000062,-4.999999999124E-02,
    2.099999999991));
#9471 = VERTEX_POINT('',#9472);
#9472 = CARTESIAN_POINT('',(0.525000000776,-4.99999999959E-02,
    2.099999999992));
#9473 = LINE('',#9474,#9475);
#9474 = CARTESIAN_POINT('',(-0.525000000062,-4.999999999124E-02,
    2.099999999991));
#9475 = VECTOR('',#9476,1.);
#9476 = DIRECTION('',(1.,7.4475E-12,-7.44759E-12));
#9477 = ORIENTED_EDGE('',*,*,#9478,.F.);
#9478 = EDGE_CURVE('',#9410,#9469,#9479,.T.);
#9479 = LINE('',#9480,#9481);
#9480 = CARTESIAN_POINT('',(-0.525,1.3,2.1));
#9481 = VECTOR('',#9482,1.);
#9482 = DIRECTION('',(-4.580246E-11,-1.,-6.48995E-12));
#9483 = ORIENTED_EDGE('',*,*,#9409,.T.);
#9484 = ORIENTED_EDGE('',*,*,#9485,.T.);
#9485 = EDGE_CURVE('',#9412,#9471,#9486,.T.);
#9486 = LINE('',#9487,#9488);
#9487 = CARTESIAN_POINT('',(0.525,1.3,2.1));
#9488 = VECTOR('',#9489,1.);
#9489 = DIRECTION('',(1.14916874E-09,-1.,-1.228252E-11));
#9490 = PLANE('',#9491);
#9491 = AXIS2_PLACEMENT_3D('',#9492,#9493,#9494);
#9492 = CARTESIAN_POINT('',(-0.725,1.3,2.1));
#9493 = DIRECTION('',(0.,0.,1.));
#9494 = DIRECTION('',(1.,0.,-0.));
#9495 = ADVANCED_FACE('',(#9496),#9521,.T.);
#9496 = FACE_BOUND('',#9497,.T.);
#9497 = EDGE_LOOP('',(#9498,#9508,#9514,#9515));
#9498 = ORIENTED_EDGE('',*,*,#9499,.F.);
#9499 = EDGE_CURVE('',#9500,#9502,#9504,.T.);
#9500 = VERTEX_POINT('',#9501);
#9501 = CARTESIAN_POINT('',(-0.525000000103,-9.99999999854E-02,
    2.149999999985));
#9502 = VERTEX_POINT('',#9503);
#9503 = CARTESIAN_POINT('',(0.525000000862,-9.999999999085E-02,
    2.149999999991));
#9504 = LINE('',#9505,#9506);
#9505 = CARTESIAN_POINT('',(-0.525000000103,-9.99999999854E-02,
    2.149999999985));
#9506 = VECTOR('',#9507,1.);
#9507 = DIRECTION('',(1.,1.241257E-11,-1.24125E-11));
#9508 = ORIENTED_EDGE('',*,*,#9509,.T.);
#9509 = EDGE_CURVE('',#9500,#9469,#9510,.T.);
#9510 = LINE('',#9511,#9512);
#9511 = CARTESIAN_POINT('',(-0.525000000103,-9.99999999854E-02,
    2.149999999985));
#9512 = VECTOR('',#9513,1.);
#9513 = DIRECTION('',(5.8297062E-10,0.707106781187,-0.707106781187));
#9514 = ORIENTED_EDGE('',*,*,#9468,.T.);
#9515 = ORIENTED_EDGE('',*,*,#9516,.F.);
#9516 = EDGE_CURVE('',#9502,#9471,#9517,.T.);
#9517 = LINE('',#9518,#9519);
#9518 = CARTESIAN_POINT('',(0.525000002586,-9.999999997236E-02,
    2.149999999972));
#9519 = VECTOR('',#9520,1.);
#9520 = DIRECTION('',(-1.462652916E-08,0.707106781187,-0.707106781187));
#9521 = PLANE('',#9522);
#9522 = AXIS2_PLACEMENT_3D('',#9523,#9524,#9525);
#9523 = CARTESIAN_POINT('',(0.,-7.5E-02,2.125));
#9524 = DIRECTION('',(0.,-0.707106781187,-0.707106781187));
#9525 = DIRECTION('',(0.,0.707106781187,-0.707106781187));
#9526 = ADVANCED_FACE('',(#9527,#9538),#9582,.F.);
#9527 = FACE_BOUND('',#9528,.T.);
#9528 = EDGE_LOOP('',(#9529));
#9529 = ORIENTED_EDGE('',*,*,#9530,.T.);
#9530 = EDGE_CURVE('',#9531,#9531,#9533,.T.);
#9531 = VERTEX_POINT('',#9532);
#9532 = CARTESIAN_POINT('',(0.,-0.1,-2.5));
#9533 = CIRCLE('',#9534,2.5);
#9534 = AXIS2_PLACEMENT_3D('',#9535,#9536,#9537);
#9535 = CARTESIAN_POINT('',(0.,-0.1,0.));
#9536 = DIRECTION('',(0.,-1.,0.));
#9537 = DIRECTION('',(0.,0.,1.));
#9538 = FACE_BOUND('',#9539,.T.);
#9539 = EDGE_LOOP('',(#9540,#9550,#9559,#9567,#9574,#9575));
#9540 = ORIENTED_EDGE('',*,*,#9541,.T.);
#9541 = EDGE_CURVE('',#9542,#9544,#9546,.T.);
#9542 = VERTEX_POINT('',#9543);
#9543 = CARTESIAN_POINT('',(0.774999999985,-9.99999999854E-02,
    1.900000000103));
#9544 = VERTEX_POINT('',#9545);
#9545 = CARTESIAN_POINT('',(0.775,-0.1,1.043731287257));
#9546 = LINE('',#9547,#9548);
#9547 = CARTESIAN_POINT('',(0.774999999985,-9.99999999854E-02,
    1.900000000103));
#9548 = VECTOR('',#9549,1.);
#9549 = DIRECTION('',(1.705369E-11,-1.705353E-11,-1.));
#9550 = ORIENTED_EDGE('',*,*,#9551,.T.);
#9551 = EDGE_CURVE('',#9544,#9552,#9554,.T.);
#9552 = VERTEX_POINT('',#9553);
#9553 = CARTESIAN_POINT('',(-0.775,-0.1,1.043731287257));
#9554 = CIRCLE('',#9555,1.3);
#9555 = AXIS2_PLACEMENT_3D('',#9556,#9557,#9558);
#9556 = CARTESIAN_POINT('',(0.,-0.1,0.));
#9557 = DIRECTION('',(0.,1.,0.));
#9558 = DIRECTION('',(0.596153846154,-0.,0.802870220967));
#9559 = ORIENTED_EDGE('',*,*,#9560,.T.);
#9560 = EDGE_CURVE('',#9552,#9561,#9563,.T.);
#9561 = VERTEX_POINT('',#9562);
#9562 = CARTESIAN_POINT('',(-0.774999999991,-9.999999999078E-02,
    1.900000000862));
#9563 = LINE('',#9564,#9565);
#9564 = CARTESIAN_POINT('',(-0.775,-0.1,1.043731287257));
#9565 = VECTOR('',#9566,1.);
#9566 = DIRECTION('',(3.227453E-11,3.227439E-11,1.));
#9567 = ORIENTED_EDGE('',*,*,#9568,.T.);
#9568 = EDGE_CURVE('',#9561,#9500,#9569,.T.);
#9569 = CIRCLE('',#9570,0.25);
#9570 = AXIS2_PLACEMENT_3D('',#9571,#9572,#9573);
#9571 = CARTESIAN_POINT('',(-0.525,-0.1,1.9));
#9572 = DIRECTION('',(0.,1.,0.));
#9573 = DIRECTION('',(-1.,0.,0.));
#9574 = ORIENTED_EDGE('',*,*,#9499,.T.);
#9575 = ORIENTED_EDGE('',*,*,#9576,.T.);
#9576 = EDGE_CURVE('',#9502,#9542,#9577,.T.);
#9577 = CIRCLE('',#9578,0.25);
#9578 = AXIS2_PLACEMENT_3D('',#9579,#9580,#9581);
#9579 = CARTESIAN_POINT('',(0.525,-0.1,1.9));
#9580 = DIRECTION('',(0.,1.,0.));
#9581 = DIRECTION('',(0.,-0.,1.));
#9582 = PLANE('',#9583);
#9583 = AXIS2_PLACEMENT_3D('',#9584,#9585,#9586);
#9584 = CARTESIAN_POINT('',(0.,-0.1,0.));
#9585 = DIRECTION('',(0.,1.,0.));
#9586 = DIRECTION('',(1.,0.,0.));
#9587 = ADVANCED_FACE('',(#9588),#9616,.F.);
#9588 = FACE_BOUND('',#9589,.F.);
#9589 = EDGE_LOOP('',(#9590,#9598,#9607,#9614,#9615));
#9590 = ORIENTED_EDGE('',*,*,#9591,.T.);
#9591 = EDGE_CURVE('',#9531,#9592,#9594,.T.);
#9592 = VERTEX_POINT('',#9593);
#9593 = CARTESIAN_POINT('',(0.,-2.400010119271,-2.5));
#9594 = LINE('',#9595,#9596);
#9595 = CARTESIAN_POINT('',(3.1E-16,-2.7,-2.5));
#9596 = VECTOR('',#9597,1.);
#9597 = DIRECTION('',(0.,-1.,0.));
#9598 = ORIENTED_EDGE('',*,*,#9599,.T.);
#9599 = EDGE_CURVE('',#9592,#9600,#9602,.T.);
#9600 = VERTEX_POINT('',#9601);
#9601 = CARTESIAN_POINT('',(0.,-2.400010119271,2.5));
#9602 = CIRCLE('',#9603,2.5);
#9603 = AXIS2_PLACEMENT_3D('',#9604,#9605,#9606);
#9604 = CARTESIAN_POINT('',(0.,-2.400010119271,0.));
#9605 = DIRECTION('',(0.,1.,0.));
#9606 = DIRECTION('',(0.,-0.,1.));
#9607 = ORIENTED_EDGE('',*,*,#9608,.T.);
#9608 = EDGE_CURVE('',#9600,#9592,#9609,.T.);
#9609 = CIRCLE('',#9610,2.5);
#9610 = AXIS2_PLACEMENT_3D('',#9611,#9612,#9613);
#9611 = CARTESIAN_POINT('',(0.,-2.400010119271,0.));
#9612 = DIRECTION('',(0.,1.,0.));
#9613 = DIRECTION('',(0.,-0.,1.));
#9614 = ORIENTED_EDGE('',*,*,#9591,.F.);
#9615 = ORIENTED_EDGE('',*,*,#9530,.T.);
#9616 = CYLINDRICAL_SURFACE('',#9617,2.5);
#9617 = AXIS2_PLACEMENT_3D('',#9618,#9619,#9620);
#9618 = CARTESIAN_POINT('',(0.,-2.7,0.));
#9619 = DIRECTION('',(0.,-1.,0.));
#9620 = DIRECTION('',(0.,0.,1.));
#9621 = ADVANCED_FACE('',(#9622),#9642,.F.);
#9622 = FACE_BOUND('',#9623,.F.);
#9623 = EDGE_LOOP('',(#9624,#9632,#9639,#9640,#9641));
#9624 = ORIENTED_EDGE('',*,*,#9625,.T.);
#9625 = EDGE_CURVE('',#9600,#9626,#9628,.T.);
#9626 = VERTEX_POINT('',#9627);
#9627 = CARTESIAN_POINT('',(0.,-2.7,2.799988666463));
#9628 = LINE('',#9629,#9630);
#9629 = CARTESIAN_POINT('',(-3.2E-16,-2.550005510446,2.64999478404));
#9630 = VECTOR('',#9631,1.);
#9631 = DIRECTION('',(-9.E-17,-0.707108212263,0.707105350107));
#9632 = ORIENTED_EDGE('',*,*,#9633,.T.);
#9633 = EDGE_CURVE('',#9626,#9626,#9634,.T.);
#9634 = CIRCLE('',#9635,2.799988666463);
#9635 = AXIS2_PLACEMENT_3D('',#9636,#9637,#9638);
#9636 = CARTESIAN_POINT('',(0.,-2.7,0.));
#9637 = DIRECTION('',(0.,1.,0.));
#9638 = DIRECTION('',(0.,0.,-1.));
#9639 = ORIENTED_EDGE('',*,*,#9625,.F.);
#9640 = ORIENTED_EDGE('',*,*,#9599,.F.);
#9641 = ORIENTED_EDGE('',*,*,#9608,.F.);
#9642 = CONICAL_SURFACE('',#9643,2.64999478404,0.785396139548);
#9643 = AXIS2_PLACEMENT_3D('',#9644,#9645,#9646);
#9644 = CARTESIAN_POINT('',(0.,-2.550005510446,0.));
#9645 = DIRECTION('',(0.,-1.,0.));
#9646 = DIRECTION('',(0.,0.,-1.));
#9647 = ADVANCED_FACE('',(#9648,#9659),#9662,.T.);
#9648 = FACE_BOUND('',#9649,.T.);
#9649 = EDGE_LOOP('',(#9650));
#9650 = ORIENTED_EDGE('',*,*,#9651,.T.);
#9651 = EDGE_CURVE('',#9652,#9652,#9654,.T.);
#9652 = VERTEX_POINT('',#9653);
#9653 = CARTESIAN_POINT('',(3.06589668087E-02,-2.7,3.225371969248));
#9654 = CIRCLE('',#9655,3.225517681281);
#9655 = AXIS2_PLACEMENT_3D('',#9656,#9657,#9658);
#9656 = CARTESIAN_POINT('',(0.,-2.7,0.));
#9657 = DIRECTION('',(0.,-1.,0.));
#9658 = DIRECTION('',(0.,0.,-1.));
#9659 = FACE_BOUND('',#9660,.T.);
#9660 = EDGE_LOOP('',(#9661));
#9661 = ORIENTED_EDGE('',*,*,#9633,.T.);
#9662 = PLANE('',#9663);
#9663 = AXIS2_PLACEMENT_3D('',#9664,#9665,#9666);
#9664 = CARTESIAN_POINT('',(0.,-2.7,0.));
#9665 = DIRECTION('',(0.,-1.,0.));
#9666 = DIRECTION('',(0.,0.,-1.));
#9667 = ADVANCED_FACE('',(#9668),#9697,.T.);
#9668 = FACE_BOUND('',#9669,.T.);
#9669 = EDGE_LOOP('',(#9670,#9671,#9680,#9689,#9696));
#9670 = ORIENTED_EDGE('',*,*,#9651,.F.);
#9671 = ORIENTED_EDGE('',*,*,#9672,.T.);
#9672 = EDGE_CURVE('',#9652,#9673,#9675,.T.);
#9673 = VERTEX_POINT('',#9674);
#9674 = CARTESIAN_POINT('',(3.540501921731E-02,-2.226167980612,
    3.724664215423));
#9675 = CIRCLE('',#9676,0.5);
#9676 = AXIS2_PLACEMENT_3D('',#9677,#9678,#9679);
#9677 = CARTESIAN_POINT('',(3.065896714482E-02,-2.2,3.225372004608));
#9678 = DIRECTION('',(-0.999954825226,0.,9.505130598609E-03));
#9679 = DIRECTION('',(9.505130598609E-03,0.,0.999954825226));
#9680 = ORIENTED_EDGE('',*,*,#9681,.T.);
#9681 = EDGE_CURVE('',#9673,#9682,#9684,.T.);
#9682 = VERTEX_POINT('',#9683);
#9683 = CARTESIAN_POINT('',(-0.,-2.226167980612,-3.724832483889));
#9684 = CIRCLE('',#9685,3.724832483889);
#9685 = AXIS2_PLACEMENT_3D('',#9686,#9687,#9688);
#9686 = CARTESIAN_POINT('',(0.,-2.226167980612,0.));
#9687 = DIRECTION('',(0.,-1.,0.));
#9688 = DIRECTION('',(0.,0.,-1.));
#9689 = ORIENTED_EDGE('',*,*,#9690,.T.);
#9690 = EDGE_CURVE('',#9682,#9673,#9691,.T.);
#9691 = CIRCLE('',#9692,3.724832483889);
#9692 = AXIS2_PLACEMENT_3D('',#9693,#9694,#9695);
#9693 = CARTESIAN_POINT('',(0.,-2.226167980612,0.));
#9694 = DIRECTION('',(0.,-1.,0.));
#9695 = DIRECTION('',(0.,0.,-1.));
#9696 = ORIENTED_EDGE('',*,*,#9672,.F.);
#9697 = TOROIDAL_SURFACE('',#9698,3.225517716643,0.5);
#9698 = AXIS2_PLACEMENT_3D('',#9699,#9700,#9701);
#9699 = CARTESIAN_POINT('',(0.,-2.2,0.));
#9700 = DIRECTION('',(0.,-1.,0.));
#9701 = DIRECTION('',(-9.505130598609E-03,-0.,-0.999954825226));
#9702 = ADVANCED_FACE('',(#9703),#9732,.T.);
#9703 = FACE_BOUND('',#9704,.T.);
#9704 = EDGE_LOOP('',(#9705,#9716,#9723,#9729,#9730,#9731));
#9705 = ORIENTED_EDGE('',*,*,#9706,.T.);
#9706 = EDGE_CURVE('',#9707,#9709,#9711,.T.);
#9707 = VERTEX_POINT('',#9708);
#9708 = CARTESIAN_POINT('',(-0.,-0.473832021879,-3.816668520044));
#9709 = VERTEX_POINT('',#9710);
#9710 = CARTESIAN_POINT('',(-3.615889818169E-02,-0.473832021878,
    -3.816497232539));
#9711 = CIRCLE('',#9712,3.816668520044);
#9712 = AXIS2_PLACEMENT_3D('',#9713,#9714,#9715);
#9713 = CARTESIAN_POINT('',(0.,-0.473832021878,0.));
#9714 = DIRECTION('',(0.,-1.,0.));
#9715 = DIRECTION('',(0.,0.,1.));
#9716 = ORIENTED_EDGE('',*,*,#9717,.T.);
#9717 = EDGE_CURVE('',#9709,#9707,#9718,.T.);
#9718 = CIRCLE('',#9719,3.816668520044);
#9719 = AXIS2_PLACEMENT_3D('',#9720,#9721,#9722);
#9720 = CARTESIAN_POINT('',(0.,-0.473832021878,0.));
#9721 = DIRECTION('',(0.,-1.,0.));
#9722 = DIRECTION('',(0.,0.,1.));
#9723 = ORIENTED_EDGE('',*,*,#9724,.T.);
#9724 = EDGE_CURVE('',#9707,#9682,#9725,.T.);
#9725 = LINE('',#9726,#9727);
#9726 = CARTESIAN_POINT('',(-4.6E-16,-1.350000009621,-3.770750501528));
#9727 = VECTOR('',#9728,1.);
#9728 = DIRECTION('',(1.E-17,-0.998629534755,5.233595624292E-02));
#9729 = ORIENTED_EDGE('',*,*,#9681,.F.);
#9730 = ORIENTED_EDGE('',*,*,#9690,.F.);
#9731 = ORIENTED_EDGE('',*,*,#9724,.F.);
#9732 = CONICAL_SURFACE('',#9733,3.770750501528,5.235987755983E-02);
#9733 = AXIS2_PLACEMENT_3D('',#9734,#9735,#9736);
#9734 = CARTESIAN_POINT('',(0.,-1.350000009621,0.));
#9735 = DIRECTION('',(0.,1.,0.));
#9736 = DIRECTION('',(0.,-0.,1.));
#9737 = ADVANCED_FACE('',(#9738),#9751,.F.);
#9738 = FACE_BOUND('',#9739,.F.);
#9739 = EDGE_LOOP('',(#9740,#9747,#9748,#9749,#9750));
#9740 = ORIENTED_EDGE('',*,*,#9741,.T.);
#9741 = EDGE_CURVE('',#9709,#8866,#9742,.T.);
#9742 = CIRCLE('',#9743,0.5);
#9743 = AXIS2_PLACEMENT_3D('',#9744,#9745,#9746);
#9744 = CARTESIAN_POINT('',(-4.088937758786E-02,-0.5,-4.315789591269));
#9745 = DIRECTION('',(-0.999955121199,0.,9.473942521289E-03));
#9746 = DIRECTION('',(-9.473942521289E-03,0.,-0.999955121199));
#9747 = ORIENTED_EDGE('',*,*,#8865,.F.);
#9748 = ORIENTED_EDGE('',*,*,#9741,.F.);
#9749 = ORIENTED_EDGE('',*,*,#9717,.T.);
#9750 = ORIENTED_EDGE('',*,*,#9706,.T.);
#9751 = TOROIDAL_SURFACE('',#9752,4.315983287422,0.5);
#9752 = AXIS2_PLACEMENT_3D('',#9753,#9754,#9755);
#9753 = CARTESIAN_POINT('',(0.,-0.5,0.));
#9754 = DIRECTION('',(0.,-1.,0.));
#9755 = DIRECTION('',(9.473942521289E-03,0.,0.999955121199));
#9756 = ADVANCED_FACE('',(#9757),#9783,.T.);
#9757 = FACE_BOUND('',#9758,.T.);
#9758 = EDGE_LOOP('',(#9759,#9768,#9769,#9777));
#9759 = ORIENTED_EDGE('',*,*,#9760,.F.);
#9760 = EDGE_CURVE('',#9544,#9761,#9763,.T.);
#9761 = VERTEX_POINT('',#9762);
#9762 = CARTESIAN_POINT('',(0.725,-5.E-02,1.079062092745));
#9763 = ELLIPSE('',#9764,2.590894154213,1.829016678238);
#9764 = AXIS2_PLACEMENT_3D('',#9765,#9766,#9767);
#9765 = CARTESIAN_POINT('',(-0.433760861324,1.109121954565,
    -0.613920955151));
#9766 = DIRECTION('',(-0.707142689802,-0.707070863441,
    -1.016483500491E-04));
#9767 = DIRECTION('',(0.669230730544,-0.669345098052,0.322656735572));
#9768 = ORIENTED_EDGE('',*,*,#9541,.F.);
#9769 = ORIENTED_EDGE('',*,*,#9770,.T.);
#9770 = EDGE_CURVE('',#9542,#9771,#9773,.T.);
#9771 = VERTEX_POINT('',#9772);
#9772 = CARTESIAN_POINT('',(0.724999999991,-4.999999999124E-02,
    1.900000000062));
#9773 = LINE('',#9774,#9775);
#9774 = CARTESIAN_POINT('',(0.774999999985,-9.99999999854E-02,
    1.900000000103));
#9775 = VECTOR('',#9776,1.);
#9776 = DIRECTION('',(-0.707106781187,0.707106781187,-5.8296591E-10));
#9777 = ORIENTED_EDGE('',*,*,#9778,.T.);
#9778 = EDGE_CURVE('',#9771,#9761,#9779,.T.);
#9779 = LINE('',#9780,#9781);
#9780 = CARTESIAN_POINT('',(0.724999999991,-4.999999999124E-02,
    1.900000000062));
#9781 = VECTOR('',#9782,1.);
#9782 = DIRECTION('',(1.067261E-11,-1.067232E-11,-1.));
#9783 = PLANE('',#9784);
#9784 = AXIS2_PLACEMENT_3D('',#9785,#9786,#9787);
#9785 = CARTESIAN_POINT('',(0.749999999982,-7.499999998248E-02,
    1.489531046527));
#9786 = DIRECTION('',(-0.707106781187,-0.707106781187,0.));
#9787 = DIRECTION('',(-0.707106781187,0.707106781187,0.));
#9788 = ADVANCED_FACE('',(#9789),#9815,.F.);
#9789 = FACE_BOUND('',#9790,.F.);
#9790 = EDGE_LOOP('',(#9791,#9792,#9801,#9807,#9808,#9814));
#9791 = ORIENTED_EDGE('',*,*,#9551,.T.);
#9792 = ORIENTED_EDGE('',*,*,#9793,.F.);
#9793 = EDGE_CURVE('',#9794,#9552,#9796,.T.);
#9794 = VERTEX_POINT('',#9795);
#9795 = CARTESIAN_POINT('',(-0.725,-5.E-02,1.079062092745));
#9796 = ELLIPSE('',#9797,2.590894124796,1.829016661741);
#9797 = AXIS2_PLACEMENT_3D('',#9798,#9799,#9800);
#9798 = CARTESIAN_POINT('',(0.433760845266,1.109121938505,
    -0.613920932373));
#9799 = DIRECTION('',(0.707142689802,-0.707070863441,-1.016483508234E-04
    ));
#9800 = DIRECTION('',(0.669230732592,0.669345100099,-0.322656727076));
#9801 = ORIENTED_EDGE('',*,*,#9802,.T.);
#9802 = EDGE_CURVE('',#9794,#9429,#9803,.T.);
#9803 = LINE('',#9804,#9805);
#9804 = CARTESIAN_POINT('',(-0.725,-5.E-02,1.079062092745));
#9805 = VECTOR('',#9806,1.);
#9806 = DIRECTION('',(0.,1.,0.));
#9807 = ORIENTED_EDGE('',*,*,#9436,.T.);
#9808 = ORIENTED_EDGE('',*,*,#9809,.F.);
#9809 = EDGE_CURVE('',#9761,#9437,#9810,.T.);
#9810 = LINE('',#9811,#9812);
#9811 = CARTESIAN_POINT('',(0.725,-5.E-02,1.079062092745));
#9812 = VECTOR('',#9813,1.);
#9813 = DIRECTION('',(0.,1.,0.));
#9814 = ORIENTED_EDGE('',*,*,#9760,.F.);
#9815 = CYLINDRICAL_SURFACE('',#9816,1.3);
#9816 = AXIS2_PLACEMENT_3D('',#9817,#9818,#9819);
#9817 = CARTESIAN_POINT('',(0.,2.9,0.));
#9818 = DIRECTION('',(0.,1.,0.));
#9819 = DIRECTION('',(1.8E-16,0.,-1.));
#9820 = ADVANCED_FACE('',(#9821),#9839,.T.);
#9821 = FACE_BOUND('',#9822,.T.);
#9822 = EDGE_LOOP('',(#9823,#9824,#9832,#9838));
#9823 = ORIENTED_EDGE('',*,*,#9793,.F.);
#9824 = ORIENTED_EDGE('',*,*,#9825,.T.);
#9825 = EDGE_CURVE('',#9794,#9826,#9828,.T.);
#9826 = VERTEX_POINT('',#9827);
#9827 = CARTESIAN_POINT('',(-0.72499999998,-4.999999998652E-02,
    1.900000002327));
#9828 = LINE('',#9829,#9830);
#9829 = CARTESIAN_POINT('',(-0.725,-5.E-02,1.079062092745));
#9830 = VECTOR('',#9831,1.);
#9831 = DIRECTION('',(4.039665E-11,4.03961E-11,1.));
#9832 = ORIENTED_EDGE('',*,*,#9833,.F.);
#9833 = EDGE_CURVE('',#9561,#9826,#9834,.T.);
#9834 = LINE('',#9835,#9836);
#9835 = CARTESIAN_POINT('',(-0.774999999972,-9.999999997236E-02,
    1.900000002586));
#9836 = VECTOR('',#9837,1.);
#9837 = DIRECTION('',(0.707106781187,0.707106781187,7.31366966E-09));
#9838 = ORIENTED_EDGE('',*,*,#9560,.F.);
#9839 = PLANE('',#9840);
#9840 = AXIS2_PLACEMENT_3D('',#9841,#9842,#9843);
#9841 = CARTESIAN_POINT('',(-0.749999999967,-7.499999996684E-02,
    1.489531050251));
#9842 = DIRECTION('',(0.707106781187,-0.707106781187,0.));
#9843 = DIRECTION('',(0.707106781187,0.707106781187,0.));
#9844 = ADVANCED_FACE('',(#9845),#9857,.F.);
#9845 = FACE_BOUND('',#9846,.F.);
#9846 = EDGE_LOOP('',(#9847,#9848,#9855,#9856));
#9847 = ORIENTED_EDGE('',*,*,#9509,.T.);
#9848 = ORIENTED_EDGE('',*,*,#9849,.F.);
#9849 = EDGE_CURVE('',#9826,#9469,#9850,.T.);
#9850 = CIRCLE('',#9851,0.2);
#9851 = AXIS2_PLACEMENT_3D('',#9852,#9853,#9854);
#9852 = CARTESIAN_POINT('',(-0.525,-5.E-02,1.9));
#9853 = DIRECTION('',(0.,1.,0.));
#9854 = DIRECTION('',(-1.,0.,0.));
#9855 = ORIENTED_EDGE('',*,*,#9833,.F.);
#9856 = ORIENTED_EDGE('',*,*,#9568,.T.);
#9857 = CONICAL_SURFACE('',#9858,0.224999999967,0.785398163397);
#9858 = AXIS2_PLACEMENT_3D('',#9859,#9860,#9861);
#9859 = CARTESIAN_POINT('',(-0.525,-7.499999996684E-02,1.9));
#9860 = DIRECTION('',(0.,-1.,0.));
#9861 = DIRECTION('',(0.,0.,-1.));
#9862 = ADVANCED_FACE('',(#9863),#9874,.F.);
#9863 = FACE_BOUND('',#9864,.F.);
#9864 = EDGE_LOOP('',(#9865,#9866,#9867,#9873));
#9865 = ORIENTED_EDGE('',*,*,#9478,.F.);
#9866 = ORIENTED_EDGE('',*,*,#9419,.T.);
#9867 = ORIENTED_EDGE('',*,*,#9868,.T.);
#9868 = EDGE_CURVE('',#9420,#9826,#9869,.T.);
#9869 = LINE('',#9870,#9871);
#9870 = CARTESIAN_POINT('',(-0.725,1.3,1.9));
#9871 = VECTOR('',#9872,1.);
#9872 = DIRECTION('',(2.456512E-11,-1.,2.29835838E-09));
#9873 = ORIENTED_EDGE('',*,*,#9849,.T.);
#9874 = CYLINDRICAL_SURFACE('',#9875,0.2);
#9875 = AXIS2_PLACEMENT_3D('',#9876,#9877,#9878);
#9876 = CARTESIAN_POINT('',(-0.525,1.336474163055,1.9));
#9877 = DIRECTION('',(0.,-1.,0.));
#9878 = DIRECTION('',(0.,0.,1.));
#9879 = ADVANCED_FACE('',(#9880),#9886,.F.);
#9880 = FACE_BOUND('',#9881,.T.);
#9881 = EDGE_LOOP('',(#9882,#9883,#9884,#9885));
#9882 = ORIENTED_EDGE('',*,*,#9825,.F.);
#9883 = ORIENTED_EDGE('',*,*,#9802,.T.);
#9884 = ORIENTED_EDGE('',*,*,#9428,.T.);
#9885 = ORIENTED_EDGE('',*,*,#9868,.T.);
#9886 = PLANE('',#9887);
#9887 = AXIS2_PLACEMENT_3D('',#9888,#9889,#9890);
#9888 = CARTESIAN_POINT('',(-0.725,1.3,0.));
#9889 = DIRECTION('',(-1.,0.,0.));
#9890 = DIRECTION('',(0.,0.,1.));
#9891 = ADVANCED_FACE('',(#9892),#9903,.F.);
#9892 = FACE_BOUND('',#9893,.T.);
#9893 = EDGE_LOOP('',(#9894,#9895,#9901,#9902));
#9894 = ORIENTED_EDGE('',*,*,#9778,.F.);
#9895 = ORIENTED_EDGE('',*,*,#9896,.F.);
#9896 = EDGE_CURVE('',#9446,#9771,#9897,.T.);
#9897 = LINE('',#9898,#9899);
#9898 = CARTESIAN_POINT('',(0.725,1.3,1.9));
#9899 = VECTOR('',#9900,1.);
#9900 = DIRECTION('',(-6.48995E-12,-1.,4.580254E-11));
#9901 = ORIENTED_EDGE('',*,*,#9445,.F.);
#9902 = ORIENTED_EDGE('',*,*,#9809,.F.);
#9903 = PLANE('',#9904);
#9904 = AXIS2_PLACEMENT_3D('',#9905,#9906,#9907);
#9905 = CARTESIAN_POINT('',(0.725,1.3,2.1));
#9906 = DIRECTION('',(1.,0.,0.));
#9907 = DIRECTION('',(0.,0.,-1.));
#9908 = ADVANCED_FACE('',(#9909),#9921,.F.);
#9909 = FACE_BOUND('',#9910,.F.);
#9910 = EDGE_LOOP('',(#9911,#9912,#9913,#9914));
#9911 = ORIENTED_EDGE('',*,*,#9896,.F.);
#9912 = ORIENTED_EDGE('',*,*,#9453,.T.);
#9913 = ORIENTED_EDGE('',*,*,#9485,.T.);
#9914 = ORIENTED_EDGE('',*,*,#9915,.T.);
#9915 = EDGE_CURVE('',#9471,#9771,#9916,.T.);
#9916 = CIRCLE('',#9917,0.2);
#9917 = AXIS2_PLACEMENT_3D('',#9918,#9919,#9920);
#9918 = CARTESIAN_POINT('',(0.525,-5.E-02,1.9));
#9919 = DIRECTION('',(0.,1.,0.));
#9920 = DIRECTION('',(0.,-0.,1.));
#9921 = CYLINDRICAL_SURFACE('',#9922,0.2);
#9922 = AXIS2_PLACEMENT_3D('',#9923,#9924,#9925);
#9923 = CARTESIAN_POINT('',(0.525,1.336474163055,1.9));
#9924 = DIRECTION('',(0.,-1.,0.));
#9925 = DIRECTION('',(1.,0.,0.));
#9926 = ADVANCED_FACE('',(#9927),#9933,.F.);
#9927 = FACE_BOUND('',#9928,.F.);
#9928 = EDGE_LOOP('',(#9929,#9930,#9931,#9932));
#9929 = ORIENTED_EDGE('',*,*,#9770,.T.);
#9930 = ORIENTED_EDGE('',*,*,#9915,.F.);
#9931 = ORIENTED_EDGE('',*,*,#9516,.F.);
#9932 = ORIENTED_EDGE('',*,*,#9576,.T.);
#9933 = CONICAL_SURFACE('',#9934,0.224999999967,0.785398163397);
#9934 = AXIS2_PLACEMENT_3D('',#9935,#9936,#9937);
#9935 = CARTESIAN_POINT('',(0.525,-7.499999996684E-02,1.9));
#9936 = DIRECTION('',(0.,-1.,0.));
#9937 = DIRECTION('',(0.,0.,-1.));
#9938 = ADVANCED_FACE('',(#9939),#9955,.F.);
#9939 = FACE_BOUND('',#9940,.T.);
#9940 = EDGE_LOOP('',(#9941,#9942,#9948,#9949));
#9941 = ORIENTED_EDGE('',*,*,#9277,.T.);
#9942 = ORIENTED_EDGE('',*,*,#9943,.T.);
#9943 = EDGE_CURVE('',#9192,#8797,#9944,.T.);
#9944 = LINE('',#9945,#9946);
#9945 = CARTESIAN_POINT('',(-0.530385588718,2.9,-7.783392006527));
#9946 = VECTOR('',#9947,1.);
#9947 = DIRECTION('',(0.,-1.,0.));
#9948 = ORIENTED_EDGE('',*,*,#8796,.T.);
#9949 = ORIENTED_EDGE('',*,*,#9950,.F.);
#9950 = EDGE_CURVE('',#9219,#8788,#9951,.T.);
#9951 = LINE('',#9952,#9953);
#9952 = CARTESIAN_POINT('',(-0.829243998145,2.9,-7.757245283703));
#9953 = VECTOR('',#9954,1.);
#9954 = DIRECTION('',(0.,-1.,0.));
#9955 = PLANE('',#9956);
#9956 = AXIS2_PLACEMENT_3D('',#9957,#9958,#9959);
#9957 = CARTESIAN_POINT('',(-0.829243998145,2.9,-7.757245283703));
#9958 = DIRECTION('',(8.715574274764E-02,0.,0.996194698092));
#9959 = DIRECTION('',(0.996194698092,0.,-8.715574274764E-02));
#9960 = ADVANCED_FACE('',(#9961),#9967,.F.);
#9961 = FACE_BOUND('',#9962,.F.);
#9962 = EDGE_LOOP('',(#9963,#9964,#9965,#9966));
#9963 = ORIENTED_EDGE('',*,*,#8982,.T.);
#9964 = ORIENTED_EDGE('',*,*,#9950,.F.);
#9965 = ORIENTED_EDGE('',*,*,#9227,.T.);
#9966 = ORIENTED_EDGE('',*,*,#9095,.F.);
#9967 = PLANE('',#9968);
#9968 = AXIS2_PLACEMENT_3D('',#9969,#9970,#9971);
#9969 = CARTESIAN_POINT('',(-0.846675146695,2.9,-7.956484223322));
#9970 = DIRECTION('',(-0.996194698092,0.,8.715574274764E-02));
#9971 = DIRECTION('',(8.715574274764E-02,0.,0.996194698092));
#9972 = ADVANCED_FACE('',(#9973),#9979,.F.);
#9973 = FACE_BOUND('',#9974,.F.);
#9974 = EDGE_LOOP('',(#9975,#9976,#9977,#9978));
#9975 = ORIENTED_EDGE('',*,*,#9202,.T.);
#9976 = ORIENTED_EDGE('',*,*,#9943,.T.);
#9977 = ORIENTED_EDGE('',*,*,#8883,.T.);
#9978 = ORIENTED_EDGE('',*,*,#9070,.T.);
#9979 = PLANE('',#9980);
#9980 = AXIS2_PLACEMENT_3D('',#9981,#9982,#9983);
#9981 = CARTESIAN_POINT('',(-0.530385588718,2.9,-7.783392006528));
#9982 = DIRECTION('',(0.996194698092,0.,-8.715574274764E-02));
#9983 = DIRECTION('',(-8.715574274764E-02,0.,-0.996194698092));
#9984 = ADVANCED_FACE('',(#9985),#9996,.F.);
#9985 = FACE_BOUND('',#9986,.T.);
#9986 = EDGE_LOOP('',(#9987,#9988,#9994,#9995));
#9987 = ORIENTED_EDGE('',*,*,#9270,.T.);
#9988 = ORIENTED_EDGE('',*,*,#9989,.T.);
#9989 = EDGE_CURVE('',#9242,#8777,#9990,.T.);
#9990 = LINE('',#9991,#9992);
#9991 = CARTESIAN_POINT('',(0.829243998146,2.9,-7.757245283704));
#9992 = VECTOR('',#9993,1.);
#9993 = DIRECTION('',(0.,-1.,0.));
#9994 = ORIENTED_EDGE('',*,*,#8813,.T.);
#9995 = ORIENTED_EDGE('',*,*,#8997,.F.);
#9996 = PLANE('',#9997);
#9997 = AXIS2_PLACEMENT_3D('',#9998,#9999,#10000);
#9998 = CARTESIAN_POINT('',(0.530385588718,2.9,-7.783392006528));
#9999 = DIRECTION('',(-8.715574274764E-02,0.,0.996194698092));
#10000 = DIRECTION('',(0.996194698092,0.,8.715574274764E-02));
#10001 = ADVANCED_FACE('',(#10002),#10008,.F.);
#10002 = FACE_BOUND('',#10003,.F.);
#10003 = EDGE_LOOP('',(#10004,#10005,#10006,#10007));
#10004 = ORIENTED_EDGE('',*,*,#9253,.T.);
#10005 = ORIENTED_EDGE('',*,*,#9989,.T.);
#10006 = ORIENTED_EDGE('',*,*,#8941,.T.);
#10007 = ORIENTED_EDGE('',*,*,#9028,.T.);
#10008 = PLANE('',#10009);
#10009 = AXIS2_PLACEMENT_3D('',#10010,#10011,#10012);
#10010 = CARTESIAN_POINT('',(0.829243998145,2.9,-7.757245283703));
#10011 = DIRECTION('',(0.996194698092,0.,8.715574274764E-02));
#10012 = DIRECTION('',(8.715574274764E-02,0.,-0.996194698092));
#10013 = ADVANCED_FACE('',(#10014),#10025,.F.);
#10014 = FACE_BOUND('',#10015,.F.);
#10015 = EDGE_LOOP('',(#10016,#10022,#10023,#10024));
#10016 = ORIENTED_EDGE('',*,*,#10017,.T.);
#10017 = EDGE_CURVE('',#9297,#8822,#10018,.T.);
#10018 = LINE('',#10019,#10020);
#10019 = CARTESIAN_POINT('',(-0.8,2.9,-6.));
#10020 = VECTOR('',#10021,1.);
#10021 = DIRECTION('',(0.,-1.,0.));
#10022 = ORIENTED_EDGE('',*,*,#8821,.F.);
#10023 = ORIENTED_EDGE('',*,*,#10017,.F.);
#10024 = ORIENTED_EDGE('',*,*,#9296,.T.);
#10025 = CYLINDRICAL_SURFACE('',#10026,0.8);
#10026 = AXIS2_PLACEMENT_3D('',#10027,#10028,#10029);
#10027 = CARTESIAN_POINT('',(0.,2.9,-6.));
#10028 = DIRECTION('',(0.,-1.,0.));
#10029 = DIRECTION('',(1.,0.,0.));
#10030 = ADVANCED_FACE('',(#10031),#10042,.F.);
#10031 = FACE_BOUND('',#10032,.F.);
#10032 = EDGE_LOOP('',(#10033,#10039,#10040,#10041));
#10033 = ORIENTED_EDGE('',*,*,#10034,.T.);
#10034 = EDGE_CURVE('',#9308,#8833,#10035,.T.);
#10035 = LINE('',#10036,#10037);
#10036 = CARTESIAN_POINT('',(6.,2.9,-0.8));
#10037 = VECTOR('',#10038,1.);
#10038 = DIRECTION('',(0.,-1.,0.));
#10039 = ORIENTED_EDGE('',*,*,#8832,.F.);
#10040 = ORIENTED_EDGE('',*,*,#10034,.F.);
#10041 = ORIENTED_EDGE('',*,*,#9307,.T.);
#10042 = CYLINDRICAL_SURFACE('',#10043,0.8);
#10043 = AXIS2_PLACEMENT_3D('',#10044,#10045,#10046);
#10044 = CARTESIAN_POINT('',(6.,2.9,0.));
#10045 = DIRECTION('',(0.,-1.,0.));
#10046 = DIRECTION('',(0.,0.,1.));
#10047 = ADVANCED_FACE('',(#10048),#10059,.F.);
#10048 = FACE_BOUND('',#10049,.F.);
#10049 = EDGE_LOOP('',(#10050,#10056,#10057,#10058));
#10050 = ORIENTED_EDGE('',*,*,#10051,.T.);
#10051 = EDGE_CURVE('',#9319,#8844,#10052,.T.);
#10052 = LINE('',#10053,#10054);
#10053 = CARTESIAN_POINT('',(0.8,2.9,6.));
#10054 = VECTOR('',#10055,1.);
#10055 = DIRECTION('',(0.,-1.,0.));
#10056 = ORIENTED_EDGE('',*,*,#8843,.F.);
#10057 = ORIENTED_EDGE('',*,*,#10051,.F.);
#10058 = ORIENTED_EDGE('',*,*,#9318,.T.);
#10059 = CYLINDRICAL_SURFACE('',#10060,0.8);
#10060 = AXIS2_PLACEMENT_3D('',#10061,#10062,#10063);
#10061 = CARTESIAN_POINT('',(0.,2.9,6.));
#10062 = DIRECTION('',(0.,-1.,0.));
#10063 = DIRECTION('',(-1.,0.,0.));
#10064 = ADVANCED_FACE('',(#10065),#10076,.F.);
#10065 = FACE_BOUND('',#10066,.F.);
#10066 = EDGE_LOOP('',(#10067,#10073,#10074,#10075));
#10067 = ORIENTED_EDGE('',*,*,#10068,.T.);
#10068 = EDGE_CURVE('',#9330,#8855,#10069,.T.);
#10069 = LINE('',#10070,#10071);
#10070 = CARTESIAN_POINT('',(-6.,2.9,0.8));
#10071 = VECTOR('',#10072,1.);
#10072 = DIRECTION('',(0.,-1.,0.));
#10073 = ORIENTED_EDGE('',*,*,#8854,.F.);
#10074 = ORIENTED_EDGE('',*,*,#10068,.F.);
#10075 = ORIENTED_EDGE('',*,*,#9329,.T.);
#10076 = CYLINDRICAL_SURFACE('',#10077,0.8);
#10077 = AXIS2_PLACEMENT_3D('',#10078,#10079,#10080);
#10078 = CARTESIAN_POINT('',(-6.,2.9,0.));
#10079 = DIRECTION('',(0.,-1.,0.));
#10080 = DIRECTION('',(0.,0.,-1.));
#10081 = ( GEOMETRIC_REPRESENTATION_CONTEXT(3) 
GLOBAL_UNCERTAINTY_ASSIGNED_CONTEXT((#10085)) 
GLOBAL_UNIT_ASSIGNED_CONTEXT((#10082,#10083,#10084)) 
REPRESENTATION_CONTEXT('Context #1',
  '3D Context with UNIT and UNCERTAINTY') );
#10082 = ( LENGTH_UNIT() NAMED_UNIT(*) SI_UNIT(.MILLI.,.METRE.) );
#10083 = ( NAMED_UNIT(*) PLANE_ANGLE_UNIT() SI_UNIT($,.RADIAN.) );
#10084 = ( NAMED_UNIT(*) SI_UNIT($,.STERADIAN.) SOLID_ANGLE_UNIT() );
#10085 = UNCERTAINTY_MEASURE_WITH_UNIT(LENGTH_MEASURE(2.E-04),#10082,
  'distance_accuracy_value','confusion accuracy');
#10086 = CONTEXT_DEPENDENT_SHAPE_REPRESENTATION(#10087,#10089);
#10087 = ( REPRESENTATION_RELATIONSHIP('','',#8769,#10) 
REPRESENTATION_RELATIONSHIP_WITH_TRANSFORMATION(#10088) 
SHAPE_REPRESENTATION_RELATIONSHIP() );
#10088 = ITEM_DEFINED_TRANSFORMATION('','',#11,#27);
#10089 = PRODUCT_DEFINITION_SHAPE('Placement','Placement of an item',
  #10090);
#10090 = NEXT_ASSEMBLY_USAGE_OCCURRENCE('4','DC15_A01_HORN_DUMMY012','',
  #5,#8764,$);
#10091 = PRODUCT_RELATED_PRODUCT_CATEGORY('part',$,(#8766));
#10092 = SHAPE_DEFINITION_REPRESENTATION(#10093,#10099);
#10093 = PRODUCT_DEFINITION_SHAPE('','',#10094);
#10094 = PRODUCT_DEFINITION('design','',#10095,#10098);
#10095 = PRODUCT_DEFINITION_FORMATION('','',#10096);
#10096 = PRODUCT('DC15_A01_LED_CAP2_DUMMY012',
  'DC15_A01_LED_CAP2_DUMMY012','',(#10097));
#10097 = PRODUCT_CONTEXT('',#2,'mechanical');
#10098 = PRODUCT_DEFINITION_CONTEXT('part definition',#2,'design');
#10099 = ADVANCED_BREP_SHAPE_REPRESENTATION('',(#11,#10100),#10415);
#10100 = MANIFOLD_SOLID_BREP('',#10101);
#10101 = CLOSED_SHELL('',(#10102,#10142,#10173,#10237,#10268,#10285,
    #10335,#10352,#10369,#10386,#10403));
#10102 = ADVANCED_FACE('',(#10103),#10137,.F.);
#10103 = FACE_BOUND('',#10104,.T.);
#10104 = EDGE_LOOP('',(#10105,#10115,#10123,#10131));
#10105 = ORIENTED_EDGE('',*,*,#10106,.T.);
#10106 = EDGE_CURVE('',#10107,#10109,#10111,.T.);
#10107 = VERTEX_POINT('',#10108);
#10108 = CARTESIAN_POINT('',(-2.5,1.8,0.));
#10109 = VERTEX_POINT('',#10110);
#10110 = CARTESIAN_POINT('',(2.5,1.8,0.));
#10111 = LINE('',#10112,#10113);
#10112 = CARTESIAN_POINT('',(-2.5,1.8,0.));
#10113 = VECTOR('',#10114,1.);
#10114 = DIRECTION('',(1.,0.,0.));
#10115 = ORIENTED_EDGE('',*,*,#10116,.F.);
#10116 = EDGE_CURVE('',#10117,#10109,#10119,.T.);
#10117 = VERTEX_POINT('',#10118);
#10118 = CARTESIAN_POINT('',(2.5,1.,0.));
#10119 = LINE('',#10120,#10121);
#10120 = CARTESIAN_POINT('',(2.5,1.,0.));
#10121 = VECTOR('',#10122,1.);
#10122 = DIRECTION('',(0.,1.,0.));
#10123 = ORIENTED_EDGE('',*,*,#10124,.F.);
#10124 = EDGE_CURVE('',#10125,#10117,#10127,.T.);
#10125 = VERTEX_POINT('',#10126);
#10126 = CARTESIAN_POINT('',(-2.5,1.,0.));
#10127 = LINE('',#10128,#10129);
#10128 = CARTESIAN_POINT('',(-2.5,1.,0.));
#10129 = VECTOR('',#10130,1.);
#10130 = DIRECTION('',(1.,0.,0.));
#10131 = ORIENTED_EDGE('',*,*,#10132,.F.);
#10132 = EDGE_CURVE('',#10107,#10125,#10133,.T.);
#10133 = LINE('',#10134,#10135);
#10134 = CARTESIAN_POINT('',(-2.5,1.8,0.));
#10135 = VECTOR('',#10136,1.);
#10136 = DIRECTION('',(0.,-1.,0.));
#10137 = PLANE('',#10138);
#10138 = AXIS2_PLACEMENT_3D('',#10139,#10140,#10141);
#10139 = CARTESIAN_POINT('',(0.,0.,0.));
#10140 = DIRECTION('',(0.,0.,1.));
#10141 = DIRECTION('',(1.,0.,-0.));
#10142 = ADVANCED_FACE('',(#10143),#10168,.T.);
#10143 = FACE_BOUND('',#10144,.T.);
#10144 = EDGE_LOOP('',(#10145,#10153,#10154,#10162));
#10145 = ORIENTED_EDGE('',*,*,#10146,.F.);
#10146 = EDGE_CURVE('',#10109,#10147,#10149,.T.);
#10147 = VERTEX_POINT('',#10148);
#10148 = CARTESIAN_POINT('',(2.5,2.,0.2));
#10149 = LINE('',#10150,#10151);
#10150 = CARTESIAN_POINT('',(2.5,1.8,0.));
#10151 = VECTOR('',#10152,1.);
#10152 = DIRECTION('',(0.,0.707106781187,0.707106781187));
#10153 = ORIENTED_EDGE('',*,*,#10106,.F.);
#10154 = ORIENTED_EDGE('',*,*,#10155,.F.);
#10155 = EDGE_CURVE('',#10156,#10107,#10158,.T.);
#10156 = VERTEX_POINT('',#10157);
#10157 = CARTESIAN_POINT('',(-2.5,2.,0.2));
#10158 = LINE('',#10159,#10160);
#10159 = CARTESIAN_POINT('',(-2.5,2.,0.2));
#10160 = VECTOR('',#10161,1.);
#10161 = DIRECTION('',(0.,-0.707106781187,-0.707106781187));
#10162 = ORIENTED_EDGE('',*,*,#10163,.T.);
#10163 = EDGE_CURVE('',#10156,#10147,#10164,.T.);
#10164 = LINE('',#10165,#10166);
#10165 = CARTESIAN_POINT('',(-2.5,2.,0.2));
#10166 = VECTOR('',#10167,1.);
#10167 = DIRECTION('',(1.,0.,0.));
#10168 = PLANE('',#10169);
#10169 = AXIS2_PLACEMENT_3D('',#10170,#10171,#10172);
#10170 = CARTESIAN_POINT('',(0.,1.9,0.1));
#10171 = DIRECTION('',(0.,0.707106781187,-0.707106781187));
#10172 = DIRECTION('',(0.,0.707106781187,0.707106781187));
#10173 = ADVANCED_FACE('',(#10174),#10232,.T.);
#10174 = FACE_BOUND('',#10175,.T.);
#10175 = EDGE_LOOP('',(#10176,#10186,#10192,#10193,#10194,#10202,#10210,
    #10218,#10226));
#10176 = ORIENTED_EDGE('',*,*,#10177,.T.);
#10177 = EDGE_CURVE('',#10178,#10180,#10182,.T.);
#10178 = VERTEX_POINT('',#10179);
#10179 = CARTESIAN_POINT('',(2.5,0.106040321221,-2.6));
#10180 = VERTEX_POINT('',#10181);
#10181 = CARTESIAN_POINT('',(2.5,1.,-2.6));
#10182 = LINE('',#10183,#10184);
#10183 = CARTESIAN_POINT('',(2.5,0.106040321221,-2.6));
#10184 = VECTOR('',#10185,1.);
#10185 = DIRECTION('',(0.,1.,0.));
#10186 = ORIENTED_EDGE('',*,*,#10187,.F.);
#10187 = EDGE_CURVE('',#10117,#10180,#10188,.T.);
#10188 = LINE('',#10189,#10190);
#10189 = CARTESIAN_POINT('',(2.5,1.,0.));
#10190 = VECTOR('',#10191,1.);
#10191 = DIRECTION('',(0.,0.,-1.));
#10192 = ORIENTED_EDGE('',*,*,#10116,.T.);
#10193 = ORIENTED_EDGE('',*,*,#10146,.T.);
#10194 = ORIENTED_EDGE('',*,*,#10195,.T.);
#10195 = EDGE_CURVE('',#10147,#10196,#10198,.T.);
#10196 = VERTEX_POINT('',#10197);
#10197 = CARTESIAN_POINT('',(2.5,2.,1.7));
#10198 = LINE('',#10199,#10200);
#10199 = CARTESIAN_POINT('',(2.5,2.,0.2));
#10200 = VECTOR('',#10201,1.);
#10201 = DIRECTION('',(0.,0.,1.));
#10202 = ORIENTED_EDGE('',*,*,#10203,.T.);
#10203 = EDGE_CURVE('',#10196,#10204,#10206,.T.);
#10204 = VERTEX_POINT('',#10205);
#10205 = CARTESIAN_POINT('',(2.5,1.8,1.9));
#10206 = LINE('',#10207,#10208);
#10207 = CARTESIAN_POINT('',(2.5,2.,1.7));
#10208 = VECTOR('',#10209,1.);
#10209 = DIRECTION('',(0.,-0.707106781187,0.707106781187));
#10210 = ORIENTED_EDGE('',*,*,#10211,.F.);
#10211 = EDGE_CURVE('',#10212,#10204,#10214,.T.);
#10212 = VERTEX_POINT('',#10213);
#10213 = CARTESIAN_POINT('',(2.5,0.,1.9));
#10214 = LINE('',#10215,#10216);
#10215 = CARTESIAN_POINT('',(2.5,0.,1.9));
#10216 = VECTOR('',#10217,1.);
#10217 = DIRECTION('',(0.,1.,0.));
#10218 = ORIENTED_EDGE('',*,*,#10219,.F.);
#10219 = EDGE_CURVE('',#10220,#10212,#10222,.T.);
#10220 = VERTEX_POINT('',#10221);
#10221 = CARTESIAN_POINT('',(2.5,0.,-1.998615454115));
#10222 = LINE('',#10223,#10224);
#10223 = CARTESIAN_POINT('',(2.5,0.,-1.998615454115));
#10224 = VECTOR('',#10225,1.);
#10225 = DIRECTION('',(0.,0.,1.));
#10226 = ORIENTED_EDGE('',*,*,#10227,.T.);
#10227 = EDGE_CURVE('',#10220,#10178,#10228,.T.);
#10228 = LINE('',#10229,#10230);
#10229 = CARTESIAN_POINT('',(2.5,0.,-1.998615454115));
#10230 = VECTOR('',#10231,1.);
#10231 = DIRECTION('',(0.,0.173648177667,-0.984807753012));
#10232 = PLANE('',#10233);
#10233 = AXIS2_PLACEMENT_3D('',#10234,#10235,#10236);
#10234 = CARTESIAN_POINT('',(2.5,0.,0.));
#10235 = DIRECTION('',(1.,0.,0.));
#10236 = DIRECTION('',(-0.,1.,0.));
#10237 = ADVANCED_FACE('',(#10238),#10263,.T.);
#10238 = FACE_BOUND('',#10239,.T.);
#10239 = EDGE_LOOP('',(#10240,#10241,#10249,#10257));
#10240 = ORIENTED_EDGE('',*,*,#10177,.F.);
#10241 = ORIENTED_EDGE('',*,*,#10242,.T.);
#10242 = EDGE_CURVE('',#10178,#10243,#10245,.T.);
#10243 = VERTEX_POINT('',#10244);
#10244 = CARTESIAN_POINT('',(-2.5,0.106040321221,-2.6));
#10245 = LINE('',#10246,#10247);
#10246 = CARTESIAN_POINT('',(2.5,0.106040321221,-2.6));
#10247 = VECTOR('',#10248,1.);
#10248 = DIRECTION('',(-1.,0.,0.));
#10249 = ORIENTED_EDGE('',*,*,#10250,.T.);
#10250 = EDGE_CURVE('',#10243,#10251,#10253,.T.);
#10251 = VERTEX_POINT('',#10252);
#10252 = CARTESIAN_POINT('',(-2.5,1.,-2.6));
#10253 = LINE('',#10254,#10255);
#10254 = CARTESIAN_POINT('',(-2.5,0.106040321221,-2.6));
#10255 = VECTOR('',#10256,1.);
#10256 = DIRECTION('',(0.,1.,0.));
#10257 = ORIENTED_EDGE('',*,*,#10258,.T.);
#10258 = EDGE_CURVE('',#10251,#10180,#10259,.T.);
#10259 = LINE('',#10260,#10261);
#10260 = CARTESIAN_POINT('',(-2.5,1.,-2.6));
#10261 = VECTOR('',#10262,1.);
#10262 = DIRECTION('',(1.,0.,0.));
#10263 = PLANE('',#10264);
#10264 = AXIS2_PLACEMENT_3D('',#10265,#10266,#10267);
#10265 = CARTESIAN_POINT('',(0.,0.,-2.6));
#10266 = DIRECTION('',(0.,0.,-1.));
#10267 = DIRECTION('',(-1.,0.,0.));
#10268 = ADVANCED_FACE('',(#10269),#10280,.T.);
#10269 = FACE_BOUND('',#10270,.T.);
#10270 = EDGE_LOOP('',(#10271,#10272,#10278,#10279));
#10271 = ORIENTED_EDGE('',*,*,#10258,.F.);
#10272 = ORIENTED_EDGE('',*,*,#10273,.F.);
#10273 = EDGE_CURVE('',#10125,#10251,#10274,.T.);
#10274 = LINE('',#10275,#10276);
#10275 = CARTESIAN_POINT('',(-2.5,1.,0.));
#10276 = VECTOR('',#10277,1.);
#10277 = DIRECTION('',(0.,0.,-1.));
#10278 = ORIENTED_EDGE('',*,*,#10124,.T.);
#10279 = ORIENTED_EDGE('',*,*,#10187,.T.);
#10280 = PLANE('',#10281);
#10281 = AXIS2_PLACEMENT_3D('',#10282,#10283,#10284);
#10282 = CARTESIAN_POINT('',(-2.5,1.,0.));
#10283 = DIRECTION('',(0.,1.,0.));
#10284 = DIRECTION('',(1.,0.,0.));
#10285 = ADVANCED_FACE('',(#10286),#10330,.T.);
#10286 = FACE_BOUND('',#10287,.T.);
#10287 = EDGE_LOOP('',(#10288,#10289,#10297,#10305,#10313,#10321,#10327,
    #10328,#10329));
#10288 = ORIENTED_EDGE('',*,*,#10250,.F.);
#10289 = ORIENTED_EDGE('',*,*,#10290,.F.);
#10290 = EDGE_CURVE('',#10291,#10243,#10293,.T.);
#10291 = VERTEX_POINT('',#10292);
#10292 = CARTESIAN_POINT('',(-2.5,0.,-1.998615454115));
#10293 = LINE('',#10294,#10295);
#10294 = CARTESIAN_POINT('',(-2.5,0.,-1.998615454115));
#10295 = VECTOR('',#10296,1.);
#10296 = DIRECTION('',(0.,0.173648177667,-0.984807753012));
#10297 = ORIENTED_EDGE('',*,*,#10298,.F.);
#10298 = EDGE_CURVE('',#10299,#10291,#10301,.T.);
#10299 = VERTEX_POINT('',#10300);
#10300 = CARTESIAN_POINT('',(-2.5,0.,1.9));
#10301 = LINE('',#10302,#10303);
#10302 = CARTESIAN_POINT('',(-2.5,0.,1.9));
#10303 = VECTOR('',#10304,1.);
#10304 = DIRECTION('',(0.,0.,-1.));
#10305 = ORIENTED_EDGE('',*,*,#10306,.F.);
#10306 = EDGE_CURVE('',#10307,#10299,#10309,.T.);
#10307 = VERTEX_POINT('',#10308);
#10308 = CARTESIAN_POINT('',(-2.5,1.8,1.9));
#10309 = LINE('',#10310,#10311);
#10310 = CARTESIAN_POINT('',(-2.5,1.8,1.9));
#10311 = VECTOR('',#10312,1.);
#10312 = DIRECTION('',(0.,-1.,0.));
#10313 = ORIENTED_EDGE('',*,*,#10314,.T.);
#10314 = EDGE_CURVE('',#10307,#10315,#10317,.T.);
#10315 = VERTEX_POINT('',#10316);
#10316 = CARTESIAN_POINT('',(-2.5,2.,1.7));
#10317 = LINE('',#10318,#10319);
#10318 = CARTESIAN_POINT('',(-2.5,1.8,1.9));
#10319 = VECTOR('',#10320,1.);
#10320 = DIRECTION('',(0.,0.707106781187,-0.707106781187));
#10321 = ORIENTED_EDGE('',*,*,#10322,.F.);
#10322 = EDGE_CURVE('',#10156,#10315,#10323,.T.);
#10323 = LINE('',#10324,#10325);
#10324 = CARTESIAN_POINT('',(-2.5,2.,0.2));
#10325 = VECTOR('',#10326,1.);
#10326 = DIRECTION('',(0.,0.,1.));
#10327 = ORIENTED_EDGE('',*,*,#10155,.T.);
#10328 = ORIENTED_EDGE('',*,*,#10132,.T.);
#10329 = ORIENTED_EDGE('',*,*,#10273,.T.);
#10330 = PLANE('',#10331);
#10331 = AXIS2_PLACEMENT_3D('',#10332,#10333,#10334);
#10332 = CARTESIAN_POINT('',(-2.5,2.,0.));
#10333 = DIRECTION('',(-1.,0.,0.));
#10334 = DIRECTION('',(0.,-1.,0.));
#10335 = ADVANCED_FACE('',(#10336),#10347,.T.);
#10336 = FACE_BOUND('',#10337,.T.);
#10337 = EDGE_LOOP('',(#10338,#10344,#10345,#10346));
#10338 = ORIENTED_EDGE('',*,*,#10339,.F.);
#10339 = EDGE_CURVE('',#10196,#10315,#10340,.T.);
#10340 = LINE('',#10341,#10342);
#10341 = CARTESIAN_POINT('',(2.5,2.,1.7));
#10342 = VECTOR('',#10343,1.);
#10343 = DIRECTION('',(-1.,0.,0.));
#10344 = ORIENTED_EDGE('',*,*,#10195,.F.);
#10345 = ORIENTED_EDGE('',*,*,#10163,.F.);
#10346 = ORIENTED_EDGE('',*,*,#10322,.T.);
#10347 = PLANE('',#10348);
#10348 = AXIS2_PLACEMENT_3D('',#10349,#10350,#10351);
#10349 = CARTESIAN_POINT('',(2.5,2.,0.));
#10350 = DIRECTION('',(0.,1.,0.));
#10351 = DIRECTION('',(-1.,0.,0.));
#10352 = ADVANCED_FACE('',(#10353),#10364,.T.);
#10353 = FACE_BOUND('',#10354,.T.);
#10354 = EDGE_LOOP('',(#10355,#10356,#10362,#10363));
#10355 = ORIENTED_EDGE('',*,*,#10314,.F.);
#10356 = ORIENTED_EDGE('',*,*,#10357,.F.);
#10357 = EDGE_CURVE('',#10204,#10307,#10358,.T.);
#10358 = LINE('',#10359,#10360);
#10359 = CARTESIAN_POINT('',(2.5,1.8,1.9));
#10360 = VECTOR('',#10361,1.);
#10361 = DIRECTION('',(-1.,0.,0.));
#10362 = ORIENTED_EDGE('',*,*,#10203,.F.);
#10363 = ORIENTED_EDGE('',*,*,#10339,.T.);
#10364 = PLANE('',#10365);
#10365 = AXIS2_PLACEMENT_3D('',#10366,#10367,#10368);
#10366 = CARTESIAN_POINT('',(0.,1.9,1.8));
#10367 = DIRECTION('',(0.,0.707106781187,0.707106781187));
#10368 = DIRECTION('',(0.,0.707106781187,-0.707106781187));
#10369 = ADVANCED_FACE('',(#10370),#10381,.T.);
#10370 = FACE_BOUND('',#10371,.T.);
#10371 = EDGE_LOOP('',(#10372,#10373,#10374,#10380));
#10372 = ORIENTED_EDGE('',*,*,#10357,.T.);
#10373 = ORIENTED_EDGE('',*,*,#10306,.T.);
#10374 = ORIENTED_EDGE('',*,*,#10375,.T.);
#10375 = EDGE_CURVE('',#10299,#10212,#10376,.T.);
#10376 = LINE('',#10377,#10378);
#10377 = CARTESIAN_POINT('',(-2.5,0.,1.9));
#10378 = VECTOR('',#10379,1.);
#10379 = DIRECTION('',(1.,0.,0.));
#10380 = ORIENTED_EDGE('',*,*,#10211,.T.);
#10381 = PLANE('',#10382);
#10382 = AXIS2_PLACEMENT_3D('',#10383,#10384,#10385);
#10383 = CARTESIAN_POINT('',(0.,0.,1.9));
#10384 = DIRECTION('',(0.,0.,1.));
#10385 = DIRECTION('',(1.,0.,-0.));
#10386 = ADVANCED_FACE('',(#10387),#10398,.T.);
#10387 = FACE_BOUND('',#10388,.T.);
#10388 = EDGE_LOOP('',(#10389,#10395,#10396,#10397));
#10389 = ORIENTED_EDGE('',*,*,#10390,.T.);
#10390 = EDGE_CURVE('',#10291,#10220,#10391,.T.);
#10391 = LINE('',#10392,#10393);
#10392 = CARTESIAN_POINT('',(-2.5,0.,-1.998615454115));
#10393 = VECTOR('',#10394,1.);
#10394 = DIRECTION('',(1.,0.,0.));
#10395 = ORIENTED_EDGE('',*,*,#10219,.T.);
#10396 = ORIENTED_EDGE('',*,*,#10375,.F.);
#10397 = ORIENTED_EDGE('',*,*,#10298,.T.);
#10398 = PLANE('',#10399);
#10399 = AXIS2_PLACEMENT_3D('',#10400,#10401,#10402);
#10400 = CARTESIAN_POINT('',(-2.5,0.,0.));
#10401 = DIRECTION('',(0.,-1.,0.));
#10402 = DIRECTION('',(1.,0.,0.));
#10403 = ADVANCED_FACE('',(#10404),#10410,.F.);
#10404 = FACE_BOUND('',#10405,.T.);
#10405 = EDGE_LOOP('',(#10406,#10407,#10408,#10409));
#10406 = ORIENTED_EDGE('',*,*,#10242,.F.);
#10407 = ORIENTED_EDGE('',*,*,#10227,.F.);
#10408 = ORIENTED_EDGE('',*,*,#10390,.F.);
#10409 = ORIENTED_EDGE('',*,*,#10290,.T.);
#10410 = PLANE('',#10411);
#10411 = AXIS2_PLACEMENT_3D('',#10412,#10413,#10414);
#10412 = CARTESIAN_POINT('',(-2.5,0.,-1.998615454115));
#10413 = DIRECTION('',(0.,0.984807753012,0.173648177667));
#10414 = DIRECTION('',(0.,0.173648177667,-0.984807753012));
#10415 = ( GEOMETRIC_REPRESENTATION_CONTEXT(3) 
GLOBAL_UNCERTAINTY_ASSIGNED_CONTEXT((#10419)) 
GLOBAL_UNIT_ASSIGNED_CONTEXT((#10416,#10417,#10418)) 
REPRESENTATION_CONTEXT('Context #1',
  '3D Context with UNIT and UNCERTAINTY') );
#10416 = ( LENGTH_UNIT() NAMED_UNIT(*) SI_UNIT(.MILLI.,.METRE.) );
#10417 = ( NAMED_UNIT(*) PLANE_ANGLE_UNIT() SI_UNIT($,.RADIAN.) );
#10418 = ( NAMED_UNIT(*) SI_UNIT($,.STERADIAN.) SOLID_ANGLE_UNIT() );
#10419 = UNCERTAINTY_MEASURE_WITH_UNIT(LENGTH_MEASURE(1.E-07),#10416,
  'distance_accuracy_value','confusion accuracy');
#10420 = CONTEXT_DEPENDENT_SHAPE_REPRESENTATION(#10421,#10423);
#10421 = ( REPRESENTATION_RELATIONSHIP('','',#10099,#10) 
REPRESENTATION_RELATIONSHIP_WITH_TRANSFORMATION(#10422) 
SHAPE_REPRESENTATION_RELATIONSHIP() );
#10422 = ITEM_DEFINED_TRANSFORMATION('','',#11,#31);
#10423 = PRODUCT_DEFINITION_SHAPE('Placement','Placement of an item',
  #10424);
#10424 = NEXT_ASSEMBLY_USAGE_OCCURRENCE('5','DC15_A01_LED_CAP2_DUMMY012'
  ,'',#5,#10094,$);
#10425 = PRODUCT_RELATED_PRODUCT_CATEGORY('part',$,(#10096));
#10426 = SHAPE_DEFINITION_REPRESENTATION(#10427,#10433);
#10427 = PRODUCT_DEFINITION_SHAPE('','',#10428);
#10428 = PRODUCT_DEFINITION('design','',#10429,#10432);
#10429 = PRODUCT_DEFINITION_FORMATION('','',#10430);
#10430 = PRODUCT('PHS_1_7X20_5_DC058','PHS_1_7X20_5_DC058','',(#10431));
#10431 = PRODUCT_CONTEXT('',#2,'mechanical');
#10432 = PRODUCT_DEFINITION_CONTEXT('part definition',#2,'design');
#10433 = SHAPE_REPRESENTATION('',(#11,#10434,#10438),#10442);
#10434 = AXIS2_PLACEMENT_3D('',#10435,#10436,#10437);
#10435 = CARTESIAN_POINT('',(0.,0.,0.));
#10436 = DIRECTION('',(0.,0.,1.));
#10437 = DIRECTION('',(1.,0.,0.));
#10438 = AXIS2_PLACEMENT_3D('',#10439,#10440,#10441);
#10439 = CARTESIAN_POINT('',(0.,0.,0.));
#10440 = DIRECTION('',(0.,0.,1.));
#10441 = DIRECTION('',(1.,0.,0.));
#10442 = ( GEOMETRIC_REPRESENTATION_CONTEXT(3) 
GLOBAL_UNCERTAINTY_ASSIGNED_CONTEXT((#10446)) 
GLOBAL_UNIT_ASSIGNED_CONTEXT((#10443,#10444,#10445)) 
REPRESENTATION_CONTEXT('Context #1',
  '3D Context with UNIT and UNCERTAINTY') );
#10443 = ( LENGTH_UNIT() NAMED_UNIT(*) SI_UNIT(.MILLI.,.METRE.) );
#10444 = ( NAMED_UNIT(*) PLANE_ANGLE_UNIT() SI_UNIT($,.RADIAN.) );
#10445 = ( NAMED_UNIT(*) SI_UNIT($,.STERADIAN.) SOLID_ANGLE_UNIT() );
#10446 = UNCERTAINTY_MEASURE_WITH_UNIT(LENGTH_MEASURE(2.E-05),#10443,
  'distance_accuracy_value','confusion accuracy');
#10447 = CONTEXT_DEPENDENT_SHAPE_REPRESENTATION(#10448,#10450);
#10448 = ( REPRESENTATION_RELATIONSHIP('','',#10433,#10) 
REPRESENTATION_RELATIONSHIP_WITH_TRANSFORMATION(#10449) 
SHAPE_REPRESENTATION_RELATIONSHIP() );
#10449 = ITEM_DEFINED_TRANSFORMATION('','',#11,#35);
#10450 = PRODUCT_DEFINITION_SHAPE('Placement','Placement of an item',
  #10451);
#10451 = NEXT_ASSEMBLY_USAGE_OCCURRENCE('8','PHS_1_7X20_5_DC058','',#5,
  #10428,$);
#10452 = PRODUCT_RELATED_PRODUCT_CATEGORY('part',$,(#10430));
#10453 = SHAPE_DEFINITION_REPRESENTATION(#10454,#10460);
#10454 = PRODUCT_DEFINITION_SHAPE('','',#10455);
#10455 = PRODUCT_DEFINITION('design','',#10456,#10459);
#10456 = PRODUCT_DEFINITION_FORMATION('','',#10457);
#10457 = PRODUCT('SHELL060','SHELL060','',(#10458));
#10458 = PRODUCT_CONTEXT('',#2,'mechanical');
#10459 = PRODUCT_DEFINITION_CONTEXT('part definition',#2,'design');
#10460 = MANIFOLD_SURFACE_SHAPE_REPRESENTATION('',(#11,#10461),#10516);
#10461 = SHELL_BASED_SURFACE_MODEL('',(#10462));
#10462 = OPEN_SHELL('',(#10463,#10496));
#10463 = ADVANCED_FACE('',(#10464),#10491,.T.);
#10464 = FACE_BOUND('',#10465,.T.);
#10465 = EDGE_LOOP('',(#10466,#10475,#10483,#10490));
#10466 = ORIENTED_EDGE('',*,*,#10467,.F.);
#10467 = EDGE_CURVE('',#10468,#10468,#10470,.T.);
#10468 = VERTEX_POINT('',#10469);
#10469 = CARTESIAN_POINT('',(-0.7,-20.5,-0.));
#10470 = CIRCLE('',#10471,0.7);
#10471 = AXIS2_PLACEMENT_3D('',#10472,#10473,#10474);
#10472 = CARTESIAN_POINT('',(0.,-20.5,0.));
#10473 = DIRECTION('',(0.,-1.,0.));
#10474 = DIRECTION('',(-1.,0.,0.));
#10475 = ORIENTED_EDGE('',*,*,#10476,.T.);
#10476 = EDGE_CURVE('',#10468,#10477,#10479,.T.);
#10477 = VERTEX_POINT('',#10478);
#10478 = CARTESIAN_POINT('',(-0.7,-16.5,-0.));
#10479 = LINE('',#10480,#10481);
#10480 = CARTESIAN_POINT('',(-0.7,-20.5,-9.E-17));
#10481 = VECTOR('',#10482,1.);
#10482 = DIRECTION('',(0.,1.,0.));
#10483 = ORIENTED_EDGE('',*,*,#10484,.F.);
#10484 = EDGE_CURVE('',#10477,#10477,#10485,.T.);
#10485 = CIRCLE('',#10486,0.7);
#10486 = AXIS2_PLACEMENT_3D('',#10487,#10488,#10489);
#10487 = CARTESIAN_POINT('',(0.,-16.5,0.));
#10488 = DIRECTION('',(-0.,1.,0.));
#10489 = DIRECTION('',(1.,0.,0.));
#10490 = ORIENTED_EDGE('',*,*,#10476,.F.);
#10491 = CYLINDRICAL_SURFACE('',#10492,0.7);
#10492 = AXIS2_PLACEMENT_3D('',#10493,#10494,#10495);
#10493 = CARTESIAN_POINT('',(0.,-20.5,0.));
#10494 = DIRECTION('',(0.,-1.,0.));
#10495 = DIRECTION('',(1.,0.,0.));
#10496 = ADVANCED_FACE('',(#10497,#10508),#10511,.T.);
#10497 = FACE_BOUND('',#10498,.T.);
#10498 = EDGE_LOOP('',(#10499));
#10499 = ORIENTED_EDGE('',*,*,#10500,.F.);
#10500 = EDGE_CURVE('',#10501,#10501,#10503,.T.);
#10501 = VERTEX_POINT('',#10502);
#10502 = CARTESIAN_POINT('',(0.85,-16.5,0.));
#10503 = CIRCLE('',#10504,0.85);
#10504 = AXIS2_PLACEMENT_3D('',#10505,#10506,#10507);
#10505 = CARTESIAN_POINT('',(0.,-16.5,0.));
#10506 = DIRECTION('',(0.,1.,0.));
#10507 = DIRECTION('',(-1.,0.,0.));
#10508 = FACE_BOUND('',#10509,.T.);
#10509 = EDGE_LOOP('',(#10510));
#10510 = ORIENTED_EDGE('',*,*,#10484,.T.);
#10511 = PLANE('',#10512);
#10512 = AXIS2_PLACEMENT_3D('',#10513,#10514,#10515);
#10513 = CARTESIAN_POINT('',(0.,-16.5,0.));
#10514 = DIRECTION('',(0.,-1.,0.));
#10515 = DIRECTION('',(1.,0.,0.));
#10516 = ( GEOMETRIC_REPRESENTATION_CONTEXT(3) 
GLOBAL_UNCERTAINTY_ASSIGNED_CONTEXT((#10520)) 
GLOBAL_UNIT_ASSIGNED_CONTEXT((#10517,#10518,#10519)) 
REPRESENTATION_CONTEXT('Context #1',
  '3D Context with UNIT and UNCERTAINTY') );
#10517 = ( LENGTH_UNIT() NAMED_UNIT(*) SI_UNIT(.MILLI.,.METRE.) );
#10518 = ( NAMED_UNIT(*) PLANE_ANGLE_UNIT() SI_UNIT($,.RADIAN.) );
#10519 = ( NAMED_UNIT(*) SI_UNIT($,.STERADIAN.) SOLID_ANGLE_UNIT() );
#10520 = UNCERTAINTY_MEASURE_WITH_UNIT(LENGTH_MEASURE(1.E-07),#10517,
  'distance_accuracy_value','confusion accuracy');
#10521 = CONTEXT_DEPENDENT_SHAPE_REPRESENTATION(#10522,#10524);
#10522 = ( REPRESENTATION_RELATIONSHIP('','',#10460,#10433) 
REPRESENTATION_RELATIONSHIP_WITH_TRANSFORMATION(#10523) 
SHAPE_REPRESENTATION_RELATIONSHIP() );
#10523 = ITEM_DEFINED_TRANSFORMATION('','',#11,#10434);
#10524 = PRODUCT_DEFINITION_SHAPE('Placement','Placement of an item',
  #10525);
#10525 = NEXT_ASSEMBLY_USAGE_OCCURRENCE('6','SHELL060','',#10428,#10455,
  $);
#10526 = PRODUCT_RELATED_PRODUCT_CATEGORY('part',$,(#10457));
#10527 = SHAPE_DEFINITION_REPRESENTATION(#10528,#10534);
#10528 = PRODUCT_DEFINITION_SHAPE('','',#10529);
#10529 = PRODUCT_DEFINITION('design','',#10530,#10533);
#10530 = PRODUCT_DEFINITION_FORMATION('','',#10531);
#10531 = PRODUCT('SOLID060','SOLID060','',(#10532));
#10532 = PRODUCT_CONTEXT('',#2,'mechanical');
#10533 = PRODUCT_DEFINITION_CONTEXT('part definition',#2,'design');
#10534 = ADVANCED_BREP_SHAPE_REPRESENTATION('',(#11,#10535),#11316);
#10535 = MANIFOLD_SOLID_BREP('',#10536);
#10536 = CLOSED_SHELL('',(#10537,#10554,#10588,#10614,#10634,#10659,
    #10679,#10705,#10899,#10931,#10955,#11082,#11099,#11116,#11133,
    #11150,#11167,#11184,#11201,#11219,#11236,#11253,#11270,#11287,
    #11304));
#10537 = ADVANCED_FACE('',(#10538),#10549,.T.);
#10538 = FACE_BOUND('',#10539,.T.);
#10539 = EDGE_LOOP('',(#10540));
#10540 = ORIENTED_EDGE('',*,*,#10541,.F.);
#10541 = EDGE_CURVE('',#10542,#10542,#10544,.T.);
#10542 = VERTEX_POINT('',#10543);
#10543 = CARTESIAN_POINT('',(-0.7,-20.5,0.));
#10544 = CIRCLE('',#10545,0.7);
#10545 = AXIS2_PLACEMENT_3D('',#10546,#10547,#10548);
#10546 = CARTESIAN_POINT('',(0.,-20.5,0.));
#10547 = DIRECTION('',(-0.,1.,0.));
#10548 = DIRECTION('',(1.,0.,0.));
#10549 = PLANE('',#10550);
#10550 = AXIS2_PLACEMENT_3D('',#10551,#10552,#10553);
#10551 = CARTESIAN_POINT('',(0.,-20.5,0.));
#10552 = DIRECTION('',(0.,-1.,0.));
#10553 = DIRECTION('',(-1.,0.,0.));
#10554 = ADVANCED_FACE('',(#10555),#10583,.T.);
#10555 = FACE_BOUND('',#10556,.T.);
#10556 = EDGE_LOOP('',(#10557,#10568,#10574,#10575,#10576));
#10557 = ORIENTED_EDGE('',*,*,#10558,.T.);
#10558 = EDGE_CURVE('',#10559,#10561,#10563,.T.);
#10559 = VERTEX_POINT('',#10560);
#10560 = CARTESIAN_POINT('',(0.85,-20.35,0.));
#10561 = VERTEX_POINT('',#10562);
#10562 = CARTESIAN_POINT('',(-0.85,-20.35,0.));
#10563 = CIRCLE('',#10564,0.85);
#10564 = AXIS2_PLACEMENT_3D('',#10565,#10566,#10567);
#10565 = CARTESIAN_POINT('',(0.,-20.35,0.));
#10566 = DIRECTION('',(0.,-1.,0.));
#10567 = DIRECTION('',(-1.,0.,0.));
#10568 = ORIENTED_EDGE('',*,*,#10569,.T.);
#10569 = EDGE_CURVE('',#10561,#10542,#10570,.T.);
#10570 = LINE('',#10571,#10572);
#10571 = CARTESIAN_POINT('',(-0.775,-20.425,9.E-17));
#10572 = VECTOR('',#10573,1.);
#10573 = DIRECTION('',(0.707106781187,-0.707106781187,-9.E-17));
#10574 = ORIENTED_EDGE('',*,*,#10541,.T.);
#10575 = ORIENTED_EDGE('',*,*,#10569,.F.);
#10576 = ORIENTED_EDGE('',*,*,#10577,.T.);
#10577 = EDGE_CURVE('',#10561,#10559,#10578,.T.);
#10578 = CIRCLE('',#10579,0.85);
#10579 = AXIS2_PLACEMENT_3D('',#10580,#10581,#10582);
#10580 = CARTESIAN_POINT('',(0.,-20.35,0.));
#10581 = DIRECTION('',(0.,-1.,0.));
#10582 = DIRECTION('',(-1.,0.,0.));
#10583 = CONICAL_SURFACE('',#10584,0.775,0.785398163397);
#10584 = AXIS2_PLACEMENT_3D('',#10585,#10586,#10587);
#10585 = CARTESIAN_POINT('',(0.,-20.425,0.));
#10586 = DIRECTION('',(0.,1.,0.));
#10587 = DIRECTION('',(1.,0.,0.));
#10588 = ADVANCED_FACE('',(#10589),#10609,.T.);
#10589 = FACE_BOUND('',#10590,.T.);
#10590 = EDGE_LOOP('',(#10591,#10592,#10600,#10607,#10608));
#10591 = ORIENTED_EDGE('',*,*,#10558,.F.);
#10592 = ORIENTED_EDGE('',*,*,#10593,.T.);
#10593 = EDGE_CURVE('',#10559,#10594,#10596,.T.);
#10594 = VERTEX_POINT('',#10595);
#10595 = CARTESIAN_POINT('',(0.85,-16.5,0.));
#10596 = LINE('',#10597,#10598);
#10597 = CARTESIAN_POINT('',(0.85,2.39,1.E-16));
#10598 = VECTOR('',#10599,1.);
#10599 = DIRECTION('',(0.,1.,0.));
#10600 = ORIENTED_EDGE('',*,*,#10601,.F.);
#10601 = EDGE_CURVE('',#10594,#10594,#10602,.T.);
#10602 = CIRCLE('',#10603,0.85);
#10603 = AXIS2_PLACEMENT_3D('',#10604,#10605,#10606);
#10604 = CARTESIAN_POINT('',(0.,-16.5,0.));
#10605 = DIRECTION('',(0.,1.,0.));
#10606 = DIRECTION('',(-1.,0.,0.));
#10607 = ORIENTED_EDGE('',*,*,#10593,.F.);
#10608 = ORIENTED_EDGE('',*,*,#10577,.F.);
#10609 = CYLINDRICAL_SURFACE('',#10610,0.85);
#10610 = AXIS2_PLACEMENT_3D('',#10611,#10612,#10613);
#10611 = CARTESIAN_POINT('',(0.,2.39,0.));
#10612 = DIRECTION('',(0.,-1.,0.));
#10613 = DIRECTION('',(-1.,0.,0.));
#10614 = ADVANCED_FACE('',(#10615,#10618),#10629,.F.);
#10615 = FACE_BOUND('',#10616,.T.);
#10616 = EDGE_LOOP('',(#10617));
#10617 = ORIENTED_EDGE('',*,*,#10601,.T.);
#10618 = FACE_BOUND('',#10619,.T.);
#10619 = EDGE_LOOP('',(#10620));
#10620 = ORIENTED_EDGE('',*,*,#10621,.F.);
#10621 = EDGE_CURVE('',#10622,#10622,#10624,.T.);
#10622 = VERTEX_POINT('',#10623);
#10623 = CARTESIAN_POINT('',(0.,-16.5,-0.7));
#10624 = CIRCLE('',#10625,0.7);
#10625 = AXIS2_PLACEMENT_3D('',#10626,#10627,#10628);
#10626 = CARTESIAN_POINT('',(0.,-16.5,0.));
#10627 = DIRECTION('',(0.,1.,0.));
#10628 = DIRECTION('',(0.,-0.,1.));
#10629 = PLANE('',#10630);
#10630 = AXIS2_PLACEMENT_3D('',#10631,#10632,#10633);
#10631 = CARTESIAN_POINT('',(0.,-16.5,0.));
#10632 = DIRECTION('',(0.,-1.,0.));
#10633 = DIRECTION('',(0.,0.,1.));
#10634 = ADVANCED_FACE('',(#10635),#10654,.T.);
#10635 = FACE_BOUND('',#10636,.T.);
#10636 = EDGE_LOOP('',(#10637,#10638,#10646,#10653));
#10637 = ORIENTED_EDGE('',*,*,#10621,.T.);
#10638 = ORIENTED_EDGE('',*,*,#10639,.T.);
#10639 = EDGE_CURVE('',#10622,#10640,#10642,.T.);
#10640 = VERTEX_POINT('',#10641);
#10641 = CARTESIAN_POINT('',(0.,0.,-0.7));
#10642 = LINE('',#10643,#10644);
#10643 = CARTESIAN_POINT('',(9.E-17,0.825,-0.7));
#10644 = VECTOR('',#10645,1.);
#10645 = DIRECTION('',(0.,1.,0.));
#10646 = ORIENTED_EDGE('',*,*,#10647,.T.);
#10647 = EDGE_CURVE('',#10640,#10640,#10648,.T.);
#10648 = CIRCLE('',#10649,0.7);
#10649 = AXIS2_PLACEMENT_3D('',#10650,#10651,#10652);
#10650 = CARTESIAN_POINT('',(0.,0.,0.));
#10651 = DIRECTION('',(0.,-1.,0.));
#10652 = DIRECTION('',(0.,0.,1.));
#10653 = ORIENTED_EDGE('',*,*,#10639,.F.);
#10654 = CYLINDRICAL_SURFACE('',#10655,0.7);
#10655 = AXIS2_PLACEMENT_3D('',#10656,#10657,#10658);
#10656 = CARTESIAN_POINT('',(0.,0.825,0.));
#10657 = DIRECTION('',(0.,-1.,0.));
#10658 = DIRECTION('',(0.,0.,1.));
#10659 = ADVANCED_FACE('',(#10660,#10671),#10674,.T.);
#10660 = FACE_BOUND('',#10661,.T.);
#10661 = EDGE_LOOP('',(#10662));
#10662 = ORIENTED_EDGE('',*,*,#10663,.T.);
#10663 = EDGE_CURVE('',#10664,#10664,#10666,.T.);
#10664 = VERTEX_POINT('',#10665);
#10665 = CARTESIAN_POINT('',(1.26690985122,0.,0.));
#10666 = CIRCLE('',#10667,1.26690985122);
#10667 = AXIS2_PLACEMENT_3D('',#10668,#10669,#10670);
#10668 = CARTESIAN_POINT('',(0.,0.,0.));
#10669 = DIRECTION('',(0.,-1.,0.));
#10670 = DIRECTION('',(1.,0.,0.));
#10671 = FACE_BOUND('',#10672,.T.);
#10672 = EDGE_LOOP('',(#10673));
#10673 = ORIENTED_EDGE('',*,*,#10647,.F.);
#10674 = PLANE('',#10675);
#10675 = AXIS2_PLACEMENT_3D('',#10676,#10677,#10678);
#10676 = CARTESIAN_POINT('',(0.,0.,0.));
#10677 = DIRECTION('',(0.,-1.,0.));
#10678 = DIRECTION('',(-1.,0.,0.));
#10679 = ADVANCED_FACE('',(#10680),#10700,.T.);
#10680 = FACE_BOUND('',#10681,.T.);
#10681 = EDGE_LOOP('',(#10682,#10683,#10692,#10699));
#10682 = ORIENTED_EDGE('',*,*,#10663,.F.);
#10683 = ORIENTED_EDGE('',*,*,#10684,.T.);
#10684 = EDGE_CURVE('',#10664,#10685,#10687,.T.);
#10685 = VERTEX_POINT('',#10686);
#10686 = CARTESIAN_POINT('',(1.26690985122,0.898593736474,0.));
#10687 = CIRCLE('',#10688,0.549569972405);
#10688 = AXIS2_PLACEMENT_3D('',#10689,#10690,#10691);
#10689 = CARTESIAN_POINT('',(0.950430027595,0.449296868237,1.2E-16));
#10690 = DIRECTION('',(-1.2E-16,0.,1.));
#10691 = DIRECTION('',(1.,0.,1.2E-16));
#10692 = ORIENTED_EDGE('',*,*,#10693,.T.);
#10693 = EDGE_CURVE('',#10685,#10685,#10694,.T.);
#10694 = CIRCLE('',#10695,1.26690985122);
#10695 = AXIS2_PLACEMENT_3D('',#10696,#10697,#10698);
#10696 = CARTESIAN_POINT('',(0.,0.898593736474,0.));
#10697 = DIRECTION('',(0.,-1.,0.));
#10698 = DIRECTION('',(1.,0.,0.));
#10699 = ORIENTED_EDGE('',*,*,#10684,.F.);
#10700 = TOROIDAL_SURFACE('',#10701,0.950430027595,0.549569972405);
#10701 = AXIS2_PLACEMENT_3D('',#10702,#10703,#10704);
#10702 = CARTESIAN_POINT('',(0.,0.449296868237,0.));
#10703 = DIRECTION('',(0.,-1.,0.));
#10704 = DIRECTION('',(-1.,0.,0.));
#10705 = ADVANCED_FACE('',(#10706),#10894,.T.);
#10706 = FACE_BOUND('',#10707,.T.);
#10707 = EDGE_LOOP('',(#10708,#10709,#10718,#10727,#10736,#10751,#10760,
    #10769,#10778,#10793,#10802,#10811,#10820,#10835,#10844,#10853,
    #10862,#10877,#10886,#10893));
#10708 = ORIENTED_EDGE('',*,*,#10693,.F.);
#10709 = ORIENTED_EDGE('',*,*,#10710,.T.);
#10710 = EDGE_CURVE('',#10685,#10711,#10713,.T.);
#10711 = VERTEX_POINT('',#10712);
#10712 = CARTESIAN_POINT('',(1.1,1.005255888326,0.));
#10713 = CIRCLE('',#10714,2.2);
#10714 = AXIS2_PLACEMENT_3D('',#10715,#10716,#10717);
#10715 = CARTESIAN_POINT('',(0.,-0.9,0.));
#10716 = DIRECTION('',(-1.2E-16,0.,1.));
#10717 = DIRECTION('',(1.,0.,1.2E-16));
#10718 = ORIENTED_EDGE('',*,*,#10719,.T.);
#10719 = EDGE_CURVE('',#10711,#10720,#10722,.T.);
#10720 = VERTEX_POINT('',#10721);
#10721 = CARTESIAN_POINT('',(1.085822107625,1.005255888326,
    0.176040764009));
#10722 = CIRCLE('',#10723,1.1);
#10723 = AXIS2_PLACEMENT_3D('',#10724,#10725,#10726);
#10724 = CARTESIAN_POINT('',(0.,1.005255888326,0.));
#10725 = DIRECTION('',(0.,-1.,0.));
#10726 = DIRECTION('',(1.,0.,0.));
#10727 = ORIENTED_EDGE('',*,*,#10728,.T.);
#10728 = EDGE_CURVE('',#10720,#10729,#10731,.T.);
#10729 = VERTEX_POINT('',#10730);
#10730 = CARTESIAN_POINT('',(0.601040764009,1.208971230104,
    0.176040764009));
#10731 = CIRCLE('',#10732,2.192945427822);
#10732 = AXIS2_PLACEMENT_3D('',#10733,#10734,#10735);
#10733 = CARTESIAN_POINT('',(0.,-0.9,0.176040764009));
#10734 = DIRECTION('',(0.,0.,1.));
#10735 = DIRECTION('',(0.495143241528,0.868811354881,-0.));
#10736 = ORIENTED_EDGE('',*,*,#10737,.T.);
#10737 = EDGE_CURVE('',#10729,#10738,#10740,.T.);
#10738 = VERTEX_POINT('',#10739);
#10739 = CARTESIAN_POINT('',(0.176040764009,1.208971230104,
    0.601040764009));
#10740 = B_SPLINE_CURVE_WITH_KNOTS('',3,(#10741,#10742,#10743,#10744,
    #10745,#10746,#10747,#10748,#10749,#10750),.UNSPECIFIED.,.F.,.F.,(4,
    2,2,2,4),(6.854195240227E-02,8.481545634273E-02,0.101088960283,
    0.117362464224,0.133635968164),.UNSPECIFIED.);
#10741 = CARTESIAN_POINT('',(0.601040764009,1.208971230104,
    0.176040764009));
#10742 = CARTESIAN_POINT('',(0.548872948692,1.223838660787,
    0.176040764009));
#10743 = CARTESIAN_POINT('',(0.492327856508,1.236868729877,
    0.186280318287));
#10744 = CARTESIAN_POINT('',(0.387324068728,1.254224570175,
    0.229328609285));
#10745 = CARTESIAN_POINT('',(0.338877398638,1.258558546808,
    0.262163365371));
#10746 = CARTESIAN_POINT('',(0.262163365371,1.258558546808,
    0.338877398638));
#10747 = CARTESIAN_POINT('',(0.229328609285,1.254224570175,
    0.387324068728));
#10748 = CARTESIAN_POINT('',(0.186280318287,1.236868729877,
    0.492327856508));
#10749 = CARTESIAN_POINT('',(0.176040764009,1.223838660786,
    0.548872948692));
#10750 = CARTESIAN_POINT('',(0.176040764009,1.208971230104,
    0.601040764009));
#10751 = ORIENTED_EDGE('',*,*,#10752,.T.);
#10752 = EDGE_CURVE('',#10738,#10753,#10755,.T.);
#10753 = VERTEX_POINT('',#10754);
#10754 = CARTESIAN_POINT('',(0.176040764009,1.005255888326,
    1.085822107625));
#10755 = CIRCLE('',#10756,2.192945427822);
#10756 = AXIS2_PLACEMENT_3D('',#10757,#10758,#10759);
#10757 = CARTESIAN_POINT('',(0.176040764009,-0.9,0.));
#10758 = DIRECTION('',(1.,0.,0.));
#10759 = DIRECTION('',(-0.,0.961707119268,0.274079216192));
#10760 = ORIENTED_EDGE('',*,*,#10761,.T.);
#10761 = EDGE_CURVE('',#10753,#10762,#10764,.T.);
#10762 = VERTEX_POINT('',#10763);
#10763 = CARTESIAN_POINT('',(-0.176040764009,1.005255888326,
    1.085822107625));
#10764 = CIRCLE('',#10765,1.1);
#10765 = AXIS2_PLACEMENT_3D('',#10766,#10767,#10768);
#10766 = CARTESIAN_POINT('',(0.,1.005255888326,0.));
#10767 = DIRECTION('',(0.,-1.,0.));
#10768 = DIRECTION('',(0.16003705819,0.,0.987111006932));
#10769 = ORIENTED_EDGE('',*,*,#10770,.T.);
#10770 = EDGE_CURVE('',#10762,#10771,#10773,.T.);
#10771 = VERTEX_POINT('',#10772);
#10772 = CARTESIAN_POINT('',(-0.176040764009,1.208971230104,
    0.601040764009));
#10773 = CIRCLE('',#10774,2.192945427822);
#10774 = AXIS2_PLACEMENT_3D('',#10775,#10776,#10777);
#10775 = CARTESIAN_POINT('',(-0.176040764009,-0.9,0.));
#10776 = DIRECTION('',(-1.,0.,0.));
#10777 = DIRECTION('',(0.,0.868811354881,0.495143241528));
#10778 = ORIENTED_EDGE('',*,*,#10779,.T.);
#10779 = EDGE_CURVE('',#10771,#10780,#10782,.T.);
#10780 = VERTEX_POINT('',#10781);
#10781 = CARTESIAN_POINT('',(-0.601040764009,1.208971230104,
    0.176040764009));
#10782 = B_SPLINE_CURVE_WITH_KNOTS('',3,(#10783,#10784,#10785,#10786,
    #10787,#10788,#10789,#10790,#10791,#10792),.UNSPECIFIED.,.F.,.F.,(4,
    2,2,2,4),(-5.51E-15,1.627350394045E-02,3.254700788091E-02,
    4.882051182136E-02,6.509401576182E-02),.UNSPECIFIED.);
#10783 = CARTESIAN_POINT('',(-0.176040764009,1.208971230104,
    0.601040764009));
#10784 = CARTESIAN_POINT('',(-0.176040764009,1.223838660786,
    0.548872948692));
#10785 = CARTESIAN_POINT('',(-0.186280318287,1.236868729877,
    0.492327856508));
#10786 = CARTESIAN_POINT('',(-0.229328609285,1.254224570175,
    0.387324068728));
#10787 = CARTESIAN_POINT('',(-0.262163365371,1.258558546808,
    0.338877398638));
#10788 = CARTESIAN_POINT('',(-0.338877398638,1.258558546808,
    0.262163365371));
#10789 = CARTESIAN_POINT('',(-0.387324068728,1.254224570175,
    0.229328609285));
#10790 = CARTESIAN_POINT('',(-0.492327856508,1.236868729877,
    0.186280318287));
#10791 = CARTESIAN_POINT('',(-0.548872948692,1.223838660786,
    0.176040764009));
#10792 = CARTESIAN_POINT('',(-0.601040764009,1.208971230104,
    0.176040764009));
#10793 = ORIENTED_EDGE('',*,*,#10794,.T.);
#10794 = EDGE_CURVE('',#10780,#10795,#10797,.T.);
#10795 = VERTEX_POINT('',#10796);
#10796 = CARTESIAN_POINT('',(-1.085822107625,1.005255888326,
    0.176040764009));
#10797 = CIRCLE('',#10798,2.192945427822);
#10798 = AXIS2_PLACEMENT_3D('',#10799,#10800,#10801);
#10799 = CARTESIAN_POINT('',(0.,-0.9,0.176040764009));
#10800 = DIRECTION('',(0.,0.,1.));
#10801 = DIRECTION('',(-0.274079216192,0.961707119268,0.));
#10802 = ORIENTED_EDGE('',*,*,#10803,.T.);
#10803 = EDGE_CURVE('',#10795,#10804,#10806,.T.);
#10804 = VERTEX_POINT('',#10805);
#10805 = CARTESIAN_POINT('',(-1.085822107625,1.005255888326,
    -0.176040764009));
#10806 = CIRCLE('',#10807,1.1);
#10807 = AXIS2_PLACEMENT_3D('',#10808,#10809,#10810);
#10808 = CARTESIAN_POINT('',(0.,1.005255888326,0.));
#10809 = DIRECTION('',(0.,-1.,0.));
#10810 = DIRECTION('',(-1.,0.,0.));
#10811 = ORIENTED_EDGE('',*,*,#10812,.T.);
#10812 = EDGE_CURVE('',#10804,#10813,#10815,.T.);
#10813 = VERTEX_POINT('',#10814);
#10814 = CARTESIAN_POINT('',(-0.601040764009,1.208971230104,
    -0.176040764009));
#10815 = CIRCLE('',#10816,2.192945427822);
#10816 = AXIS2_PLACEMENT_3D('',#10817,#10818,#10819);
#10817 = CARTESIAN_POINT('',(0.,-0.9,-0.176040764009));
#10818 = DIRECTION('',(0.,0.,-1.));
#10819 = DIRECTION('',(-0.495143241528,0.868811354881,0.));
#10820 = ORIENTED_EDGE('',*,*,#10821,.T.);
#10821 = EDGE_CURVE('',#10813,#10822,#10824,.T.);
#10822 = VERTEX_POINT('',#10823);
#10823 = CARTESIAN_POINT('',(-0.176040764009,1.208971230104,
    -0.601040764009));
#10824 = B_SPLINE_CURVE_WITH_KNOTS('',3,(#10825,#10826,#10827,#10828,
    #10829,#10830,#10831,#10832,#10833,#10834),.UNSPECIFIED.,.F.,.F.,(4,
    2,2,2,4),(0.202544755209,0.218818259149,0.23509176309,0.25136526703,
    0.267638770971),.UNSPECIFIED.);
#10825 = CARTESIAN_POINT('',(-0.601040764009,1.208971230104,
    -0.176040764009));
#10826 = CARTESIAN_POINT('',(-0.548872948692,1.223838660787,
    -0.176040764009));
#10827 = CARTESIAN_POINT('',(-0.492327856508,1.236868729877,
    -0.186280318287));
#10828 = CARTESIAN_POINT('',(-0.387324068728,1.254224570175,
    -0.229328609285));
#10829 = CARTESIAN_POINT('',(-0.338877398638,1.258558546808,
    -0.262163365371));
#10830 = CARTESIAN_POINT('',(-0.262163365371,1.258558546808,
    -0.338877398638));
#10831 = CARTESIAN_POINT('',(-0.229328609285,1.254224570175,
    -0.387324068728));
#10832 = CARTESIAN_POINT('',(-0.186280318287,1.236868729877,
    -0.492327856508));
#10833 = CARTESIAN_POINT('',(-0.176040764009,1.223838660786,
    -0.548872948692));
#10834 = CARTESIAN_POINT('',(-0.176040764009,1.208971230104,
    -0.601040764009));
#10835 = ORIENTED_EDGE('',*,*,#10836,.T.);
#10836 = EDGE_CURVE('',#10822,#10837,#10839,.T.);
#10837 = VERTEX_POINT('',#10838);
#10838 = CARTESIAN_POINT('',(-0.176040764009,1.005255888326,
    -1.085822107625));
#10839 = CIRCLE('',#10840,2.192945427822);
#10840 = AXIS2_PLACEMENT_3D('',#10841,#10842,#10843);
#10841 = CARTESIAN_POINT('',(-0.176040764009,-0.9,0.));
#10842 = DIRECTION('',(-1.,0.,0.));
#10843 = DIRECTION('',(0.,0.961707119268,-0.274079216192));
#10844 = ORIENTED_EDGE('',*,*,#10845,.T.);
#10845 = EDGE_CURVE('',#10837,#10846,#10848,.T.);
#10846 = VERTEX_POINT('',#10847);
#10847 = CARTESIAN_POINT('',(0.176040764009,1.005255888326,
    -1.085822107625));
#10848 = CIRCLE('',#10849,1.1);
#10849 = AXIS2_PLACEMENT_3D('',#10850,#10851,#10852);
#10850 = CARTESIAN_POINT('',(0.,1.005255888326,0.));
#10851 = DIRECTION('',(0.,-1.,0.));
#10852 = DIRECTION('',(-0.16003705819,-0.,-0.987111006932));
#10853 = ORIENTED_EDGE('',*,*,#10854,.T.);
#10854 = EDGE_CURVE('',#10846,#10855,#10857,.T.);
#10855 = VERTEX_POINT('',#10856);
#10856 = CARTESIAN_POINT('',(0.176040764009,1.208971230104,
    -0.601040764009));
#10857 = CIRCLE('',#10858,2.192945427822);
#10858 = AXIS2_PLACEMENT_3D('',#10859,#10860,#10861);
#10859 = CARTESIAN_POINT('',(0.176040764009,-0.9,0.));
#10860 = DIRECTION('',(1.,0.,0.));
#10861 = DIRECTION('',(0.,0.868811354881,-0.495143241528));
#10862 = ORIENTED_EDGE('',*,*,#10863,.T.);
#10863 = EDGE_CURVE('',#10855,#10864,#10866,.T.);
#10864 = VERTEX_POINT('',#10865);
#10865 = CARTESIAN_POINT('',(0.601040764009,1.208971230104,
    -0.176040764009));
#10866 = B_SPLINE_CURVE_WITH_KNOTS('',3,(#10867,#10868,#10869,#10870,
    #10871,#10872,#10873,#10874,#10875,#10876),.UNSPECIFIED.,.F.,.F.,(4,
    2,2,2,4),(0.134002802807,0.150276306747,0.166549810688,
    0.182823314628,0.199096818568),.UNSPECIFIED.);
#10867 = CARTESIAN_POINT('',(0.176040764009,1.208971230104,
    -0.601040764009));
#10868 = CARTESIAN_POINT('',(0.176040764009,1.223838660787,
    -0.548872948692));
#10869 = CARTESIAN_POINT('',(0.186280318287,1.236868729877,
    -0.492327856508));
#10870 = CARTESIAN_POINT('',(0.229328609285,1.254224570175,
    -0.387324068728));
#10871 = CARTESIAN_POINT('',(0.262163365371,1.258558546808,
    -0.338877398638));
#10872 = CARTESIAN_POINT('',(0.338877398638,1.258558546808,
    -0.262163365371));
#10873 = CARTESIAN_POINT('',(0.387324068728,1.254224570175,
    -0.229328609285));
#10874 = CARTESIAN_POINT('',(0.492327856508,1.236868729877,
    -0.186280318287));
#10875 = CARTESIAN_POINT('',(0.548872948692,1.223838660786,
    -0.176040764009));
#10876 = CARTESIAN_POINT('',(0.601040764009,1.208971230104,
    -0.176040764009));
#10877 = ORIENTED_EDGE('',*,*,#10878,.T.);
#10878 = EDGE_CURVE('',#10864,#10879,#10881,.T.);
#10879 = VERTEX_POINT('',#10880);
#10880 = CARTESIAN_POINT('',(1.085822107625,1.005255888326,
    -0.176040764009));
#10881 = CIRCLE('',#10882,2.192945427822);
#10882 = AXIS2_PLACEMENT_3D('',#10883,#10884,#10885);
#10883 = CARTESIAN_POINT('',(0.,-0.9,-0.176040764009));
#10884 = DIRECTION('',(0.,0.,-1.));
#10885 = DIRECTION('',(0.274079216192,0.961707119268,0.));
#10886 = ORIENTED_EDGE('',*,*,#10887,.T.);
#10887 = EDGE_CURVE('',#10879,#10711,#10888,.T.);
#10888 = CIRCLE('',#10889,1.1);
#10889 = AXIS2_PLACEMENT_3D('',#10890,#10891,#10892);
#10890 = CARTESIAN_POINT('',(0.,1.005255888326,0.));
#10891 = DIRECTION('',(0.,-1.,0.));
#10892 = DIRECTION('',(1.,0.,0.));
#10893 = ORIENTED_EDGE('',*,*,#10710,.F.);
#10894 = SPHERICAL_SURFACE('',#10895,2.2);
#10895 = AXIS2_PLACEMENT_3D('',#10896,#10897,#10898);
#10896 = CARTESIAN_POINT('',(0.,-0.9,0.));
#10897 = DIRECTION('',(-6.E-17,-1.,0.));
#10898 = DIRECTION('',(-1.,6.E-17,0.));
#10899 = ADVANCED_FACE('',(#10900),#10926,.F.);
#10900 = FACE_BOUND('',#10901,.F.);
#10901 = EDGE_LOOP('',(#10902,#10910,#10919,#10925));
#10902 = ORIENTED_EDGE('',*,*,#10903,.F.);
#10903 = EDGE_CURVE('',#10904,#10804,#10906,.T.);
#10904 = VERTEX_POINT('',#10905);
#10905 = CARTESIAN_POINT('',(-1.085822107625,0.65,-0.176040764009));
#10906 = LINE('',#10907,#10908);
#10907 = CARTESIAN_POINT('',(-1.085822107625,0.65,-0.176040764009));
#10908 = VECTOR('',#10909,1.);
#10909 = DIRECTION('',(0.,1.,0.));
#10910 = ORIENTED_EDGE('',*,*,#10911,.F.);
#10911 = EDGE_CURVE('',#10912,#10904,#10914,.T.);
#10912 = VERTEX_POINT('',#10913);
#10913 = CARTESIAN_POINT('',(-1.085822107625,0.65,0.176040764009));
#10914 = CIRCLE('',#10915,1.1);
#10915 = AXIS2_PLACEMENT_3D('',#10916,#10917,#10918);
#10916 = CARTESIAN_POINT('',(0.,0.65,0.));
#10917 = DIRECTION('',(0.,-1.,0.));
#10918 = DIRECTION('',(-0.987111006932,0.,0.16003705819));
#10919 = ORIENTED_EDGE('',*,*,#10920,.T.);
#10920 = EDGE_CURVE('',#10912,#10795,#10921,.T.);
#10921 = LINE('',#10922,#10923);
#10922 = CARTESIAN_POINT('',(-1.085822107625,0.65,0.176040764009));
#10923 = VECTOR('',#10924,1.);
#10924 = DIRECTION('',(0.,1.,0.));
#10925 = ORIENTED_EDGE('',*,*,#10803,.T.);
#10926 = CYLINDRICAL_SURFACE('',#10927,1.1);
#10927 = AXIS2_PLACEMENT_3D('',#10928,#10929,#10930);
#10928 = CARTESIAN_POINT('',(0.,0.65,0.));
#10929 = DIRECTION('',(0.,-1.,0.));
#10930 = DIRECTION('',(-1.,0.,1.2E-16));
#10931 = ADVANCED_FACE('',(#10932),#10950,.F.);
#10932 = FACE_BOUND('',#10933,.T.);
#10933 = EDGE_LOOP('',(#10934,#10935,#10943,#10949));
#10934 = ORIENTED_EDGE('',*,*,#10794,.F.);
#10935 = ORIENTED_EDGE('',*,*,#10936,.F.);
#10936 = EDGE_CURVE('',#10937,#10780,#10939,.T.);
#10937 = VERTEX_POINT('',#10938);
#10938 = CARTESIAN_POINT('',(-0.601040764009,0.65,0.176040764009));
#10939 = LINE('',#10940,#10941);
#10940 = CARTESIAN_POINT('',(-0.601040764009,0.65,0.176040764009));
#10941 = VECTOR('',#10942,1.);
#10942 = DIRECTION('',(0.,1.,0.));
#10943 = ORIENTED_EDGE('',*,*,#10944,.T.);
#10944 = EDGE_CURVE('',#10937,#10912,#10945,.T.);
#10945 = LINE('',#10946,#10947);
#10946 = CARTESIAN_POINT('',(-0.601040764009,0.65,0.176040764009));
#10947 = VECTOR('',#10948,1.);
#10948 = DIRECTION('',(-1.,0.,0.));
#10949 = ORIENTED_EDGE('',*,*,#10920,.T.);
#10950 = PLANE('',#10951);
#10951 = AXIS2_PLACEMENT_3D('',#10952,#10953,#10954);
#10952 = CARTESIAN_POINT('',(-0.601040764009,0.65,0.176040764009));
#10953 = DIRECTION('',(0.,0.,1.));
#10954 = DIRECTION('',(-1.,0.,0.));
#10955 = ADVANCED_FACE('',(#10956),#11077,.F.);
#10956 = FACE_BOUND('',#10957,.T.);
#10957 = EDGE_LOOP('',(#10958,#10959,#10968,#10976,#10985,#10993,#11002,
    #11010,#11019,#11027,#11036,#11044,#11053,#11061,#11070,#11076));
#10958 = ORIENTED_EDGE('',*,*,#10944,.F.);
#10959 = ORIENTED_EDGE('',*,*,#10960,.F.);
#10960 = EDGE_CURVE('',#10961,#10937,#10963,.T.);
#10961 = VERTEX_POINT('',#10962);
#10962 = CARTESIAN_POINT('',(-0.176040764009,0.65,0.601040764009));
#10963 = CIRCLE('',#10964,0.425);
#10964 = AXIS2_PLACEMENT_3D('',#10965,#10966,#10967);
#10965 = CARTESIAN_POINT('',(-0.601040764009,0.65,0.601040764009));
#10966 = DIRECTION('',(-0.,1.,0.));
#10967 = DIRECTION('',(1.,0.,0.));
#10968 = ORIENTED_EDGE('',*,*,#10969,.F.);
#10969 = EDGE_CURVE('',#10970,#10961,#10972,.T.);
#10970 = VERTEX_POINT('',#10971);
#10971 = CARTESIAN_POINT('',(-0.176040764009,0.65,1.085822107625));
#10972 = LINE('',#10973,#10974);
#10973 = CARTESIAN_POINT('',(-0.176040764009,0.65,1.085822107625));
#10974 = VECTOR('',#10975,1.);
#10975 = DIRECTION('',(0.,0.,-1.));
#10976 = ORIENTED_EDGE('',*,*,#10977,.F.);
#10977 = EDGE_CURVE('',#10978,#10970,#10980,.T.);
#10978 = VERTEX_POINT('',#10979);
#10979 = CARTESIAN_POINT('',(0.176040764009,0.65,1.085822107625));
#10980 = CIRCLE('',#10981,1.1);
#10981 = AXIS2_PLACEMENT_3D('',#10982,#10983,#10984);
#10982 = CARTESIAN_POINT('',(0.,0.65,0.));
#10983 = DIRECTION('',(0.,-1.,0.));
#10984 = DIRECTION('',(0.16003705819,0.,0.987111006932));
#10985 = ORIENTED_EDGE('',*,*,#10986,.F.);
#10986 = EDGE_CURVE('',#10987,#10978,#10989,.T.);
#10987 = VERTEX_POINT('',#10988);
#10988 = CARTESIAN_POINT('',(0.176040764009,0.65,0.601040764009));
#10989 = LINE('',#10990,#10991);
#10990 = CARTESIAN_POINT('',(0.176040764009,0.65,0.601040764009));
#10991 = VECTOR('',#10992,1.);
#10992 = DIRECTION('',(0.,0.,1.));
#10993 = ORIENTED_EDGE('',*,*,#10994,.F.);
#10994 = EDGE_CURVE('',#10995,#10987,#10997,.T.);
#10995 = VERTEX_POINT('',#10996);
#10996 = CARTESIAN_POINT('',(0.601040764009,0.65,0.176040764009));
#10997 = CIRCLE('',#10998,0.425);
#10998 = AXIS2_PLACEMENT_3D('',#10999,#11000,#11001);
#10999 = CARTESIAN_POINT('',(0.601040764009,0.65,0.601040764009));
#11000 = DIRECTION('',(0.,1.,0.));
#11001 = DIRECTION('',(0.,0.,-1.));
#11002 = ORIENTED_EDGE('',*,*,#11003,.F.);
#11003 = EDGE_CURVE('',#11004,#10995,#11006,.T.);
#11004 = VERTEX_POINT('',#11005);
#11005 = CARTESIAN_POINT('',(1.085822107625,0.65,0.176040764009));
#11006 = LINE('',#11007,#11008);
#11007 = CARTESIAN_POINT('',(1.085822107625,0.65,0.176040764009));
#11008 = VECTOR('',#11009,1.);
#11009 = DIRECTION('',(-1.,0.,0.));
#11010 = ORIENTED_EDGE('',*,*,#11011,.F.);
#11011 = EDGE_CURVE('',#11012,#11004,#11014,.T.);
#11012 = VERTEX_POINT('',#11013);
#11013 = CARTESIAN_POINT('',(1.085822107625,0.65,-0.176040764009));
#11014 = CIRCLE('',#11015,1.1);
#11015 = AXIS2_PLACEMENT_3D('',#11016,#11017,#11018);
#11016 = CARTESIAN_POINT('',(0.,0.65,0.));
#11017 = DIRECTION('',(0.,-1.,0.));
#11018 = DIRECTION('',(0.987111006932,0.,-0.16003705819));
#11019 = ORIENTED_EDGE('',*,*,#11020,.F.);
#11020 = EDGE_CURVE('',#11021,#11012,#11023,.T.);
#11021 = VERTEX_POINT('',#11022);
#11022 = CARTESIAN_POINT('',(0.601040764009,0.65,-0.176040764009));
#11023 = LINE('',#11024,#11025);
#11024 = CARTESIAN_POINT('',(0.601040764009,0.65,-0.176040764009));
#11025 = VECTOR('',#11026,1.);
#11026 = DIRECTION('',(1.,0.,0.));
#11027 = ORIENTED_EDGE('',*,*,#11028,.F.);
#11028 = EDGE_CURVE('',#11029,#11021,#11031,.T.);
#11029 = VERTEX_POINT('',#11030);
#11030 = CARTESIAN_POINT('',(0.176040764009,0.65,-0.601040764009));
#11031 = CIRCLE('',#11032,0.425);
#11032 = AXIS2_PLACEMENT_3D('',#11033,#11034,#11035);
#11033 = CARTESIAN_POINT('',(0.601040764009,0.65,-0.601040764009));
#11034 = DIRECTION('',(0.,1.,0.));
#11035 = DIRECTION('',(-1.,0.,0.));
#11036 = ORIENTED_EDGE('',*,*,#11037,.F.);
#11037 = EDGE_CURVE('',#11038,#11029,#11040,.T.);
#11038 = VERTEX_POINT('',#11039);
#11039 = CARTESIAN_POINT('',(0.176040764009,0.65,-1.085822107625));
#11040 = LINE('',#11041,#11042);
#11041 = CARTESIAN_POINT('',(0.176040764009,0.65,-1.085822107625));
#11042 = VECTOR('',#11043,1.);
#11043 = DIRECTION('',(0.,0.,1.));
#11044 = ORIENTED_EDGE('',*,*,#11045,.F.);
#11045 = EDGE_CURVE('',#11046,#11038,#11048,.T.);
#11046 = VERTEX_POINT('',#11047);
#11047 = CARTESIAN_POINT('',(-0.176040764009,0.65,-1.085822107625));
#11048 = CIRCLE('',#11049,1.1);
#11049 = AXIS2_PLACEMENT_3D('',#11050,#11051,#11052);
#11050 = CARTESIAN_POINT('',(0.,0.65,0.));
#11051 = DIRECTION('',(0.,-1.,0.));
#11052 = DIRECTION('',(-0.16003705819,-0.,-0.987111006932));
#11053 = ORIENTED_EDGE('',*,*,#11054,.F.);
#11054 = EDGE_CURVE('',#11055,#11046,#11057,.T.);
#11055 = VERTEX_POINT('',#11056);
#11056 = CARTESIAN_POINT('',(-0.176040764009,0.65,-0.601040764009));
#11057 = LINE('',#11058,#11059);
#11058 = CARTESIAN_POINT('',(-0.176040764009,0.65,-0.601040764009));
#11059 = VECTOR('',#11060,1.);
#11060 = DIRECTION('',(0.,0.,-1.));
#11061 = ORIENTED_EDGE('',*,*,#11062,.F.);
#11062 = EDGE_CURVE('',#11063,#11055,#11065,.T.);
#11063 = VERTEX_POINT('',#11064);
#11064 = CARTESIAN_POINT('',(-0.601040764009,0.65,-0.176040764009));
#11065 = CIRCLE('',#11066,0.425);
#11066 = AXIS2_PLACEMENT_3D('',#11067,#11068,#11069);
#11067 = CARTESIAN_POINT('',(-0.601040764009,0.65,-0.601040764009));
#11068 = DIRECTION('',(0.,1.,0.));
#11069 = DIRECTION('',(0.,-0.,1.));
#11070 = ORIENTED_EDGE('',*,*,#11071,.F.);
#11071 = EDGE_CURVE('',#10904,#11063,#11072,.T.);
#11072 = LINE('',#11073,#11074);
#11073 = CARTESIAN_POINT('',(-1.085822107625,0.65,-0.176040764009));
#11074 = VECTOR('',#11075,1.);
#11075 = DIRECTION('',(1.,0.,0.));
#11076 = ORIENTED_EDGE('',*,*,#10911,.F.);
#11077 = PLANE('',#11078);
#11078 = AXIS2_PLACEMENT_3D('',#11079,#11080,#11081);
#11079 = CARTESIAN_POINT('',(0.,0.65,0.));
#11080 = DIRECTION('',(0.,-1.,0.));
#11081 = DIRECTION('',(1.,0.,0.));
#11082 = ADVANCED_FACE('',(#11083),#11094,.F.);
#11083 = FACE_BOUND('',#11084,.T.);
#11084 = EDGE_LOOP('',(#11085,#11086,#11087,#11088));
#11085 = ORIENTED_EDGE('',*,*,#10812,.F.);
#11086 = ORIENTED_EDGE('',*,*,#10903,.F.);
#11087 = ORIENTED_EDGE('',*,*,#11071,.T.);
#11088 = ORIENTED_EDGE('',*,*,#11089,.T.);
#11089 = EDGE_CURVE('',#11063,#10813,#11090,.T.);
#11090 = LINE('',#11091,#11092);
#11091 = CARTESIAN_POINT('',(-0.601040764009,0.65,-0.176040764009));
#11092 = VECTOR('',#11093,1.);
#11093 = DIRECTION('',(0.,1.,0.));
#11094 = PLANE('',#11095);
#11095 = AXIS2_PLACEMENT_3D('',#11096,#11097,#11098);
#11096 = CARTESIAN_POINT('',(-1.085822107625,0.65,-0.176040764009));
#11097 = DIRECTION('',(0.,0.,-1.));
#11098 = DIRECTION('',(1.,0.,0.));
#11099 = ADVANCED_FACE('',(#11100),#11111,.T.);
#11100 = FACE_BOUND('',#11101,.T.);
#11101 = EDGE_LOOP('',(#11102,#11103,#11104,#11105));
#11102 = ORIENTED_EDGE('',*,*,#10821,.F.);
#11103 = ORIENTED_EDGE('',*,*,#11089,.F.);
#11104 = ORIENTED_EDGE('',*,*,#11062,.T.);
#11105 = ORIENTED_EDGE('',*,*,#11106,.T.);
#11106 = EDGE_CURVE('',#11055,#10822,#11107,.T.);
#11107 = LINE('',#11108,#11109);
#11108 = CARTESIAN_POINT('',(-0.176040764009,0.65,-0.601040764009));
#11109 = VECTOR('',#11110,1.);
#11110 = DIRECTION('',(0.,1.,0.));
#11111 = CYLINDRICAL_SURFACE('',#11112,0.425);
#11112 = AXIS2_PLACEMENT_3D('',#11113,#11114,#11115);
#11113 = CARTESIAN_POINT('',(-0.601040764009,0.65,-0.601040764009));
#11114 = DIRECTION('',(0.,-1.,0.));
#11115 = DIRECTION('',(1.,0.,0.));
#11116 = ADVANCED_FACE('',(#11117),#11128,.F.);
#11117 = FACE_BOUND('',#11118,.T.);
#11118 = EDGE_LOOP('',(#11119,#11120,#11121,#11122));
#11119 = ORIENTED_EDGE('',*,*,#10836,.F.);
#11120 = ORIENTED_EDGE('',*,*,#11106,.F.);
#11121 = ORIENTED_EDGE('',*,*,#11054,.T.);
#11122 = ORIENTED_EDGE('',*,*,#11123,.T.);
#11123 = EDGE_CURVE('',#11046,#10837,#11124,.T.);
#11124 = LINE('',#11125,#11126);
#11125 = CARTESIAN_POINT('',(-0.176040764009,0.65,-1.085822107625));
#11126 = VECTOR('',#11127,1.);
#11127 = DIRECTION('',(0.,1.,0.));
#11128 = PLANE('',#11129);
#11129 = AXIS2_PLACEMENT_3D('',#11130,#11131,#11132);
#11130 = CARTESIAN_POINT('',(-0.176040764009,0.65,-0.601040764009));
#11131 = DIRECTION('',(-1.,0.,0.));
#11132 = DIRECTION('',(0.,0.,-1.));
#11133 = ADVANCED_FACE('',(#11134),#11145,.F.);
#11134 = FACE_BOUND('',#11135,.F.);
#11135 = EDGE_LOOP('',(#11136,#11142,#11143,#11144));
#11136 = ORIENTED_EDGE('',*,*,#11137,.F.);
#11137 = EDGE_CURVE('',#11038,#10846,#11138,.T.);
#11138 = LINE('',#11139,#11140);
#11139 = CARTESIAN_POINT('',(0.176040764009,0.65,-1.085822107625));
#11140 = VECTOR('',#11141,1.);
#11141 = DIRECTION('',(0.,1.,0.));
#11142 = ORIENTED_EDGE('',*,*,#11045,.F.);
#11143 = ORIENTED_EDGE('',*,*,#11123,.T.);
#11144 = ORIENTED_EDGE('',*,*,#10845,.T.);
#11145 = CYLINDRICAL_SURFACE('',#11146,1.1);
#11146 = AXIS2_PLACEMENT_3D('',#11147,#11148,#11149);
#11147 = CARTESIAN_POINT('',(0.,0.65,0.));
#11148 = DIRECTION('',(0.,-1.,0.));
#11149 = DIRECTION('',(1.,0.,0.));
#11150 = ADVANCED_FACE('',(#11151),#11162,.F.);
#11151 = FACE_BOUND('',#11152,.T.);
#11152 = EDGE_LOOP('',(#11153,#11154,#11155,#11156));
#11153 = ORIENTED_EDGE('',*,*,#10854,.F.);
#11154 = ORIENTED_EDGE('',*,*,#11137,.F.);
#11155 = ORIENTED_EDGE('',*,*,#11037,.T.);
#11156 = ORIENTED_EDGE('',*,*,#11157,.T.);
#11157 = EDGE_CURVE('',#11029,#10855,#11158,.T.);
#11158 = LINE('',#11159,#11160);
#11159 = CARTESIAN_POINT('',(0.176040764009,0.65,-0.601040764009));
#11160 = VECTOR('',#11161,1.);
#11161 = DIRECTION('',(0.,1.,0.));
#11162 = PLANE('',#11163);
#11163 = AXIS2_PLACEMENT_3D('',#11164,#11165,#11166);
#11164 = CARTESIAN_POINT('',(0.176040764009,0.65,-1.085822107625));
#11165 = DIRECTION('',(1.,0.,0.));
#11166 = DIRECTION('',(0.,0.,1.));
#11167 = ADVANCED_FACE('',(#11168),#11179,.T.);
#11168 = FACE_BOUND('',#11169,.T.);
#11169 = EDGE_LOOP('',(#11170,#11171,#11172,#11173));
#11170 = ORIENTED_EDGE('',*,*,#10863,.F.);
#11171 = ORIENTED_EDGE('',*,*,#11157,.F.);
#11172 = ORIENTED_EDGE('',*,*,#11028,.T.);
#11173 = ORIENTED_EDGE('',*,*,#11174,.T.);
#11174 = EDGE_CURVE('',#11021,#10864,#11175,.T.);
#11175 = LINE('',#11176,#11177);
#11176 = CARTESIAN_POINT('',(0.601040764009,0.65,-0.176040764009));
#11177 = VECTOR('',#11178,1.);
#11178 = DIRECTION('',(0.,1.,0.));
#11179 = CYLINDRICAL_SURFACE('',#11180,0.425);
#11180 = AXIS2_PLACEMENT_3D('',#11181,#11182,#11183);
#11181 = CARTESIAN_POINT('',(0.601040764009,0.65,-0.601040764009));
#11182 = DIRECTION('',(0.,-1.,0.));
#11183 = DIRECTION('',(1.,0.,0.));
#11184 = ADVANCED_FACE('',(#11185),#11196,.F.);
#11185 = FACE_BOUND('',#11186,.T.);
#11186 = EDGE_LOOP('',(#11187,#11188,#11189,#11190));
#11187 = ORIENTED_EDGE('',*,*,#10878,.F.);
#11188 = ORIENTED_EDGE('',*,*,#11174,.F.);
#11189 = ORIENTED_EDGE('',*,*,#11020,.T.);
#11190 = ORIENTED_EDGE('',*,*,#11191,.T.);
#11191 = EDGE_CURVE('',#11012,#10879,#11192,.T.);
#11192 = LINE('',#11193,#11194);
#11193 = CARTESIAN_POINT('',(1.085822107625,0.65,-0.176040764009));
#11194 = VECTOR('',#11195,1.);
#11195 = DIRECTION('',(0.,1.,0.));
#11196 = PLANE('',#11197);
#11197 = AXIS2_PLACEMENT_3D('',#11198,#11199,#11200);
#11198 = CARTESIAN_POINT('',(0.601040764009,0.65,-0.176040764009));
#11199 = DIRECTION('',(0.,0.,-1.));
#11200 = DIRECTION('',(1.,0.,0.));
#11201 = ADVANCED_FACE('',(#11202),#11214,.F.);
#11202 = FACE_BOUND('',#11203,.F.);
#11203 = EDGE_LOOP('',(#11204,#11205,#11211,#11212,#11213));
#11204 = ORIENTED_EDGE('',*,*,#10719,.T.);
#11205 = ORIENTED_EDGE('',*,*,#11206,.F.);
#11206 = EDGE_CURVE('',#11004,#10720,#11207,.T.);
#11207 = LINE('',#11208,#11209);
#11208 = CARTESIAN_POINT('',(1.085822107625,0.65,0.176040764009));
#11209 = VECTOR('',#11210,1.);
#11210 = DIRECTION('',(0.,1.,0.));
#11211 = ORIENTED_EDGE('',*,*,#11011,.F.);
#11212 = ORIENTED_EDGE('',*,*,#11191,.T.);
#11213 = ORIENTED_EDGE('',*,*,#10887,.T.);
#11214 = CYLINDRICAL_SURFACE('',#11215,1.1);
#11215 = AXIS2_PLACEMENT_3D('',#11216,#11217,#11218);
#11216 = CARTESIAN_POINT('',(0.,0.65,0.));
#11217 = DIRECTION('',(0.,-1.,0.));
#11218 = DIRECTION('',(1.,0.,0.));
#11219 = ADVANCED_FACE('',(#11220),#11231,.F.);
#11220 = FACE_BOUND('',#11221,.T.);
#11221 = EDGE_LOOP('',(#11222,#11223,#11224,#11225));
#11222 = ORIENTED_EDGE('',*,*,#10728,.F.);
#11223 = ORIENTED_EDGE('',*,*,#11206,.F.);
#11224 = ORIENTED_EDGE('',*,*,#11003,.T.);
#11225 = ORIENTED_EDGE('',*,*,#11226,.T.);
#11226 = EDGE_CURVE('',#10995,#10729,#11227,.T.);
#11227 = LINE('',#11228,#11229);
#11228 = CARTESIAN_POINT('',(0.601040764009,0.65,0.176040764009));
#11229 = VECTOR('',#11230,1.);
#11230 = DIRECTION('',(0.,1.,0.));
#11231 = PLANE('',#11232);
#11232 = AXIS2_PLACEMENT_3D('',#11233,#11234,#11235);
#11233 = CARTESIAN_POINT('',(1.085822107625,0.65,0.176040764009));
#11234 = DIRECTION('',(0.,0.,1.));
#11235 = DIRECTION('',(-1.,0.,0.));
#11236 = ADVANCED_FACE('',(#11237),#11248,.T.);
#11237 = FACE_BOUND('',#11238,.T.);
#11238 = EDGE_LOOP('',(#11239,#11240,#11241,#11242));
#11239 = ORIENTED_EDGE('',*,*,#10737,.F.);
#11240 = ORIENTED_EDGE('',*,*,#11226,.F.);
#11241 = ORIENTED_EDGE('',*,*,#10994,.T.);
#11242 = ORIENTED_EDGE('',*,*,#11243,.T.);
#11243 = EDGE_CURVE('',#10987,#10738,#11244,.T.);
#11244 = LINE('',#11245,#11246);
#11245 = CARTESIAN_POINT('',(0.176040764009,0.65,0.601040764009));
#11246 = VECTOR('',#11247,1.);
#11247 = DIRECTION('',(0.,1.,0.));
#11248 = CYLINDRICAL_SURFACE('',#11249,0.425);
#11249 = AXIS2_PLACEMENT_3D('',#11250,#11251,#11252);
#11250 = CARTESIAN_POINT('',(0.601040764009,0.65,0.601040764009));
#11251 = DIRECTION('',(0.,-1.,0.));
#11252 = DIRECTION('',(1.,0.,0.));
#11253 = ADVANCED_FACE('',(#11254),#11265,.F.);
#11254 = FACE_BOUND('',#11255,.T.);
#11255 = EDGE_LOOP('',(#11256,#11257,#11258,#11259));
#11256 = ORIENTED_EDGE('',*,*,#10752,.F.);
#11257 = ORIENTED_EDGE('',*,*,#11243,.F.);
#11258 = ORIENTED_EDGE('',*,*,#10986,.T.);
#11259 = ORIENTED_EDGE('',*,*,#11260,.T.);
#11260 = EDGE_CURVE('',#10978,#10753,#11261,.T.);
#11261 = LINE('',#11262,#11263);
#11262 = CARTESIAN_POINT('',(0.176040764009,0.65,1.085822107625));
#11263 = VECTOR('',#11264,1.);
#11264 = DIRECTION('',(0.,1.,0.));
#11265 = PLANE('',#11266);
#11266 = AXIS2_PLACEMENT_3D('',#11267,#11268,#11269);
#11267 = CARTESIAN_POINT('',(0.176040764009,0.65,0.601040764009));
#11268 = DIRECTION('',(1.,0.,0.));
#11269 = DIRECTION('',(0.,0.,1.));
#11270 = ADVANCED_FACE('',(#11271),#11282,.F.);
#11271 = FACE_BOUND('',#11272,.F.);
#11272 = EDGE_LOOP('',(#11273,#11279,#11280,#11281));
#11273 = ORIENTED_EDGE('',*,*,#11274,.F.);
#11274 = EDGE_CURVE('',#10970,#10762,#11275,.T.);
#11275 = LINE('',#11276,#11277);
#11276 = CARTESIAN_POINT('',(-0.176040764009,0.65,1.085822107625));
#11277 = VECTOR('',#11278,1.);
#11278 = DIRECTION('',(0.,1.,0.));
#11279 = ORIENTED_EDGE('',*,*,#10977,.F.);
#11280 = ORIENTED_EDGE('',*,*,#11260,.T.);
#11281 = ORIENTED_EDGE('',*,*,#10761,.T.);
#11282 = CYLINDRICAL_SURFACE('',#11283,1.1);
#11283 = AXIS2_PLACEMENT_3D('',#11284,#11285,#11286);
#11284 = CARTESIAN_POINT('',(0.,0.65,0.));
#11285 = DIRECTION('',(0.,-1.,0.));
#11286 = DIRECTION('',(1.,0.,0.));
#11287 = ADVANCED_FACE('',(#11288),#11299,.F.);
#11288 = FACE_BOUND('',#11289,.T.);
#11289 = EDGE_LOOP('',(#11290,#11291,#11292,#11293));
#11290 = ORIENTED_EDGE('',*,*,#10770,.F.);
#11291 = ORIENTED_EDGE('',*,*,#11274,.F.);
#11292 = ORIENTED_EDGE('',*,*,#10969,.T.);
#11293 = ORIENTED_EDGE('',*,*,#11294,.T.);
#11294 = EDGE_CURVE('',#10961,#10771,#11295,.T.);
#11295 = LINE('',#11296,#11297);
#11296 = CARTESIAN_POINT('',(-0.176040764009,0.65,0.601040764009));
#11297 = VECTOR('',#11298,1.);
#11298 = DIRECTION('',(0.,1.,0.));
#11299 = PLANE('',#11300);
#11300 = AXIS2_PLACEMENT_3D('',#11301,#11302,#11303);
#11301 = CARTESIAN_POINT('',(-0.176040764009,0.65,1.085822107625));
#11302 = DIRECTION('',(-1.,0.,0.));
#11303 = DIRECTION('',(0.,0.,-1.));
#11304 = ADVANCED_FACE('',(#11305),#11311,.T.);
#11305 = FACE_BOUND('',#11306,.T.);
#11306 = EDGE_LOOP('',(#11307,#11308,#11309,#11310));
#11307 = ORIENTED_EDGE('',*,*,#10779,.F.);
#11308 = ORIENTED_EDGE('',*,*,#11294,.F.);
#11309 = ORIENTED_EDGE('',*,*,#10960,.T.);
#11310 = ORIENTED_EDGE('',*,*,#10936,.T.);
#11311 = CYLINDRICAL_SURFACE('',#11312,0.425);
#11312 = AXIS2_PLACEMENT_3D('',#11313,#11314,#11315);
#11313 = CARTESIAN_POINT('',(-0.601040764009,0.65,0.601040764009));
#11314 = DIRECTION('',(0.,-1.,0.));
#11315 = DIRECTION('',(1.,0.,0.));
#11316 = ( GEOMETRIC_REPRESENTATION_CONTEXT(3) 
GLOBAL_UNCERTAINTY_ASSIGNED_CONTEXT((#11320)) 
GLOBAL_UNIT_ASSIGNED_CONTEXT((#11317,#11318,#11319)) 
REPRESENTATION_CONTEXT('Context #1',
  '3D Context with UNIT and UNCERTAINTY') );
#11317 = ( LENGTH_UNIT() NAMED_UNIT(*) SI_UNIT(.MILLI.,.METRE.) );
#11318 = ( NAMED_UNIT(*) PLANE_ANGLE_UNIT() SI_UNIT($,.RADIAN.) );
#11319 = ( NAMED_UNIT(*) SI_UNIT($,.STERADIAN.) SOLID_ANGLE_UNIT() );
#11320 = UNCERTAINTY_MEASURE_WITH_UNIT(LENGTH_MEASURE(2.E-05),#11317,
  'distance_accuracy_value','confusion accuracy');
#11321 = CONTEXT_DEPENDENT_SHAPE_REPRESENTATION(#11322,#11324);
#11322 = ( REPRESENTATION_RELATIONSHIP('','',#10534,#10433) 
REPRESENTATION_RELATIONSHIP_WITH_TRANSFORMATION(#11323) 
SHAPE_REPRESENTATION_RELATIONSHIP() );
#11323 = ITEM_DEFINED_TRANSFORMATION('','',#11,#10438);
#11324 = PRODUCT_DEFINITION_SHAPE('Placement','Placement of an item',
  #11325);
#11325 = NEXT_ASSEMBLY_USAGE_OCCURRENCE('7','SOLID060','',#10428,#10529,
  $);
#11326 = PRODUCT_RELATED_PRODUCT_CATEGORY('part',$,(#10531));
#11327 = SHAPE_DEFINITION_REPRESENTATION(#11328,#11334);
#11328 = PRODUCT_DEFINITION_SHAPE('','',#11329);
#11329 = PRODUCT_DEFINITION('design','',#11330,#11333);
#11330 = PRODUCT_DEFINITION_FORMATION('','',#11331);
#11331 = PRODUCT('PHS_1_7X20_5_DC059','PHS_1_7X20_5_DC059','',(#11332));
#11332 = PRODUCT_CONTEXT('',#2,'mechanical');
#11333 = PRODUCT_DEFINITION_CONTEXT('part definition',#2,'design');
#11334 = SHAPE_REPRESENTATION('',(#11,#11335,#11339),#11343);
#11335 = AXIS2_PLACEMENT_3D('',#11336,#11337,#11338);
#11336 = CARTESIAN_POINT('',(0.,0.,0.));
#11337 = DIRECTION('',(0.,0.,1.));
#11338 = DIRECTION('',(1.,0.,0.));
#11339 = AXIS2_PLACEMENT_3D('',#11340,#11341,#11342);
#11340 = CARTESIAN_POINT('',(0.,0.,0.));
#11341 = DIRECTION('',(0.,0.,1.));
#11342 = DIRECTION('',(1.,0.,0.));
#11343 = ( GEOMETRIC_REPRESENTATION_CONTEXT(3) 
GLOBAL_UNCERTAINTY_ASSIGNED_CONTEXT((#11347)) 
GLOBAL_UNIT_ASSIGNED_CONTEXT((#11344,#11345,#11346)) 
REPRESENTATION_CONTEXT('Context #1',
  '3D Context with UNIT and UNCERTAINTY') );
#11344 = ( LENGTH_UNIT() NAMED_UNIT(*) SI_UNIT(.MILLI.,.METRE.) );
#11345 = ( NAMED_UNIT(*) PLANE_ANGLE_UNIT() SI_UNIT($,.RADIAN.) );
#11346 = ( NAMED_UNIT(*) SI_UNIT($,.STERADIAN.) SOLID_ANGLE_UNIT() );
#11347 = UNCERTAINTY_MEASURE_WITH_UNIT(LENGTH_MEASURE(2.E-05),#11344,
  'distance_accuracy_value','confusion accuracy');
#11348 = CONTEXT_DEPENDENT_SHAPE_REPRESENTATION(#11349,#11351);
#11349 = ( REPRESENTATION_RELATIONSHIP('','',#11334,#10) 
REPRESENTATION_RELATIONSHIP_WITH_TRANSFORMATION(#11350) 
SHAPE_REPRESENTATION_RELATIONSHIP() );
#11350 = ITEM_DEFINED_TRANSFORMATION('','',#11,#39);
#11351 = PRODUCT_DEFINITION_SHAPE('Placement','Placement of an item',
  #11352);
#11352 = NEXT_ASSEMBLY_USAGE_OCCURRENCE('11','PHS_1_7X20_5_DC059','',#5,
  #11329,$);
#11353 = PRODUCT_RELATED_PRODUCT_CATEGORY('part',$,(#11331));
#11354 = SHAPE_DEFINITION_REPRESENTATION(#11355,#11361);
#11355 = PRODUCT_DEFINITION_SHAPE('','',#11356);
#11356 = PRODUCT_DEFINITION('design','',#11357,#11360);
#11357 = PRODUCT_DEFINITION_FORMATION('','',#11358);
#11358 = PRODUCT('SHELL061','SHELL061','',(#11359));
#11359 = PRODUCT_CONTEXT('',#2,'mechanical');
#11360 = PRODUCT_DEFINITION_CONTEXT('part definition',#2,'design');
#11361 = MANIFOLD_SURFACE_SHAPE_REPRESENTATION('',(#11,#11362),#11417);
#11362 = SHELL_BASED_SURFACE_MODEL('',(#11363));
#11363 = OPEN_SHELL('',(#11364,#11397));
#11364 = ADVANCED_FACE('',(#11365),#11392,.T.);
#11365 = FACE_BOUND('',#11366,.T.);
#11366 = EDGE_LOOP('',(#11367,#11376,#11384,#11391));
#11367 = ORIENTED_EDGE('',*,*,#11368,.F.);
#11368 = EDGE_CURVE('',#11369,#11369,#11371,.T.);
#11369 = VERTEX_POINT('',#11370);
#11370 = CARTESIAN_POINT('',(-0.7,-20.5,-0.));
#11371 = CIRCLE('',#11372,0.7);
#11372 = AXIS2_PLACEMENT_3D('',#11373,#11374,#11375);
#11373 = CARTESIAN_POINT('',(0.,-20.5,0.));
#11374 = DIRECTION('',(0.,-1.,0.));
#11375 = DIRECTION('',(-1.,0.,0.));
#11376 = ORIENTED_EDGE('',*,*,#11377,.T.);
#11377 = EDGE_CURVE('',#11369,#11378,#11380,.T.);
#11378 = VERTEX_POINT('',#11379);
#11379 = CARTESIAN_POINT('',(-0.7,-16.5,-0.));
#11380 = LINE('',#11381,#11382);
#11381 = CARTESIAN_POINT('',(-0.7,-20.5,-9.E-17));
#11382 = VECTOR('',#11383,1.);
#11383 = DIRECTION('',(0.,1.,0.));
#11384 = ORIENTED_EDGE('',*,*,#11385,.F.);
#11385 = EDGE_CURVE('',#11378,#11378,#11386,.T.);
#11386 = CIRCLE('',#11387,0.7);
#11387 = AXIS2_PLACEMENT_3D('',#11388,#11389,#11390);
#11388 = CARTESIAN_POINT('',(0.,-16.5,0.));
#11389 = DIRECTION('',(-0.,1.,0.));
#11390 = DIRECTION('',(1.,0.,0.));
#11391 = ORIENTED_EDGE('',*,*,#11377,.F.);
#11392 = CYLINDRICAL_SURFACE('',#11393,0.7);
#11393 = AXIS2_PLACEMENT_3D('',#11394,#11395,#11396);
#11394 = CARTESIAN_POINT('',(0.,-20.5,0.));
#11395 = DIRECTION('',(0.,-1.,0.));
#11396 = DIRECTION('',(1.,0.,0.));
#11397 = ADVANCED_FACE('',(#11398,#11409),#11412,.T.);
#11398 = FACE_BOUND('',#11399,.T.);
#11399 = EDGE_LOOP('',(#11400));
#11400 = ORIENTED_EDGE('',*,*,#11401,.F.);
#11401 = EDGE_CURVE('',#11402,#11402,#11404,.T.);
#11402 = VERTEX_POINT('',#11403);
#11403 = CARTESIAN_POINT('',(0.85,-16.5,0.));
#11404 = CIRCLE('',#11405,0.85);
#11405 = AXIS2_PLACEMENT_3D('',#11406,#11407,#11408);
#11406 = CARTESIAN_POINT('',(0.,-16.5,0.));
#11407 = DIRECTION('',(0.,1.,0.));
#11408 = DIRECTION('',(-1.,0.,0.));
#11409 = FACE_BOUND('',#11410,.T.);
#11410 = EDGE_LOOP('',(#11411));
#11411 = ORIENTED_EDGE('',*,*,#11385,.T.);
#11412 = PLANE('',#11413);
#11413 = AXIS2_PLACEMENT_3D('',#11414,#11415,#11416);
#11414 = CARTESIAN_POINT('',(0.,-16.5,0.));
#11415 = DIRECTION('',(0.,-1.,0.));
#11416 = DIRECTION('',(1.,0.,0.));
#11417 = ( GEOMETRIC_REPRESENTATION_CONTEXT(3) 
GLOBAL_UNCERTAINTY_ASSIGNED_CONTEXT((#11421)) 
GLOBAL_UNIT_ASSIGNED_CONTEXT((#11418,#11419,#11420)) 
REPRESENTATION_CONTEXT('Context #1',
  '3D Context with UNIT and UNCERTAINTY') );
#11418 = ( LENGTH_UNIT() NAMED_UNIT(*) SI_UNIT(.MILLI.,.METRE.) );
#11419 = ( NAMED_UNIT(*) PLANE_ANGLE_UNIT() SI_UNIT($,.RADIAN.) );
#11420 = ( NAMED_UNIT(*) SI_UNIT($,.STERADIAN.) SOLID_ANGLE_UNIT() );
#11421 = UNCERTAINTY_MEASURE_WITH_UNIT(LENGTH_MEASURE(1.E-07),#11418,
  'distance_accuracy_value','confusion accuracy');
#11422 = CONTEXT_DEPENDENT_SHAPE_REPRESENTATION(#11423,#11425);
#11423 = ( REPRESENTATION_RELATIONSHIP('','',#11361,#11334) 
REPRESENTATION_RELATIONSHIP_WITH_TRANSFORMATION(#11424) 
SHAPE_REPRESENTATION_RELATIONSHIP() );
#11424 = ITEM_DEFINED_TRANSFORMATION('','',#11,#11335);
#11425 = PRODUCT_DEFINITION_SHAPE('Placement','Placement of an item',
  #11426);
#11426 = NEXT_ASSEMBLY_USAGE_OCCURRENCE('9','SHELL061','',#11329,#11356,
  $);
#11427 = PRODUCT_RELATED_PRODUCT_CATEGORY('part',$,(#11358));
#11428 = SHAPE_DEFINITION_REPRESENTATION(#11429,#11435);
#11429 = PRODUCT_DEFINITION_SHAPE('','',#11430);
#11430 = PRODUCT_DEFINITION('design','',#11431,#11434);
#11431 = PRODUCT_DEFINITION_FORMATION('','',#11432);
#11432 = PRODUCT('SOLID061','SOLID061','',(#11433));
#11433 = PRODUCT_CONTEXT('',#2,'mechanical');
#11434 = PRODUCT_DEFINITION_CONTEXT('part definition',#2,'design');
#11435 = ADVANCED_BREP_SHAPE_REPRESENTATION('',(#11,#11436),#12217);
#11436 = MANIFOLD_SOLID_BREP('',#11437);
#11437 = CLOSED_SHELL('',(#11438,#11455,#11489,#11515,#11535,#11560,
    #11580,#11606,#11800,#11832,#11856,#11983,#12000,#12017,#12034,
    #12051,#12068,#12085,#12102,#12120,#12137,#12154,#12171,#12188,
    #12205));
#11438 = ADVANCED_FACE('',(#11439),#11450,.T.);
#11439 = FACE_BOUND('',#11440,.T.);
#11440 = EDGE_LOOP('',(#11441));
#11441 = ORIENTED_EDGE('',*,*,#11442,.F.);
#11442 = EDGE_CURVE('',#11443,#11443,#11445,.T.);
#11443 = VERTEX_POINT('',#11444);
#11444 = CARTESIAN_POINT('',(-0.7,-20.5,0.));
#11445 = CIRCLE('',#11446,0.7);
#11446 = AXIS2_PLACEMENT_3D('',#11447,#11448,#11449);
#11447 = CARTESIAN_POINT('',(0.,-20.5,0.));
#11448 = DIRECTION('',(-0.,1.,0.));
#11449 = DIRECTION('',(1.,0.,0.));
#11450 = PLANE('',#11451);
#11451 = AXIS2_PLACEMENT_3D('',#11452,#11453,#11454);
#11452 = CARTESIAN_POINT('',(0.,-20.5,0.));
#11453 = DIRECTION('',(0.,-1.,0.));
#11454 = DIRECTION('',(-1.,0.,0.));
#11455 = ADVANCED_FACE('',(#11456),#11484,.T.);
#11456 = FACE_BOUND('',#11457,.T.);
#11457 = EDGE_LOOP('',(#11458,#11469,#11475,#11476,#11477));
#11458 = ORIENTED_EDGE('',*,*,#11459,.T.);
#11459 = EDGE_CURVE('',#11460,#11462,#11464,.T.);
#11460 = VERTEX_POINT('',#11461);
#11461 = CARTESIAN_POINT('',(0.85,-20.35,0.));
#11462 = VERTEX_POINT('',#11463);
#11463 = CARTESIAN_POINT('',(-0.85,-20.35,0.));
#11464 = CIRCLE('',#11465,0.85);
#11465 = AXIS2_PLACEMENT_3D('',#11466,#11467,#11468);
#11466 = CARTESIAN_POINT('',(0.,-20.35,0.));
#11467 = DIRECTION('',(0.,-1.,0.));
#11468 = DIRECTION('',(-1.,0.,0.));
#11469 = ORIENTED_EDGE('',*,*,#11470,.T.);
#11470 = EDGE_CURVE('',#11462,#11443,#11471,.T.);
#11471 = LINE('',#11472,#11473);
#11472 = CARTESIAN_POINT('',(-0.775,-20.425,9.E-17));
#11473 = VECTOR('',#11474,1.);
#11474 = DIRECTION('',(0.707106781187,-0.707106781187,-9.E-17));
#11475 = ORIENTED_EDGE('',*,*,#11442,.T.);
#11476 = ORIENTED_EDGE('',*,*,#11470,.F.);
#11477 = ORIENTED_EDGE('',*,*,#11478,.T.);
#11478 = EDGE_CURVE('',#11462,#11460,#11479,.T.);
#11479 = CIRCLE('',#11480,0.85);
#11480 = AXIS2_PLACEMENT_3D('',#11481,#11482,#11483);
#11481 = CARTESIAN_POINT('',(0.,-20.35,0.));
#11482 = DIRECTION('',(0.,-1.,0.));
#11483 = DIRECTION('',(-1.,0.,0.));
#11484 = CONICAL_SURFACE('',#11485,0.775,0.785398163397);
#11485 = AXIS2_PLACEMENT_3D('',#11486,#11487,#11488);
#11486 = CARTESIAN_POINT('',(0.,-20.425,0.));
#11487 = DIRECTION('',(0.,1.,0.));
#11488 = DIRECTION('',(1.,0.,0.));
#11489 = ADVANCED_FACE('',(#11490),#11510,.T.);
#11490 = FACE_BOUND('',#11491,.T.);
#11491 = EDGE_LOOP('',(#11492,#11493,#11501,#11508,#11509));
#11492 = ORIENTED_EDGE('',*,*,#11459,.F.);
#11493 = ORIENTED_EDGE('',*,*,#11494,.T.);
#11494 = EDGE_CURVE('',#11460,#11495,#11497,.T.);
#11495 = VERTEX_POINT('',#11496);
#11496 = CARTESIAN_POINT('',(0.85,-16.5,0.));
#11497 = LINE('',#11498,#11499);
#11498 = CARTESIAN_POINT('',(0.85,2.39,1.E-16));
#11499 = VECTOR('',#11500,1.);
#11500 = DIRECTION('',(0.,1.,0.));
#11501 = ORIENTED_EDGE('',*,*,#11502,.F.);
#11502 = EDGE_CURVE('',#11495,#11495,#11503,.T.);
#11503 = CIRCLE('',#11504,0.85);
#11504 = AXIS2_PLACEMENT_3D('',#11505,#11506,#11507);
#11505 = CARTESIAN_POINT('',(0.,-16.5,0.));
#11506 = DIRECTION('',(0.,1.,0.));
#11507 = DIRECTION('',(-1.,0.,0.));
#11508 = ORIENTED_EDGE('',*,*,#11494,.F.);
#11509 = ORIENTED_EDGE('',*,*,#11478,.F.);
#11510 = CYLINDRICAL_SURFACE('',#11511,0.85);
#11511 = AXIS2_PLACEMENT_3D('',#11512,#11513,#11514);
#11512 = CARTESIAN_POINT('',(0.,2.39,0.));
#11513 = DIRECTION('',(0.,-1.,0.));
#11514 = DIRECTION('',(-1.,0.,0.));
#11515 = ADVANCED_FACE('',(#11516,#11519),#11530,.F.);
#11516 = FACE_BOUND('',#11517,.T.);
#11517 = EDGE_LOOP('',(#11518));
#11518 = ORIENTED_EDGE('',*,*,#11502,.T.);
#11519 = FACE_BOUND('',#11520,.T.);
#11520 = EDGE_LOOP('',(#11521));
#11521 = ORIENTED_EDGE('',*,*,#11522,.F.);
#11522 = EDGE_CURVE('',#11523,#11523,#11525,.T.);
#11523 = VERTEX_POINT('',#11524);
#11524 = CARTESIAN_POINT('',(0.,-16.5,-0.7));
#11525 = CIRCLE('',#11526,0.7);
#11526 = AXIS2_PLACEMENT_3D('',#11527,#11528,#11529);
#11527 = CARTESIAN_POINT('',(0.,-16.5,0.));
#11528 = DIRECTION('',(0.,1.,0.));
#11529 = DIRECTION('',(0.,-0.,1.));
#11530 = PLANE('',#11531);
#11531 = AXIS2_PLACEMENT_3D('',#11532,#11533,#11534);
#11532 = CARTESIAN_POINT('',(0.,-16.5,0.));
#11533 = DIRECTION('',(0.,-1.,0.));
#11534 = DIRECTION('',(0.,0.,1.));
#11535 = ADVANCED_FACE('',(#11536),#11555,.T.);
#11536 = FACE_BOUND('',#11537,.T.);
#11537 = EDGE_LOOP('',(#11538,#11539,#11547,#11554));
#11538 = ORIENTED_EDGE('',*,*,#11522,.T.);
#11539 = ORIENTED_EDGE('',*,*,#11540,.T.);
#11540 = EDGE_CURVE('',#11523,#11541,#11543,.T.);
#11541 = VERTEX_POINT('',#11542);
#11542 = CARTESIAN_POINT('',(0.,0.,-0.7));
#11543 = LINE('',#11544,#11545);
#11544 = CARTESIAN_POINT('',(9.E-17,0.825,-0.7));
#11545 = VECTOR('',#11546,1.);
#11546 = DIRECTION('',(0.,1.,0.));
#11547 = ORIENTED_EDGE('',*,*,#11548,.T.);
#11548 = EDGE_CURVE('',#11541,#11541,#11549,.T.);
#11549 = CIRCLE('',#11550,0.7);
#11550 = AXIS2_PLACEMENT_3D('',#11551,#11552,#11553);
#11551 = CARTESIAN_POINT('',(0.,0.,0.));
#11552 = DIRECTION('',(0.,-1.,0.));
#11553 = DIRECTION('',(0.,0.,1.));
#11554 = ORIENTED_EDGE('',*,*,#11540,.F.);
#11555 = CYLINDRICAL_SURFACE('',#11556,0.7);
#11556 = AXIS2_PLACEMENT_3D('',#11557,#11558,#11559);
#11557 = CARTESIAN_POINT('',(0.,0.825,0.));
#11558 = DIRECTION('',(0.,-1.,0.));
#11559 = DIRECTION('',(0.,0.,1.));
#11560 = ADVANCED_FACE('',(#11561,#11572),#11575,.T.);
#11561 = FACE_BOUND('',#11562,.T.);
#11562 = EDGE_LOOP('',(#11563));
#11563 = ORIENTED_EDGE('',*,*,#11564,.T.);
#11564 = EDGE_CURVE('',#11565,#11565,#11567,.T.);
#11565 = VERTEX_POINT('',#11566);
#11566 = CARTESIAN_POINT('',(1.26690985122,0.,0.));
#11567 = CIRCLE('',#11568,1.26690985122);
#11568 = AXIS2_PLACEMENT_3D('',#11569,#11570,#11571);
#11569 = CARTESIAN_POINT('',(0.,0.,0.));
#11570 = DIRECTION('',(0.,-1.,0.));
#11571 = DIRECTION('',(1.,0.,0.));
#11572 = FACE_BOUND('',#11573,.T.);
#11573 = EDGE_LOOP('',(#11574));
#11574 = ORIENTED_EDGE('',*,*,#11548,.F.);
#11575 = PLANE('',#11576);
#11576 = AXIS2_PLACEMENT_3D('',#11577,#11578,#11579);
#11577 = CARTESIAN_POINT('',(0.,0.,0.));
#11578 = DIRECTION('',(0.,-1.,0.));
#11579 = DIRECTION('',(-1.,0.,0.));
#11580 = ADVANCED_FACE('',(#11581),#11601,.T.);
#11581 = FACE_BOUND('',#11582,.T.);
#11582 = EDGE_LOOP('',(#11583,#11584,#11593,#11600));
#11583 = ORIENTED_EDGE('',*,*,#11564,.F.);
#11584 = ORIENTED_EDGE('',*,*,#11585,.T.);
#11585 = EDGE_CURVE('',#11565,#11586,#11588,.T.);
#11586 = VERTEX_POINT('',#11587);
#11587 = CARTESIAN_POINT('',(1.26690985122,0.898593736474,0.));
#11588 = CIRCLE('',#11589,0.549569972405);
#11589 = AXIS2_PLACEMENT_3D('',#11590,#11591,#11592);
#11590 = CARTESIAN_POINT('',(0.950430027595,0.449296868237,1.2E-16));
#11591 = DIRECTION('',(-1.2E-16,0.,1.));
#11592 = DIRECTION('',(1.,0.,1.2E-16));
#11593 = ORIENTED_EDGE('',*,*,#11594,.T.);
#11594 = EDGE_CURVE('',#11586,#11586,#11595,.T.);
#11595 = CIRCLE('',#11596,1.26690985122);
#11596 = AXIS2_PLACEMENT_3D('',#11597,#11598,#11599);
#11597 = CARTESIAN_POINT('',(0.,0.898593736474,0.));
#11598 = DIRECTION('',(0.,-1.,0.));
#11599 = DIRECTION('',(1.,0.,0.));
#11600 = ORIENTED_EDGE('',*,*,#11585,.F.);
#11601 = TOROIDAL_SURFACE('',#11602,0.950430027595,0.549569972405);
#11602 = AXIS2_PLACEMENT_3D('',#11603,#11604,#11605);
#11603 = CARTESIAN_POINT('',(0.,0.449296868237,0.));
#11604 = DIRECTION('',(0.,-1.,0.));
#11605 = DIRECTION('',(-1.,0.,0.));
#11606 = ADVANCED_FACE('',(#11607),#11795,.T.);
#11607 = FACE_BOUND('',#11608,.T.);
#11608 = EDGE_LOOP('',(#11609,#11610,#11619,#11628,#11637,#11652,#11661,
    #11670,#11679,#11694,#11703,#11712,#11721,#11736,#11745,#11754,
    #11763,#11778,#11787,#11794));
#11609 = ORIENTED_EDGE('',*,*,#11594,.F.);
#11610 = ORIENTED_EDGE('',*,*,#11611,.T.);
#11611 = EDGE_CURVE('',#11586,#11612,#11614,.T.);
#11612 = VERTEX_POINT('',#11613);
#11613 = CARTESIAN_POINT('',(1.1,1.005255888326,0.));
#11614 = CIRCLE('',#11615,2.2);
#11615 = AXIS2_PLACEMENT_3D('',#11616,#11617,#11618);
#11616 = CARTESIAN_POINT('',(0.,-0.9,0.));
#11617 = DIRECTION('',(-1.2E-16,0.,1.));
#11618 = DIRECTION('',(1.,0.,1.2E-16));
#11619 = ORIENTED_EDGE('',*,*,#11620,.T.);
#11620 = EDGE_CURVE('',#11612,#11621,#11623,.T.);
#11621 = VERTEX_POINT('',#11622);
#11622 = CARTESIAN_POINT('',(1.085822107625,1.005255888326,
    0.176040764009));
#11623 = CIRCLE('',#11624,1.1);
#11624 = AXIS2_PLACEMENT_3D('',#11625,#11626,#11627);
#11625 = CARTESIAN_POINT('',(0.,1.005255888326,0.));
#11626 = DIRECTION('',(0.,-1.,0.));
#11627 = DIRECTION('',(1.,0.,0.));
#11628 = ORIENTED_EDGE('',*,*,#11629,.T.);
#11629 = EDGE_CURVE('',#11621,#11630,#11632,.T.);
#11630 = VERTEX_POINT('',#11631);
#11631 = CARTESIAN_POINT('',(0.601040764009,1.208971230104,
    0.176040764009));
#11632 = CIRCLE('',#11633,2.192945427822);
#11633 = AXIS2_PLACEMENT_3D('',#11634,#11635,#11636);
#11634 = CARTESIAN_POINT('',(0.,-0.9,0.176040764009));
#11635 = DIRECTION('',(0.,0.,1.));
#11636 = DIRECTION('',(0.495143241528,0.868811354881,-0.));
#11637 = ORIENTED_EDGE('',*,*,#11638,.T.);
#11638 = EDGE_CURVE('',#11630,#11639,#11641,.T.);
#11639 = VERTEX_POINT('',#11640);
#11640 = CARTESIAN_POINT('',(0.176040764009,1.208971230104,
    0.601040764009));
#11641 = B_SPLINE_CURVE_WITH_KNOTS('',3,(#11642,#11643,#11644,#11645,
    #11646,#11647,#11648,#11649,#11650,#11651),.UNSPECIFIED.,.F.,.F.,(4,
    2,2,2,4),(6.854195240227E-02,8.481545634273E-02,0.101088960283,
    0.117362464224,0.133635968164),.UNSPECIFIED.);
#11642 = CARTESIAN_POINT('',(0.601040764009,1.208971230104,
    0.176040764009));
#11643 = CARTESIAN_POINT('',(0.548872948692,1.223838660787,
    0.176040764009));
#11644 = CARTESIAN_POINT('',(0.492327856508,1.236868729877,
    0.186280318287));
#11645 = CARTESIAN_POINT('',(0.387324068728,1.254224570175,
    0.229328609285));
#11646 = CARTESIAN_POINT('',(0.338877398638,1.258558546808,
    0.262163365371));
#11647 = CARTESIAN_POINT('',(0.262163365371,1.258558546808,
    0.338877398638));
#11648 = CARTESIAN_POINT('',(0.229328609285,1.254224570175,
    0.387324068728));
#11649 = CARTESIAN_POINT('',(0.186280318287,1.236868729877,
    0.492327856508));
#11650 = CARTESIAN_POINT('',(0.176040764009,1.223838660786,
    0.548872948692));
#11651 = CARTESIAN_POINT('',(0.176040764009,1.208971230104,
    0.601040764009));
#11652 = ORIENTED_EDGE('',*,*,#11653,.T.);
#11653 = EDGE_CURVE('',#11639,#11654,#11656,.T.);
#11654 = VERTEX_POINT('',#11655);
#11655 = CARTESIAN_POINT('',(0.176040764009,1.005255888326,
    1.085822107625));
#11656 = CIRCLE('',#11657,2.192945427822);
#11657 = AXIS2_PLACEMENT_3D('',#11658,#11659,#11660);
#11658 = CARTESIAN_POINT('',(0.176040764009,-0.9,0.));
#11659 = DIRECTION('',(1.,0.,0.));
#11660 = DIRECTION('',(-0.,0.961707119268,0.274079216192));
#11661 = ORIENTED_EDGE('',*,*,#11662,.T.);
#11662 = EDGE_CURVE('',#11654,#11663,#11665,.T.);
#11663 = VERTEX_POINT('',#11664);
#11664 = CARTESIAN_POINT('',(-0.176040764009,1.005255888326,
    1.085822107625));
#11665 = CIRCLE('',#11666,1.1);
#11666 = AXIS2_PLACEMENT_3D('',#11667,#11668,#11669);
#11667 = CARTESIAN_POINT('',(0.,1.005255888326,0.));
#11668 = DIRECTION('',(0.,-1.,0.));
#11669 = DIRECTION('',(0.16003705819,0.,0.987111006932));
#11670 = ORIENTED_EDGE('',*,*,#11671,.T.);
#11671 = EDGE_CURVE('',#11663,#11672,#11674,.T.);
#11672 = VERTEX_POINT('',#11673);
#11673 = CARTESIAN_POINT('',(-0.176040764009,1.208971230104,
    0.601040764009));
#11674 = CIRCLE('',#11675,2.192945427822);
#11675 = AXIS2_PLACEMENT_3D('',#11676,#11677,#11678);
#11676 = CARTESIAN_POINT('',(-0.176040764009,-0.9,0.));
#11677 = DIRECTION('',(-1.,0.,0.));
#11678 = DIRECTION('',(0.,0.868811354881,0.495143241528));
#11679 = ORIENTED_EDGE('',*,*,#11680,.T.);
#11680 = EDGE_CURVE('',#11672,#11681,#11683,.T.);
#11681 = VERTEX_POINT('',#11682);
#11682 = CARTESIAN_POINT('',(-0.601040764009,1.208971230104,
    0.176040764009));
#11683 = B_SPLINE_CURVE_WITH_KNOTS('',3,(#11684,#11685,#11686,#11687,
    #11688,#11689,#11690,#11691,#11692,#11693),.UNSPECIFIED.,.F.,.F.,(4,
    2,2,2,4),(-5.51E-15,1.627350394045E-02,3.254700788091E-02,
    4.882051182136E-02,6.509401576182E-02),.UNSPECIFIED.);
#11684 = CARTESIAN_POINT('',(-0.176040764009,1.208971230104,
    0.601040764009));
#11685 = CARTESIAN_POINT('',(-0.176040764009,1.223838660786,
    0.548872948692));
#11686 = CARTESIAN_POINT('',(-0.186280318287,1.236868729877,
    0.492327856508));
#11687 = CARTESIAN_POINT('',(-0.229328609285,1.254224570175,
    0.387324068728));
#11688 = CARTESIAN_POINT('',(-0.262163365371,1.258558546808,
    0.338877398638));
#11689 = CARTESIAN_POINT('',(-0.338877398638,1.258558546808,
    0.262163365371));
#11690 = CARTESIAN_POINT('',(-0.387324068728,1.254224570175,
    0.229328609285));
#11691 = CARTESIAN_POINT('',(-0.492327856508,1.236868729877,
    0.186280318287));
#11692 = CARTESIAN_POINT('',(-0.548872948692,1.223838660786,
    0.176040764009));
#11693 = CARTESIAN_POINT('',(-0.601040764009,1.208971230104,
    0.176040764009));
#11694 = ORIENTED_EDGE('',*,*,#11695,.T.);
#11695 = EDGE_CURVE('',#11681,#11696,#11698,.T.);
#11696 = VERTEX_POINT('',#11697);
#11697 = CARTESIAN_POINT('',(-1.085822107625,1.005255888326,
    0.176040764009));
#11698 = CIRCLE('',#11699,2.192945427822);
#11699 = AXIS2_PLACEMENT_3D('',#11700,#11701,#11702);
#11700 = CARTESIAN_POINT('',(0.,-0.9,0.176040764009));
#11701 = DIRECTION('',(0.,0.,1.));
#11702 = DIRECTION('',(-0.274079216192,0.961707119268,0.));
#11703 = ORIENTED_EDGE('',*,*,#11704,.T.);
#11704 = EDGE_CURVE('',#11696,#11705,#11707,.T.);
#11705 = VERTEX_POINT('',#11706);
#11706 = CARTESIAN_POINT('',(-1.085822107625,1.005255888326,
    -0.176040764009));
#11707 = CIRCLE('',#11708,1.1);
#11708 = AXIS2_PLACEMENT_3D('',#11709,#11710,#11711);
#11709 = CARTESIAN_POINT('',(0.,1.005255888326,0.));
#11710 = DIRECTION('',(0.,-1.,0.));
#11711 = DIRECTION('',(-1.,0.,0.));
#11712 = ORIENTED_EDGE('',*,*,#11713,.T.);
#11713 = EDGE_CURVE('',#11705,#11714,#11716,.T.);
#11714 = VERTEX_POINT('',#11715);
#11715 = CARTESIAN_POINT('',(-0.601040764009,1.208971230104,
    -0.176040764009));
#11716 = CIRCLE('',#11717,2.192945427822);
#11717 = AXIS2_PLACEMENT_3D('',#11718,#11719,#11720);
#11718 = CARTESIAN_POINT('',(0.,-0.9,-0.176040764009));
#11719 = DIRECTION('',(0.,0.,-1.));
#11720 = DIRECTION('',(-0.495143241528,0.868811354881,0.));
#11721 = ORIENTED_EDGE('',*,*,#11722,.T.);
#11722 = EDGE_CURVE('',#11714,#11723,#11725,.T.);
#11723 = VERTEX_POINT('',#11724);
#11724 = CARTESIAN_POINT('',(-0.176040764009,1.208971230104,
    -0.601040764009));
#11725 = B_SPLINE_CURVE_WITH_KNOTS('',3,(#11726,#11727,#11728,#11729,
    #11730,#11731,#11732,#11733,#11734,#11735),.UNSPECIFIED.,.F.,.F.,(4,
    2,2,2,4),(0.202544755209,0.218818259149,0.23509176309,0.25136526703,
    0.267638770971),.UNSPECIFIED.);
#11726 = CARTESIAN_POINT('',(-0.601040764009,1.208971230104,
    -0.176040764009));
#11727 = CARTESIAN_POINT('',(-0.548872948692,1.223838660787,
    -0.176040764009));
#11728 = CARTESIAN_POINT('',(-0.492327856508,1.236868729877,
    -0.186280318287));
#11729 = CARTESIAN_POINT('',(-0.387324068728,1.254224570175,
    -0.229328609285));
#11730 = CARTESIAN_POINT('',(-0.338877398638,1.258558546808,
    -0.262163365371));
#11731 = CARTESIAN_POINT('',(-0.262163365371,1.258558546808,
    -0.338877398638));
#11732 = CARTESIAN_POINT('',(-0.229328609285,1.254224570175,
    -0.387324068728));
#11733 = CARTESIAN_POINT('',(-0.186280318287,1.236868729877,
    -0.492327856508));
#11734 = CARTESIAN_POINT('',(-0.176040764009,1.223838660786,
    -0.548872948692));
#11735 = CARTESIAN_POINT('',(-0.176040764009,1.208971230104,
    -0.601040764009));
#11736 = ORIENTED_EDGE('',*,*,#11737,.T.);
#11737 = EDGE_CURVE('',#11723,#11738,#11740,.T.);
#11738 = VERTEX_POINT('',#11739);
#11739 = CARTESIAN_POINT('',(-0.176040764009,1.005255888326,
    -1.085822107625));
#11740 = CIRCLE('',#11741,2.192945427822);
#11741 = AXIS2_PLACEMENT_3D('',#11742,#11743,#11744);
#11742 = CARTESIAN_POINT('',(-0.176040764009,-0.9,0.));
#11743 = DIRECTION('',(-1.,0.,0.));
#11744 = DIRECTION('',(0.,0.961707119268,-0.274079216192));
#11745 = ORIENTED_EDGE('',*,*,#11746,.T.);
#11746 = EDGE_CURVE('',#11738,#11747,#11749,.T.);
#11747 = VERTEX_POINT('',#11748);
#11748 = CARTESIAN_POINT('',(0.176040764009,1.005255888326,
    -1.085822107625));
#11749 = CIRCLE('',#11750,1.1);
#11750 = AXIS2_PLACEMENT_3D('',#11751,#11752,#11753);
#11751 = CARTESIAN_POINT('',(0.,1.005255888326,0.));
#11752 = DIRECTION('',(0.,-1.,0.));
#11753 = DIRECTION('',(-0.16003705819,-0.,-0.987111006932));
#11754 = ORIENTED_EDGE('',*,*,#11755,.T.);
#11755 = EDGE_CURVE('',#11747,#11756,#11758,.T.);
#11756 = VERTEX_POINT('',#11757);
#11757 = CARTESIAN_POINT('',(0.176040764009,1.208971230104,
    -0.601040764009));
#11758 = CIRCLE('',#11759,2.192945427822);
#11759 = AXIS2_PLACEMENT_3D('',#11760,#11761,#11762);
#11760 = CARTESIAN_POINT('',(0.176040764009,-0.9,0.));
#11761 = DIRECTION('',(1.,0.,0.));
#11762 = DIRECTION('',(0.,0.868811354881,-0.495143241528));
#11763 = ORIENTED_EDGE('',*,*,#11764,.T.);
#11764 = EDGE_CURVE('',#11756,#11765,#11767,.T.);
#11765 = VERTEX_POINT('',#11766);
#11766 = CARTESIAN_POINT('',(0.601040764009,1.208971230104,
    -0.176040764009));
#11767 = B_SPLINE_CURVE_WITH_KNOTS('',3,(#11768,#11769,#11770,#11771,
    #11772,#11773,#11774,#11775,#11776,#11777),.UNSPECIFIED.,.F.,.F.,(4,
    2,2,2,4),(0.134002802807,0.150276306747,0.166549810688,
    0.182823314628,0.199096818568),.UNSPECIFIED.);
#11768 = CARTESIAN_POINT('',(0.176040764009,1.208971230104,
    -0.601040764009));
#11769 = CARTESIAN_POINT('',(0.176040764009,1.223838660787,
    -0.548872948692));
#11770 = CARTESIAN_POINT('',(0.186280318287,1.236868729877,
    -0.492327856508));
#11771 = CARTESIAN_POINT('',(0.229328609285,1.254224570175,
    -0.387324068728));
#11772 = CARTESIAN_POINT('',(0.262163365371,1.258558546808,
    -0.338877398638));
#11773 = CARTESIAN_POINT('',(0.338877398638,1.258558546808,
    -0.262163365371));
#11774 = CARTESIAN_POINT('',(0.387324068728,1.254224570175,
    -0.229328609285));
#11775 = CARTESIAN_POINT('',(0.492327856508,1.236868729877,
    -0.186280318287));
#11776 = CARTESIAN_POINT('',(0.548872948692,1.223838660786,
    -0.176040764009));
#11777 = CARTESIAN_POINT('',(0.601040764009,1.208971230104,
    -0.176040764009));
#11778 = ORIENTED_EDGE('',*,*,#11779,.T.);
#11779 = EDGE_CURVE('',#11765,#11780,#11782,.T.);
#11780 = VERTEX_POINT('',#11781);
#11781 = CARTESIAN_POINT('',(1.085822107625,1.005255888326,
    -0.176040764009));
#11782 = CIRCLE('',#11783,2.192945427822);
#11783 = AXIS2_PLACEMENT_3D('',#11784,#11785,#11786);
#11784 = CARTESIAN_POINT('',(0.,-0.9,-0.176040764009));
#11785 = DIRECTION('',(0.,0.,-1.));
#11786 = DIRECTION('',(0.274079216192,0.961707119268,0.));
#11787 = ORIENTED_EDGE('',*,*,#11788,.T.);
#11788 = EDGE_CURVE('',#11780,#11612,#11789,.T.);
#11789 = CIRCLE('',#11790,1.1);
#11790 = AXIS2_PLACEMENT_3D('',#11791,#11792,#11793);
#11791 = CARTESIAN_POINT('',(0.,1.005255888326,0.));
#11792 = DIRECTION('',(0.,-1.,0.));
#11793 = DIRECTION('',(1.,0.,0.));
#11794 = ORIENTED_EDGE('',*,*,#11611,.F.);
#11795 = SPHERICAL_SURFACE('',#11796,2.2);
#11796 = AXIS2_PLACEMENT_3D('',#11797,#11798,#11799);
#11797 = CARTESIAN_POINT('',(0.,-0.9,0.));
#11798 = DIRECTION('',(-6.E-17,-1.,0.));
#11799 = DIRECTION('',(-1.,6.E-17,0.));
#11800 = ADVANCED_FACE('',(#11801),#11827,.F.);
#11801 = FACE_BOUND('',#11802,.F.);
#11802 = EDGE_LOOP('',(#11803,#11811,#11820,#11826));
#11803 = ORIENTED_EDGE('',*,*,#11804,.F.);
#11804 = EDGE_CURVE('',#11805,#11705,#11807,.T.);
#11805 = VERTEX_POINT('',#11806);
#11806 = CARTESIAN_POINT('',(-1.085822107625,0.65,-0.176040764009));
#11807 = LINE('',#11808,#11809);
#11808 = CARTESIAN_POINT('',(-1.085822107625,0.65,-0.176040764009));
#11809 = VECTOR('',#11810,1.);
#11810 = DIRECTION('',(0.,1.,0.));
#11811 = ORIENTED_EDGE('',*,*,#11812,.F.);
#11812 = EDGE_CURVE('',#11813,#11805,#11815,.T.);
#11813 = VERTEX_POINT('',#11814);
#11814 = CARTESIAN_POINT('',(-1.085822107625,0.65,0.176040764009));
#11815 = CIRCLE('',#11816,1.1);
#11816 = AXIS2_PLACEMENT_3D('',#11817,#11818,#11819);
#11817 = CARTESIAN_POINT('',(0.,0.65,0.));
#11818 = DIRECTION('',(0.,-1.,0.));
#11819 = DIRECTION('',(-0.987111006932,0.,0.16003705819));
#11820 = ORIENTED_EDGE('',*,*,#11821,.T.);
#11821 = EDGE_CURVE('',#11813,#11696,#11822,.T.);
#11822 = LINE('',#11823,#11824);
#11823 = CARTESIAN_POINT('',(-1.085822107625,0.65,0.176040764009));
#11824 = VECTOR('',#11825,1.);
#11825 = DIRECTION('',(0.,1.,0.));
#11826 = ORIENTED_EDGE('',*,*,#11704,.T.);
#11827 = CYLINDRICAL_SURFACE('',#11828,1.1);
#11828 = AXIS2_PLACEMENT_3D('',#11829,#11830,#11831);
#11829 = CARTESIAN_POINT('',(0.,0.65,0.));
#11830 = DIRECTION('',(0.,-1.,0.));
#11831 = DIRECTION('',(-1.,0.,1.2E-16));
#11832 = ADVANCED_FACE('',(#11833),#11851,.F.);
#11833 = FACE_BOUND('',#11834,.T.);
#11834 = EDGE_LOOP('',(#11835,#11836,#11844,#11850));
#11835 = ORIENTED_EDGE('',*,*,#11695,.F.);
#11836 = ORIENTED_EDGE('',*,*,#11837,.F.);
#11837 = EDGE_CURVE('',#11838,#11681,#11840,.T.);
#11838 = VERTEX_POINT('',#11839);
#11839 = CARTESIAN_POINT('',(-0.601040764009,0.65,0.176040764009));
#11840 = LINE('',#11841,#11842);
#11841 = CARTESIAN_POINT('',(-0.601040764009,0.65,0.176040764009));
#11842 = VECTOR('',#11843,1.);
#11843 = DIRECTION('',(0.,1.,0.));
#11844 = ORIENTED_EDGE('',*,*,#11845,.T.);
#11845 = EDGE_CURVE('',#11838,#11813,#11846,.T.);
#11846 = LINE('',#11847,#11848);
#11847 = CARTESIAN_POINT('',(-0.601040764009,0.65,0.176040764009));
#11848 = VECTOR('',#11849,1.);
#11849 = DIRECTION('',(-1.,0.,0.));
#11850 = ORIENTED_EDGE('',*,*,#11821,.T.);
#11851 = PLANE('',#11852);
#11852 = AXIS2_PLACEMENT_3D('',#11853,#11854,#11855);
#11853 = CARTESIAN_POINT('',(-0.601040764009,0.65,0.176040764009));
#11854 = DIRECTION('',(0.,0.,1.));
#11855 = DIRECTION('',(-1.,0.,0.));
#11856 = ADVANCED_FACE('',(#11857),#11978,.F.);
#11857 = FACE_BOUND('',#11858,.T.);
#11858 = EDGE_LOOP('',(#11859,#11860,#11869,#11877,#11886,#11894,#11903,
    #11911,#11920,#11928,#11937,#11945,#11954,#11962,#11971,#11977));
#11859 = ORIENTED_EDGE('',*,*,#11845,.F.);
#11860 = ORIENTED_EDGE('',*,*,#11861,.F.);
#11861 = EDGE_CURVE('',#11862,#11838,#11864,.T.);
#11862 = VERTEX_POINT('',#11863);
#11863 = CARTESIAN_POINT('',(-0.176040764009,0.65,0.601040764009));
#11864 = CIRCLE('',#11865,0.425);
#11865 = AXIS2_PLACEMENT_3D('',#11866,#11867,#11868);
#11866 = CARTESIAN_POINT('',(-0.601040764009,0.65,0.601040764009));
#11867 = DIRECTION('',(-0.,1.,0.));
#11868 = DIRECTION('',(1.,0.,0.));
#11869 = ORIENTED_EDGE('',*,*,#11870,.F.);
#11870 = EDGE_CURVE('',#11871,#11862,#11873,.T.);
#11871 = VERTEX_POINT('',#11872);
#11872 = CARTESIAN_POINT('',(-0.176040764009,0.65,1.085822107625));
#11873 = LINE('',#11874,#11875);
#11874 = CARTESIAN_POINT('',(-0.176040764009,0.65,1.085822107625));
#11875 = VECTOR('',#11876,1.);
#11876 = DIRECTION('',(0.,0.,-1.));
#11877 = ORIENTED_EDGE('',*,*,#11878,.F.);
#11878 = EDGE_CURVE('',#11879,#11871,#11881,.T.);
#11879 = VERTEX_POINT('',#11880);
#11880 = CARTESIAN_POINT('',(0.176040764009,0.65,1.085822107625));
#11881 = CIRCLE('',#11882,1.1);
#11882 = AXIS2_PLACEMENT_3D('',#11883,#11884,#11885);
#11883 = CARTESIAN_POINT('',(0.,0.65,0.));
#11884 = DIRECTION('',(0.,-1.,0.));
#11885 = DIRECTION('',(0.16003705819,0.,0.987111006932));
#11886 = ORIENTED_EDGE('',*,*,#11887,.F.);
#11887 = EDGE_CURVE('',#11888,#11879,#11890,.T.);
#11888 = VERTEX_POINT('',#11889);
#11889 = CARTESIAN_POINT('',(0.176040764009,0.65,0.601040764009));
#11890 = LINE('',#11891,#11892);
#11891 = CARTESIAN_POINT('',(0.176040764009,0.65,0.601040764009));
#11892 = VECTOR('',#11893,1.);
#11893 = DIRECTION('',(0.,0.,1.));
#11894 = ORIENTED_EDGE('',*,*,#11895,.F.);
#11895 = EDGE_CURVE('',#11896,#11888,#11898,.T.);
#11896 = VERTEX_POINT('',#11897);
#11897 = CARTESIAN_POINT('',(0.601040764009,0.65,0.176040764009));
#11898 = CIRCLE('',#11899,0.425);
#11899 = AXIS2_PLACEMENT_3D('',#11900,#11901,#11902);
#11900 = CARTESIAN_POINT('',(0.601040764009,0.65,0.601040764009));
#11901 = DIRECTION('',(0.,1.,0.));
#11902 = DIRECTION('',(0.,0.,-1.));
#11903 = ORIENTED_EDGE('',*,*,#11904,.F.);
#11904 = EDGE_CURVE('',#11905,#11896,#11907,.T.);
#11905 = VERTEX_POINT('',#11906);
#11906 = CARTESIAN_POINT('',(1.085822107625,0.65,0.176040764009));
#11907 = LINE('',#11908,#11909);
#11908 = CARTESIAN_POINT('',(1.085822107625,0.65,0.176040764009));
#11909 = VECTOR('',#11910,1.);
#11910 = DIRECTION('',(-1.,0.,0.));
#11911 = ORIENTED_EDGE('',*,*,#11912,.F.);
#11912 = EDGE_CURVE('',#11913,#11905,#11915,.T.);
#11913 = VERTEX_POINT('',#11914);
#11914 = CARTESIAN_POINT('',(1.085822107625,0.65,-0.176040764009));
#11915 = CIRCLE('',#11916,1.1);
#11916 = AXIS2_PLACEMENT_3D('',#11917,#11918,#11919);
#11917 = CARTESIAN_POINT('',(0.,0.65,0.));
#11918 = DIRECTION('',(0.,-1.,0.));
#11919 = DIRECTION('',(0.987111006932,0.,-0.16003705819));
#11920 = ORIENTED_EDGE('',*,*,#11921,.F.);
#11921 = EDGE_CURVE('',#11922,#11913,#11924,.T.);
#11922 = VERTEX_POINT('',#11923);
#11923 = CARTESIAN_POINT('',(0.601040764009,0.65,-0.176040764009));
#11924 = LINE('',#11925,#11926);
#11925 = CARTESIAN_POINT('',(0.601040764009,0.65,-0.176040764009));
#11926 = VECTOR('',#11927,1.);
#11927 = DIRECTION('',(1.,0.,0.));
#11928 = ORIENTED_EDGE('',*,*,#11929,.F.);
#11929 = EDGE_CURVE('',#11930,#11922,#11932,.T.);
#11930 = VERTEX_POINT('',#11931);
#11931 = CARTESIAN_POINT('',(0.176040764009,0.65,-0.601040764009));
#11932 = CIRCLE('',#11933,0.425);
#11933 = AXIS2_PLACEMENT_3D('',#11934,#11935,#11936);
#11934 = CARTESIAN_POINT('',(0.601040764009,0.65,-0.601040764009));
#11935 = DIRECTION('',(0.,1.,0.));
#11936 = DIRECTION('',(-1.,0.,0.));
#11937 = ORIENTED_EDGE('',*,*,#11938,.F.);
#11938 = EDGE_CURVE('',#11939,#11930,#11941,.T.);
#11939 = VERTEX_POINT('',#11940);
#11940 = CARTESIAN_POINT('',(0.176040764009,0.65,-1.085822107625));
#11941 = LINE('',#11942,#11943);
#11942 = CARTESIAN_POINT('',(0.176040764009,0.65,-1.085822107625));
#11943 = VECTOR('',#11944,1.);
#11944 = DIRECTION('',(0.,0.,1.));
#11945 = ORIENTED_EDGE('',*,*,#11946,.F.);
#11946 = EDGE_CURVE('',#11947,#11939,#11949,.T.);
#11947 = VERTEX_POINT('',#11948);
#11948 = CARTESIAN_POINT('',(-0.176040764009,0.65,-1.085822107625));
#11949 = CIRCLE('',#11950,1.1);
#11950 = AXIS2_PLACEMENT_3D('',#11951,#11952,#11953);
#11951 = CARTESIAN_POINT('',(0.,0.65,0.));
#11952 = DIRECTION('',(0.,-1.,0.));
#11953 = DIRECTION('',(-0.16003705819,-0.,-0.987111006932));
#11954 = ORIENTED_EDGE('',*,*,#11955,.F.);
#11955 = EDGE_CURVE('',#11956,#11947,#11958,.T.);
#11956 = VERTEX_POINT('',#11957);
#11957 = CARTESIAN_POINT('',(-0.176040764009,0.65,-0.601040764009));
#11958 = LINE('',#11959,#11960);
#11959 = CARTESIAN_POINT('',(-0.176040764009,0.65,-0.601040764009));
#11960 = VECTOR('',#11961,1.);
#11961 = DIRECTION('',(0.,0.,-1.));
#11962 = ORIENTED_EDGE('',*,*,#11963,.F.);
#11963 = EDGE_CURVE('',#11964,#11956,#11966,.T.);
#11964 = VERTEX_POINT('',#11965);
#11965 = CARTESIAN_POINT('',(-0.601040764009,0.65,-0.176040764009));
#11966 = CIRCLE('',#11967,0.425);
#11967 = AXIS2_PLACEMENT_3D('',#11968,#11969,#11970);
#11968 = CARTESIAN_POINT('',(-0.601040764009,0.65,-0.601040764009));
#11969 = DIRECTION('',(0.,1.,0.));
#11970 = DIRECTION('',(0.,-0.,1.));
#11971 = ORIENTED_EDGE('',*,*,#11972,.F.);
#11972 = EDGE_CURVE('',#11805,#11964,#11973,.T.);
#11973 = LINE('',#11974,#11975);
#11974 = CARTESIAN_POINT('',(-1.085822107625,0.65,-0.176040764009));
#11975 = VECTOR('',#11976,1.);
#11976 = DIRECTION('',(1.,0.,0.));
#11977 = ORIENTED_EDGE('',*,*,#11812,.F.);
#11978 = PLANE('',#11979);
#11979 = AXIS2_PLACEMENT_3D('',#11980,#11981,#11982);
#11980 = CARTESIAN_POINT('',(0.,0.65,0.));
#11981 = DIRECTION('',(0.,-1.,0.));
#11982 = DIRECTION('',(1.,0.,0.));
#11983 = ADVANCED_FACE('',(#11984),#11995,.F.);
#11984 = FACE_BOUND('',#11985,.T.);
#11985 = EDGE_LOOP('',(#11986,#11987,#11988,#11989));
#11986 = ORIENTED_EDGE('',*,*,#11713,.F.);
#11987 = ORIENTED_EDGE('',*,*,#11804,.F.);
#11988 = ORIENTED_EDGE('',*,*,#11972,.T.);
#11989 = ORIENTED_EDGE('',*,*,#11990,.T.);
#11990 = EDGE_CURVE('',#11964,#11714,#11991,.T.);
#11991 = LINE('',#11992,#11993);
#11992 = CARTESIAN_POINT('',(-0.601040764009,0.65,-0.176040764009));
#11993 = VECTOR('',#11994,1.);
#11994 = DIRECTION('',(0.,1.,0.));
#11995 = PLANE('',#11996);
#11996 = AXIS2_PLACEMENT_3D('',#11997,#11998,#11999);
#11997 = CARTESIAN_POINT('',(-1.085822107625,0.65,-0.176040764009));
#11998 = DIRECTION('',(0.,0.,-1.));
#11999 = DIRECTION('',(1.,0.,0.));
#12000 = ADVANCED_FACE('',(#12001),#12012,.T.);
#12001 = FACE_BOUND('',#12002,.T.);
#12002 = EDGE_LOOP('',(#12003,#12004,#12005,#12006));
#12003 = ORIENTED_EDGE('',*,*,#11722,.F.);
#12004 = ORIENTED_EDGE('',*,*,#11990,.F.);
#12005 = ORIENTED_EDGE('',*,*,#11963,.T.);
#12006 = ORIENTED_EDGE('',*,*,#12007,.T.);
#12007 = EDGE_CURVE('',#11956,#11723,#12008,.T.);
#12008 = LINE('',#12009,#12010);
#12009 = CARTESIAN_POINT('',(-0.176040764009,0.65,-0.601040764009));
#12010 = VECTOR('',#12011,1.);
#12011 = DIRECTION('',(0.,1.,0.));
#12012 = CYLINDRICAL_SURFACE('',#12013,0.425);
#12013 = AXIS2_PLACEMENT_3D('',#12014,#12015,#12016);
#12014 = CARTESIAN_POINT('',(-0.601040764009,0.65,-0.601040764009));
#12015 = DIRECTION('',(0.,-1.,0.));
#12016 = DIRECTION('',(1.,0.,0.));
#12017 = ADVANCED_FACE('',(#12018),#12029,.F.);
#12018 = FACE_BOUND('',#12019,.T.);
#12019 = EDGE_LOOP('',(#12020,#12021,#12022,#12023));
#12020 = ORIENTED_EDGE('',*,*,#11737,.F.);
#12021 = ORIENTED_EDGE('',*,*,#12007,.F.);
#12022 = ORIENTED_EDGE('',*,*,#11955,.T.);
#12023 = ORIENTED_EDGE('',*,*,#12024,.T.);
#12024 = EDGE_CURVE('',#11947,#11738,#12025,.T.);
#12025 = LINE('',#12026,#12027);
#12026 = CARTESIAN_POINT('',(-0.176040764009,0.65,-1.085822107625));
#12027 = VECTOR('',#12028,1.);
#12028 = DIRECTION('',(0.,1.,0.));
#12029 = PLANE('',#12030);
#12030 = AXIS2_PLACEMENT_3D('',#12031,#12032,#12033);
#12031 = CARTESIAN_POINT('',(-0.176040764009,0.65,-0.601040764009));
#12032 = DIRECTION('',(-1.,0.,0.));
#12033 = DIRECTION('',(0.,0.,-1.));
#12034 = ADVANCED_FACE('',(#12035),#12046,.F.);
#12035 = FACE_BOUND('',#12036,.F.);
#12036 = EDGE_LOOP('',(#12037,#12043,#12044,#12045));
#12037 = ORIENTED_EDGE('',*,*,#12038,.F.);
#12038 = EDGE_CURVE('',#11939,#11747,#12039,.T.);
#12039 = LINE('',#12040,#12041);
#12040 = CARTESIAN_POINT('',(0.176040764009,0.65,-1.085822107625));
#12041 = VECTOR('',#12042,1.);
#12042 = DIRECTION('',(0.,1.,0.));
#12043 = ORIENTED_EDGE('',*,*,#11946,.F.);
#12044 = ORIENTED_EDGE('',*,*,#12024,.T.);
#12045 = ORIENTED_EDGE('',*,*,#11746,.T.);
#12046 = CYLINDRICAL_SURFACE('',#12047,1.1);
#12047 = AXIS2_PLACEMENT_3D('',#12048,#12049,#12050);
#12048 = CARTESIAN_POINT('',(0.,0.65,0.));
#12049 = DIRECTION('',(0.,-1.,0.));
#12050 = DIRECTION('',(1.,0.,0.));
#12051 = ADVANCED_FACE('',(#12052),#12063,.F.);
#12052 = FACE_BOUND('',#12053,.T.);
#12053 = EDGE_LOOP('',(#12054,#12055,#12056,#12057));
#12054 = ORIENTED_EDGE('',*,*,#11755,.F.);
#12055 = ORIENTED_EDGE('',*,*,#12038,.F.);
#12056 = ORIENTED_EDGE('',*,*,#11938,.T.);
#12057 = ORIENTED_EDGE('',*,*,#12058,.T.);
#12058 = EDGE_CURVE('',#11930,#11756,#12059,.T.);
#12059 = LINE('',#12060,#12061);
#12060 = CARTESIAN_POINT('',(0.176040764009,0.65,-0.601040764009));
#12061 = VECTOR('',#12062,1.);
#12062 = DIRECTION('',(0.,1.,0.));
#12063 = PLANE('',#12064);
#12064 = AXIS2_PLACEMENT_3D('',#12065,#12066,#12067);
#12065 = CARTESIAN_POINT('',(0.176040764009,0.65,-1.085822107625));
#12066 = DIRECTION('',(1.,0.,0.));
#12067 = DIRECTION('',(0.,0.,1.));
#12068 = ADVANCED_FACE('',(#12069),#12080,.T.);
#12069 = FACE_BOUND('',#12070,.T.);
#12070 = EDGE_LOOP('',(#12071,#12072,#12073,#12074));
#12071 = ORIENTED_EDGE('',*,*,#11764,.F.);
#12072 = ORIENTED_EDGE('',*,*,#12058,.F.);
#12073 = ORIENTED_EDGE('',*,*,#11929,.T.);
#12074 = ORIENTED_EDGE('',*,*,#12075,.T.);
#12075 = EDGE_CURVE('',#11922,#11765,#12076,.T.);
#12076 = LINE('',#12077,#12078);
#12077 = CARTESIAN_POINT('',(0.601040764009,0.65,-0.176040764009));
#12078 = VECTOR('',#12079,1.);
#12079 = DIRECTION('',(0.,1.,0.));
#12080 = CYLINDRICAL_SURFACE('',#12081,0.425);
#12081 = AXIS2_PLACEMENT_3D('',#12082,#12083,#12084);
#12082 = CARTESIAN_POINT('',(0.601040764009,0.65,-0.601040764009));
#12083 = DIRECTION('',(0.,-1.,0.));
#12084 = DIRECTION('',(1.,0.,0.));
#12085 = ADVANCED_FACE('',(#12086),#12097,.F.);
#12086 = FACE_BOUND('',#12087,.T.);
#12087 = EDGE_LOOP('',(#12088,#12089,#12090,#12091));
#12088 = ORIENTED_EDGE('',*,*,#11779,.F.);
#12089 = ORIENTED_EDGE('',*,*,#12075,.F.);
#12090 = ORIENTED_EDGE('',*,*,#11921,.T.);
#12091 = ORIENTED_EDGE('',*,*,#12092,.T.);
#12092 = EDGE_CURVE('',#11913,#11780,#12093,.T.);
#12093 = LINE('',#12094,#12095);
#12094 = CARTESIAN_POINT('',(1.085822107625,0.65,-0.176040764009));
#12095 = VECTOR('',#12096,1.);
#12096 = DIRECTION('',(0.,1.,0.));
#12097 = PLANE('',#12098);
#12098 = AXIS2_PLACEMENT_3D('',#12099,#12100,#12101);
#12099 = CARTESIAN_POINT('',(0.601040764009,0.65,-0.176040764009));
#12100 = DIRECTION('',(0.,0.,-1.));
#12101 = DIRECTION('',(1.,0.,0.));
#12102 = ADVANCED_FACE('',(#12103),#12115,.F.);
#12103 = FACE_BOUND('',#12104,.F.);
#12104 = EDGE_LOOP('',(#12105,#12106,#12112,#12113,#12114));
#12105 = ORIENTED_EDGE('',*,*,#11620,.T.);
#12106 = ORIENTED_EDGE('',*,*,#12107,.F.);
#12107 = EDGE_CURVE('',#11905,#11621,#12108,.T.);
#12108 = LINE('',#12109,#12110);
#12109 = CARTESIAN_POINT('',(1.085822107625,0.65,0.176040764009));
#12110 = VECTOR('',#12111,1.);
#12111 = DIRECTION('',(0.,1.,0.));
#12112 = ORIENTED_EDGE('',*,*,#11912,.F.);
#12113 = ORIENTED_EDGE('',*,*,#12092,.T.);
#12114 = ORIENTED_EDGE('',*,*,#11788,.T.);
#12115 = CYLINDRICAL_SURFACE('',#12116,1.1);
#12116 = AXIS2_PLACEMENT_3D('',#12117,#12118,#12119);
#12117 = CARTESIAN_POINT('',(0.,0.65,0.));
#12118 = DIRECTION('',(0.,-1.,0.));
#12119 = DIRECTION('',(1.,0.,0.));
#12120 = ADVANCED_FACE('',(#12121),#12132,.F.);
#12121 = FACE_BOUND('',#12122,.T.);
#12122 = EDGE_LOOP('',(#12123,#12124,#12125,#12126));
#12123 = ORIENTED_EDGE('',*,*,#11629,.F.);
#12124 = ORIENTED_EDGE('',*,*,#12107,.F.);
#12125 = ORIENTED_EDGE('',*,*,#11904,.T.);
#12126 = ORIENTED_EDGE('',*,*,#12127,.T.);
#12127 = EDGE_CURVE('',#11896,#11630,#12128,.T.);
#12128 = LINE('',#12129,#12130);
#12129 = CARTESIAN_POINT('',(0.601040764009,0.65,0.176040764009));
#12130 = VECTOR('',#12131,1.);
#12131 = DIRECTION('',(0.,1.,0.));
#12132 = PLANE('',#12133);
#12133 = AXIS2_PLACEMENT_3D('',#12134,#12135,#12136);
#12134 = CARTESIAN_POINT('',(1.085822107625,0.65,0.176040764009));
#12135 = DIRECTION('',(0.,0.,1.));
#12136 = DIRECTION('',(-1.,0.,0.));
#12137 = ADVANCED_FACE('',(#12138),#12149,.T.);
#12138 = FACE_BOUND('',#12139,.T.);
#12139 = EDGE_LOOP('',(#12140,#12141,#12142,#12143));
#12140 = ORIENTED_EDGE('',*,*,#11638,.F.);
#12141 = ORIENTED_EDGE('',*,*,#12127,.F.);
#12142 = ORIENTED_EDGE('',*,*,#11895,.T.);
#12143 = ORIENTED_EDGE('',*,*,#12144,.T.);
#12144 = EDGE_CURVE('',#11888,#11639,#12145,.T.);
#12145 = LINE('',#12146,#12147);
#12146 = CARTESIAN_POINT('',(0.176040764009,0.65,0.601040764009));
#12147 = VECTOR('',#12148,1.);
#12148 = DIRECTION('',(0.,1.,0.));
#12149 = CYLINDRICAL_SURFACE('',#12150,0.425);
#12150 = AXIS2_PLACEMENT_3D('',#12151,#12152,#12153);
#12151 = CARTESIAN_POINT('',(0.601040764009,0.65,0.601040764009));
#12152 = DIRECTION('',(0.,-1.,0.));
#12153 = DIRECTION('',(1.,0.,0.));
#12154 = ADVANCED_FACE('',(#12155),#12166,.F.);
#12155 = FACE_BOUND('',#12156,.T.);
#12156 = EDGE_LOOP('',(#12157,#12158,#12159,#12160));
#12157 = ORIENTED_EDGE('',*,*,#11653,.F.);
#12158 = ORIENTED_EDGE('',*,*,#12144,.F.);
#12159 = ORIENTED_EDGE('',*,*,#11887,.T.);
#12160 = ORIENTED_EDGE('',*,*,#12161,.T.);
#12161 = EDGE_CURVE('',#11879,#11654,#12162,.T.);
#12162 = LINE('',#12163,#12164);
#12163 = CARTESIAN_POINT('',(0.176040764009,0.65,1.085822107625));
#12164 = VECTOR('',#12165,1.);
#12165 = DIRECTION('',(0.,1.,0.));
#12166 = PLANE('',#12167);
#12167 = AXIS2_PLACEMENT_3D('',#12168,#12169,#12170);
#12168 = CARTESIAN_POINT('',(0.176040764009,0.65,0.601040764009));
#12169 = DIRECTION('',(1.,0.,0.));
#12170 = DIRECTION('',(0.,0.,1.));
#12171 = ADVANCED_FACE('',(#12172),#12183,.F.);
#12172 = FACE_BOUND('',#12173,.F.);
#12173 = EDGE_LOOP('',(#12174,#12180,#12181,#12182));
#12174 = ORIENTED_EDGE('',*,*,#12175,.F.);
#12175 = EDGE_CURVE('',#11871,#11663,#12176,.T.);
#12176 = LINE('',#12177,#12178);
#12177 = CARTESIAN_POINT('',(-0.176040764009,0.65,1.085822107625));
#12178 = VECTOR('',#12179,1.);
#12179 = DIRECTION('',(0.,1.,0.));
#12180 = ORIENTED_EDGE('',*,*,#11878,.F.);
#12181 = ORIENTED_EDGE('',*,*,#12161,.T.);
#12182 = ORIENTED_EDGE('',*,*,#11662,.T.);
#12183 = CYLINDRICAL_SURFACE('',#12184,1.1);
#12184 = AXIS2_PLACEMENT_3D('',#12185,#12186,#12187);
#12185 = CARTESIAN_POINT('',(0.,0.65,0.));
#12186 = DIRECTION('',(0.,-1.,0.));
#12187 = DIRECTION('',(1.,0.,0.));
#12188 = ADVANCED_FACE('',(#12189),#12200,.F.);
#12189 = FACE_BOUND('',#12190,.T.);
#12190 = EDGE_LOOP('',(#12191,#12192,#12193,#12194));
#12191 = ORIENTED_EDGE('',*,*,#11671,.F.);
#12192 = ORIENTED_EDGE('',*,*,#12175,.F.);
#12193 = ORIENTED_EDGE('',*,*,#11870,.T.);
#12194 = ORIENTED_EDGE('',*,*,#12195,.T.);
#12195 = EDGE_CURVE('',#11862,#11672,#12196,.T.);
#12196 = LINE('',#12197,#12198);
#12197 = CARTESIAN_POINT('',(-0.176040764009,0.65,0.601040764009));
#12198 = VECTOR('',#12199,1.);
#12199 = DIRECTION('',(0.,1.,0.));
#12200 = PLANE('',#12201);
#12201 = AXIS2_PLACEMENT_3D('',#12202,#12203,#12204);
#12202 = CARTESIAN_POINT('',(-0.176040764009,0.65,1.085822107625));
#12203 = DIRECTION('',(-1.,0.,0.));
#12204 = DIRECTION('',(0.,0.,-1.));
#12205 = ADVANCED_FACE('',(#12206),#12212,.T.);
#12206 = FACE_BOUND('',#12207,.T.);
#12207 = EDGE_LOOP('',(#12208,#12209,#12210,#12211));
#12208 = ORIENTED_EDGE('',*,*,#11680,.F.);
#12209 = ORIENTED_EDGE('',*,*,#12195,.F.);
#12210 = ORIENTED_EDGE('',*,*,#11861,.T.);
#12211 = ORIENTED_EDGE('',*,*,#11837,.T.);
#12212 = CYLINDRICAL_SURFACE('',#12213,0.425);
#12213 = AXIS2_PLACEMENT_3D('',#12214,#12215,#12216);
#12214 = CARTESIAN_POINT('',(-0.601040764009,0.65,0.601040764009));
#12215 = DIRECTION('',(0.,-1.,0.));
#12216 = DIRECTION('',(1.,0.,0.));
#12217 = ( GEOMETRIC_REPRESENTATION_CONTEXT(3) 
GLOBAL_UNCERTAINTY_ASSIGNED_CONTEXT((#12221)) 
GLOBAL_UNIT_ASSIGNED_CONTEXT((#12218,#12219,#12220)) 
REPRESENTATION_CONTEXT('Context #1',
  '3D Context with UNIT and UNCERTAINTY') );
#12218 = ( LENGTH_UNIT() NAMED_UNIT(*) SI_UNIT(.MILLI.,.METRE.) );
#12219 = ( NAMED_UNIT(*) PLANE_ANGLE_UNIT() SI_UNIT($,.RADIAN.) );
#12220 = ( NAMED_UNIT(*) SI_UNIT($,.STERADIAN.) SOLID_ANGLE_UNIT() );
#12221 = UNCERTAINTY_MEASURE_WITH_UNIT(LENGTH_MEASURE(2.E-05),#12218,
  'distance_accuracy_value','confusion accuracy');
#12222 = CONTEXT_DEPENDENT_SHAPE_REPRESENTATION(#12223,#12225);
#12223 = ( REPRESENTATION_RELATIONSHIP('','',#11435,#11334) 
REPRESENTATION_RELATIONSHIP_WITH_TRANSFORMATION(#12224) 
SHAPE_REPRESENTATION_RELATIONSHIP() );
#12224 = ITEM_DEFINED_TRANSFORMATION('','',#11,#11339);
#12225 = PRODUCT_DEFINITION_SHAPE('Placement','Placement of an item',
  #12226);
#12226 = NEXT_ASSEMBLY_USAGE_OCCURRENCE('10','SOLID061','',#11329,#11430
  ,$);
#12227 = PRODUCT_RELATED_PRODUCT_CATEGORY('part',$,(#11432));
#12228 = SHAPE_DEFINITION_REPRESENTATION(#12229,#12235);
#12229 = PRODUCT_DEFINITION_SHAPE('','',#12230);
#12230 = PRODUCT_DEFINITION('design','',#12231,#12234);
#12231 = PRODUCT_DEFINITION_FORMATION('','',#12232);
#12232 = PRODUCT('PHS_1_7X20_5_DC060','PHS_1_7X20_5_DC060','',(#12233));
#12233 = PRODUCT_CONTEXT('',#2,'mechanical');
#12234 = PRODUCT_DEFINITION_CONTEXT('part definition',#2,'design');
#12235 = SHAPE_REPRESENTATION('',(#11,#12236,#12240),#12244);
#12236 = AXIS2_PLACEMENT_3D('',#12237,#12238,#12239);
#12237 = CARTESIAN_POINT('',(0.,0.,0.));
#12238 = DIRECTION('',(0.,0.,1.));
#12239 = DIRECTION('',(1.,0.,0.));
#12240 = AXIS2_PLACEMENT_3D('',#12241,#12242,#12243);
#12241 = CARTESIAN_POINT('',(0.,0.,0.));
#12242 = DIRECTION('',(0.,0.,1.));
#12243 = DIRECTION('',(1.,0.,0.));
#12244 = ( GEOMETRIC_REPRESENTATION_CONTEXT(3) 
GLOBAL_UNCERTAINTY_ASSIGNED_CONTEXT((#12248)) 
GLOBAL_UNIT_ASSIGNED_CONTEXT((#12245,#12246,#12247)) 
REPRESENTATION_CONTEXT('Context #1',
  '3D Context with UNIT and UNCERTAINTY') );
#12245 = ( LENGTH_UNIT() NAMED_UNIT(*) SI_UNIT(.MILLI.,.METRE.) );
#12246 = ( NAMED_UNIT(*) PLANE_ANGLE_UNIT() SI_UNIT($,.RADIAN.) );
#12247 = ( NAMED_UNIT(*) SI_UNIT($,.STERADIAN.) SOLID_ANGLE_UNIT() );
#12248 = UNCERTAINTY_MEASURE_WITH_UNIT(LENGTH_MEASURE(2.E-05),#12245,
  'distance_accuracy_value','confusion accuracy');
#12249 = CONTEXT_DEPENDENT_SHAPE_REPRESENTATION(#12250,#12252);
#12250 = ( REPRESENTATION_RELATIONSHIP('','',#12235,#10) 
REPRESENTATION_RELATIONSHIP_WITH_TRANSFORMATION(#12251) 
SHAPE_REPRESENTATION_RELATIONSHIP() );
#12251 = ITEM_DEFINED_TRANSFORMATION('','',#11,#43);
#12252 = PRODUCT_DEFINITION_SHAPE('Placement','Placement of an item',
  #12253);
#12253 = NEXT_ASSEMBLY_USAGE_OCCURRENCE('14','PHS_1_7X20_5_DC060','',#5,
  #12230,$);
#12254 = PRODUCT_RELATED_PRODUCT_CATEGORY('part',$,(#12232));
#12255 = SHAPE_DEFINITION_REPRESENTATION(#12256,#12262);
#12256 = PRODUCT_DEFINITION_SHAPE('','',#12257);
#12257 = PRODUCT_DEFINITION('design','',#12258,#12261);
#12258 = PRODUCT_DEFINITION_FORMATION('','',#12259);
#12259 = PRODUCT('SHELL062','SHELL062','',(#12260));
#12260 = PRODUCT_CONTEXT('',#2,'mechanical');
#12261 = PRODUCT_DEFINITION_CONTEXT('part definition',#2,'design');
#12262 = MANIFOLD_SURFACE_SHAPE_REPRESENTATION('',(#11,#12263),#12318);
#12263 = SHELL_BASED_SURFACE_MODEL('',(#12264));
#12264 = OPEN_SHELL('',(#12265,#12298));
#12265 = ADVANCED_FACE('',(#12266),#12293,.T.);
#12266 = FACE_BOUND('',#12267,.T.);
#12267 = EDGE_LOOP('',(#12268,#12277,#12285,#12292));
#12268 = ORIENTED_EDGE('',*,*,#12269,.F.);
#12269 = EDGE_CURVE('',#12270,#12270,#12272,.T.);
#12270 = VERTEX_POINT('',#12271);
#12271 = CARTESIAN_POINT('',(-0.7,-20.5,-0.));
#12272 = CIRCLE('',#12273,0.7);
#12273 = AXIS2_PLACEMENT_3D('',#12274,#12275,#12276);
#12274 = CARTESIAN_POINT('',(0.,-20.5,0.));
#12275 = DIRECTION('',(0.,-1.,0.));
#12276 = DIRECTION('',(-1.,0.,0.));
#12277 = ORIENTED_EDGE('',*,*,#12278,.T.);
#12278 = EDGE_CURVE('',#12270,#12279,#12281,.T.);
#12279 = VERTEX_POINT('',#12280);
#12280 = CARTESIAN_POINT('',(-0.7,-16.5,-0.));
#12281 = LINE('',#12282,#12283);
#12282 = CARTESIAN_POINT('',(-0.7,-20.5,-9.E-17));
#12283 = VECTOR('',#12284,1.);
#12284 = DIRECTION('',(0.,1.,0.));
#12285 = ORIENTED_EDGE('',*,*,#12286,.F.);
#12286 = EDGE_CURVE('',#12279,#12279,#12287,.T.);
#12287 = CIRCLE('',#12288,0.7);
#12288 = AXIS2_PLACEMENT_3D('',#12289,#12290,#12291);
#12289 = CARTESIAN_POINT('',(0.,-16.5,0.));
#12290 = DIRECTION('',(-0.,1.,0.));
#12291 = DIRECTION('',(1.,0.,0.));
#12292 = ORIENTED_EDGE('',*,*,#12278,.F.);
#12293 = CYLINDRICAL_SURFACE('',#12294,0.7);
#12294 = AXIS2_PLACEMENT_3D('',#12295,#12296,#12297);
#12295 = CARTESIAN_POINT('',(0.,-20.5,0.));
#12296 = DIRECTION('',(0.,-1.,0.));
#12297 = DIRECTION('',(1.,0.,0.));
#12298 = ADVANCED_FACE('',(#12299,#12310),#12313,.T.);
#12299 = FACE_BOUND('',#12300,.T.);
#12300 = EDGE_LOOP('',(#12301));
#12301 = ORIENTED_EDGE('',*,*,#12302,.F.);
#12302 = EDGE_CURVE('',#12303,#12303,#12305,.T.);
#12303 = VERTEX_POINT('',#12304);
#12304 = CARTESIAN_POINT('',(0.85,-16.5,0.));
#12305 = CIRCLE('',#12306,0.85);
#12306 = AXIS2_PLACEMENT_3D('',#12307,#12308,#12309);
#12307 = CARTESIAN_POINT('',(0.,-16.5,0.));
#12308 = DIRECTION('',(0.,1.,0.));
#12309 = DIRECTION('',(-1.,0.,0.));
#12310 = FACE_BOUND('',#12311,.T.);
#12311 = EDGE_LOOP('',(#12312));
#12312 = ORIENTED_EDGE('',*,*,#12286,.T.);
#12313 = PLANE('',#12314);
#12314 = AXIS2_PLACEMENT_3D('',#12315,#12316,#12317);
#12315 = CARTESIAN_POINT('',(0.,-16.5,0.));
#12316 = DIRECTION('',(0.,-1.,0.));
#12317 = DIRECTION('',(1.,0.,0.));
#12318 = ( GEOMETRIC_REPRESENTATION_CONTEXT(3) 
GLOBAL_UNCERTAINTY_ASSIGNED_CONTEXT((#12322)) 
GLOBAL_UNIT_ASSIGNED_CONTEXT((#12319,#12320,#12321)) 
REPRESENTATION_CONTEXT('Context #1',
  '3D Context with UNIT and UNCERTAINTY') );
#12319 = ( LENGTH_UNIT() NAMED_UNIT(*) SI_UNIT(.MILLI.,.METRE.) );
#12320 = ( NAMED_UNIT(*) PLANE_ANGLE_UNIT() SI_UNIT($,.RADIAN.) );
#12321 = ( NAMED_UNIT(*) SI_UNIT($,.STERADIAN.) SOLID_ANGLE_UNIT() );
#12322 = UNCERTAINTY_MEASURE_WITH_UNIT(LENGTH_MEASURE(1.E-07),#12319,
  'distance_accuracy_value','confusion accuracy');
#12323 = CONTEXT_DEPENDENT_SHAPE_REPRESENTATION(#12324,#12326);
#12324 = ( REPRESENTATION_RELATIONSHIP('','',#12262,#12235) 
REPRESENTATION_RELATIONSHIP_WITH_TRANSFORMATION(#12325) 
SHAPE_REPRESENTATION_RELATIONSHIP() );
#12325 = ITEM_DEFINED_TRANSFORMATION('','',#11,#12236);
#12326 = PRODUCT_DEFINITION_SHAPE('Placement','Placement of an item',
  #12327);
#12327 = NEXT_ASSEMBLY_USAGE_OCCURRENCE('12','SHELL062','',#12230,#12257
  ,$);
#12328 = PRODUCT_RELATED_PRODUCT_CATEGORY('part',$,(#12259));
#12329 = SHAPE_DEFINITION_REPRESENTATION(#12330,#12336);
#12330 = PRODUCT_DEFINITION_SHAPE('','',#12331);
#12331 = PRODUCT_DEFINITION('design','',#12332,#12335);
#12332 = PRODUCT_DEFINITION_FORMATION('','',#12333);
#12333 = PRODUCT('SOLID062','SOLID062','',(#12334));
#12334 = PRODUCT_CONTEXT('',#2,'mechanical');
#12335 = PRODUCT_DEFINITION_CONTEXT('part definition',#2,'design');
#12336 = ADVANCED_BREP_SHAPE_REPRESENTATION('',(#11,#12337),#13118);
#12337 = MANIFOLD_SOLID_BREP('',#12338);
#12338 = CLOSED_SHELL('',(#12339,#12356,#12390,#12416,#12436,#12461,
    #12481,#12507,#12701,#12733,#12757,#12884,#12901,#12918,#12935,
    #12952,#12969,#12986,#13003,#13021,#13038,#13055,#13072,#13089,
    #13106));
#12339 = ADVANCED_FACE('',(#12340),#12351,.T.);
#12340 = FACE_BOUND('',#12341,.T.);
#12341 = EDGE_LOOP('',(#12342));
#12342 = ORIENTED_EDGE('',*,*,#12343,.F.);
#12343 = EDGE_CURVE('',#12344,#12344,#12346,.T.);
#12344 = VERTEX_POINT('',#12345);
#12345 = CARTESIAN_POINT('',(-0.7,-20.5,0.));
#12346 = CIRCLE('',#12347,0.7);
#12347 = AXIS2_PLACEMENT_3D('',#12348,#12349,#12350);
#12348 = CARTESIAN_POINT('',(0.,-20.5,0.));
#12349 = DIRECTION('',(-0.,1.,0.));
#12350 = DIRECTION('',(1.,0.,0.));
#12351 = PLANE('',#12352);
#12352 = AXIS2_PLACEMENT_3D('',#12353,#12354,#12355);
#12353 = CARTESIAN_POINT('',(0.,-20.5,0.));
#12354 = DIRECTION('',(0.,-1.,0.));
#12355 = DIRECTION('',(-1.,0.,0.));
#12356 = ADVANCED_FACE('',(#12357),#12385,.T.);
#12357 = FACE_BOUND('',#12358,.T.);
#12358 = EDGE_LOOP('',(#12359,#12370,#12376,#12377,#12378));
#12359 = ORIENTED_EDGE('',*,*,#12360,.T.);
#12360 = EDGE_CURVE('',#12361,#12363,#12365,.T.);
#12361 = VERTEX_POINT('',#12362);
#12362 = CARTESIAN_POINT('',(0.85,-20.35,0.));
#12363 = VERTEX_POINT('',#12364);
#12364 = CARTESIAN_POINT('',(-0.85,-20.35,0.));
#12365 = CIRCLE('',#12366,0.85);
#12366 = AXIS2_PLACEMENT_3D('',#12367,#12368,#12369);
#12367 = CARTESIAN_POINT('',(0.,-20.35,0.));
#12368 = DIRECTION('',(0.,-1.,0.));
#12369 = DIRECTION('',(-1.,0.,0.));
#12370 = ORIENTED_EDGE('',*,*,#12371,.T.);
#12371 = EDGE_CURVE('',#12363,#12344,#12372,.T.);
#12372 = LINE('',#12373,#12374);
#12373 = CARTESIAN_POINT('',(-0.775,-20.425,9.E-17));
#12374 = VECTOR('',#12375,1.);
#12375 = DIRECTION('',(0.707106781187,-0.707106781187,-9.E-17));
#12376 = ORIENTED_EDGE('',*,*,#12343,.T.);
#12377 = ORIENTED_EDGE('',*,*,#12371,.F.);
#12378 = ORIENTED_EDGE('',*,*,#12379,.T.);
#12379 = EDGE_CURVE('',#12363,#12361,#12380,.T.);
#12380 = CIRCLE('',#12381,0.85);
#12381 = AXIS2_PLACEMENT_3D('',#12382,#12383,#12384);
#12382 = CARTESIAN_POINT('',(0.,-20.35,0.));
#12383 = DIRECTION('',(0.,-1.,0.));
#12384 = DIRECTION('',(-1.,0.,0.));
#12385 = CONICAL_SURFACE('',#12386,0.775,0.785398163397);
#12386 = AXIS2_PLACEMENT_3D('',#12387,#12388,#12389);
#12387 = CARTESIAN_POINT('',(0.,-20.425,0.));
#12388 = DIRECTION('',(0.,1.,0.));
#12389 = DIRECTION('',(1.,0.,0.));
#12390 = ADVANCED_FACE('',(#12391),#12411,.T.);
#12391 = FACE_BOUND('',#12392,.T.);
#12392 = EDGE_LOOP('',(#12393,#12394,#12402,#12409,#12410));
#12393 = ORIENTED_EDGE('',*,*,#12360,.F.);
#12394 = ORIENTED_EDGE('',*,*,#12395,.T.);
#12395 = EDGE_CURVE('',#12361,#12396,#12398,.T.);
#12396 = VERTEX_POINT('',#12397);
#12397 = CARTESIAN_POINT('',(0.85,-16.5,0.));
#12398 = LINE('',#12399,#12400);
#12399 = CARTESIAN_POINT('',(0.85,2.39,1.E-16));
#12400 = VECTOR('',#12401,1.);
#12401 = DIRECTION('',(0.,1.,0.));
#12402 = ORIENTED_EDGE('',*,*,#12403,.F.);
#12403 = EDGE_CURVE('',#12396,#12396,#12404,.T.);
#12404 = CIRCLE('',#12405,0.85);
#12405 = AXIS2_PLACEMENT_3D('',#12406,#12407,#12408);
#12406 = CARTESIAN_POINT('',(0.,-16.5,0.));
#12407 = DIRECTION('',(0.,1.,0.));
#12408 = DIRECTION('',(-1.,0.,0.));
#12409 = ORIENTED_EDGE('',*,*,#12395,.F.);
#12410 = ORIENTED_EDGE('',*,*,#12379,.F.);
#12411 = CYLINDRICAL_SURFACE('',#12412,0.85);
#12412 = AXIS2_PLACEMENT_3D('',#12413,#12414,#12415);
#12413 = CARTESIAN_POINT('',(0.,2.39,0.));
#12414 = DIRECTION('',(0.,-1.,0.));
#12415 = DIRECTION('',(-1.,0.,0.));
#12416 = ADVANCED_FACE('',(#12417,#12420),#12431,.F.);
#12417 = FACE_BOUND('',#12418,.T.);
#12418 = EDGE_LOOP('',(#12419));
#12419 = ORIENTED_EDGE('',*,*,#12403,.T.);
#12420 = FACE_BOUND('',#12421,.T.);
#12421 = EDGE_LOOP('',(#12422));
#12422 = ORIENTED_EDGE('',*,*,#12423,.F.);
#12423 = EDGE_CURVE('',#12424,#12424,#12426,.T.);
#12424 = VERTEX_POINT('',#12425);
#12425 = CARTESIAN_POINT('',(0.,-16.5,-0.7));
#12426 = CIRCLE('',#12427,0.7);
#12427 = AXIS2_PLACEMENT_3D('',#12428,#12429,#12430);
#12428 = CARTESIAN_POINT('',(0.,-16.5,0.));
#12429 = DIRECTION('',(0.,1.,0.));
#12430 = DIRECTION('',(0.,-0.,1.));
#12431 = PLANE('',#12432);
#12432 = AXIS2_PLACEMENT_3D('',#12433,#12434,#12435);
#12433 = CARTESIAN_POINT('',(0.,-16.5,0.));
#12434 = DIRECTION('',(0.,-1.,0.));
#12435 = DIRECTION('',(0.,0.,1.));
#12436 = ADVANCED_FACE('',(#12437),#12456,.T.);
#12437 = FACE_BOUND('',#12438,.T.);
#12438 = EDGE_LOOP('',(#12439,#12440,#12448,#12455));
#12439 = ORIENTED_EDGE('',*,*,#12423,.T.);
#12440 = ORIENTED_EDGE('',*,*,#12441,.T.);
#12441 = EDGE_CURVE('',#12424,#12442,#12444,.T.);
#12442 = VERTEX_POINT('',#12443);
#12443 = CARTESIAN_POINT('',(0.,0.,-0.7));
#12444 = LINE('',#12445,#12446);
#12445 = CARTESIAN_POINT('',(9.E-17,0.825,-0.7));
#12446 = VECTOR('',#12447,1.);
#12447 = DIRECTION('',(0.,1.,0.));
#12448 = ORIENTED_EDGE('',*,*,#12449,.T.);
#12449 = EDGE_CURVE('',#12442,#12442,#12450,.T.);
#12450 = CIRCLE('',#12451,0.7);
#12451 = AXIS2_PLACEMENT_3D('',#12452,#12453,#12454);
#12452 = CARTESIAN_POINT('',(0.,0.,0.));
#12453 = DIRECTION('',(0.,-1.,0.));
#12454 = DIRECTION('',(0.,0.,1.));
#12455 = ORIENTED_EDGE('',*,*,#12441,.F.);
#12456 = CYLINDRICAL_SURFACE('',#12457,0.7);
#12457 = AXIS2_PLACEMENT_3D('',#12458,#12459,#12460);
#12458 = CARTESIAN_POINT('',(0.,0.825,0.));
#12459 = DIRECTION('',(0.,-1.,0.));
#12460 = DIRECTION('',(0.,0.,1.));
#12461 = ADVANCED_FACE('',(#12462,#12473),#12476,.T.);
#12462 = FACE_BOUND('',#12463,.T.);
#12463 = EDGE_LOOP('',(#12464));
#12464 = ORIENTED_EDGE('',*,*,#12465,.T.);
#12465 = EDGE_CURVE('',#12466,#12466,#12468,.T.);
#12466 = VERTEX_POINT('',#12467);
#12467 = CARTESIAN_POINT('',(1.26690985122,0.,0.));
#12468 = CIRCLE('',#12469,1.26690985122);
#12469 = AXIS2_PLACEMENT_3D('',#12470,#12471,#12472);
#12470 = CARTESIAN_POINT('',(0.,0.,0.));
#12471 = DIRECTION('',(0.,-1.,0.));
#12472 = DIRECTION('',(1.,0.,0.));
#12473 = FACE_BOUND('',#12474,.T.);
#12474 = EDGE_LOOP('',(#12475));
#12475 = ORIENTED_EDGE('',*,*,#12449,.F.);
#12476 = PLANE('',#12477);
#12477 = AXIS2_PLACEMENT_3D('',#12478,#12479,#12480);
#12478 = CARTESIAN_POINT('',(0.,0.,0.));
#12479 = DIRECTION('',(0.,-1.,0.));
#12480 = DIRECTION('',(-1.,0.,0.));
#12481 = ADVANCED_FACE('',(#12482),#12502,.T.);
#12482 = FACE_BOUND('',#12483,.T.);
#12483 = EDGE_LOOP('',(#12484,#12485,#12494,#12501));
#12484 = ORIENTED_EDGE('',*,*,#12465,.F.);
#12485 = ORIENTED_EDGE('',*,*,#12486,.T.);
#12486 = EDGE_CURVE('',#12466,#12487,#12489,.T.);
#12487 = VERTEX_POINT('',#12488);
#12488 = CARTESIAN_POINT('',(1.26690985122,0.898593736474,0.));
#12489 = CIRCLE('',#12490,0.549569972405);
#12490 = AXIS2_PLACEMENT_3D('',#12491,#12492,#12493);
#12491 = CARTESIAN_POINT('',(0.950430027595,0.449296868237,1.2E-16));
#12492 = DIRECTION('',(-1.2E-16,0.,1.));
#12493 = DIRECTION('',(1.,0.,1.2E-16));
#12494 = ORIENTED_EDGE('',*,*,#12495,.T.);
#12495 = EDGE_CURVE('',#12487,#12487,#12496,.T.);
#12496 = CIRCLE('',#12497,1.26690985122);
#12497 = AXIS2_PLACEMENT_3D('',#12498,#12499,#12500);
#12498 = CARTESIAN_POINT('',(0.,0.898593736474,0.));
#12499 = DIRECTION('',(0.,-1.,0.));
#12500 = DIRECTION('',(1.,0.,0.));
#12501 = ORIENTED_EDGE('',*,*,#12486,.F.);
#12502 = TOROIDAL_SURFACE('',#12503,0.950430027595,0.549569972405);
#12503 = AXIS2_PLACEMENT_3D('',#12504,#12505,#12506);
#12504 = CARTESIAN_POINT('',(0.,0.449296868237,0.));
#12505 = DIRECTION('',(0.,-1.,0.));
#12506 = DIRECTION('',(-1.,0.,0.));
#12507 = ADVANCED_FACE('',(#12508),#12696,.T.);
#12508 = FACE_BOUND('',#12509,.T.);
#12509 = EDGE_LOOP('',(#12510,#12511,#12520,#12529,#12538,#12553,#12562,
    #12571,#12580,#12595,#12604,#12613,#12622,#12637,#12646,#12655,
    #12664,#12679,#12688,#12695));
#12510 = ORIENTED_EDGE('',*,*,#12495,.F.);
#12511 = ORIENTED_EDGE('',*,*,#12512,.T.);
#12512 = EDGE_CURVE('',#12487,#12513,#12515,.T.);
#12513 = VERTEX_POINT('',#12514);
#12514 = CARTESIAN_POINT('',(1.1,1.005255888326,0.));
#12515 = CIRCLE('',#12516,2.2);
#12516 = AXIS2_PLACEMENT_3D('',#12517,#12518,#12519);
#12517 = CARTESIAN_POINT('',(0.,-0.9,0.));
#12518 = DIRECTION('',(-1.2E-16,0.,1.));
#12519 = DIRECTION('',(1.,0.,1.2E-16));
#12520 = ORIENTED_EDGE('',*,*,#12521,.T.);
#12521 = EDGE_CURVE('',#12513,#12522,#12524,.T.);
#12522 = VERTEX_POINT('',#12523);
#12523 = CARTESIAN_POINT('',(1.085822107625,1.005255888326,
    0.176040764009));
#12524 = CIRCLE('',#12525,1.1);
#12525 = AXIS2_PLACEMENT_3D('',#12526,#12527,#12528);
#12526 = CARTESIAN_POINT('',(0.,1.005255888326,0.));
#12527 = DIRECTION('',(0.,-1.,0.));
#12528 = DIRECTION('',(1.,0.,0.));
#12529 = ORIENTED_EDGE('',*,*,#12530,.T.);
#12530 = EDGE_CURVE('',#12522,#12531,#12533,.T.);
#12531 = VERTEX_POINT('',#12532);
#12532 = CARTESIAN_POINT('',(0.601040764009,1.208971230104,
    0.176040764009));
#12533 = CIRCLE('',#12534,2.192945427822);
#12534 = AXIS2_PLACEMENT_3D('',#12535,#12536,#12537);
#12535 = CARTESIAN_POINT('',(0.,-0.9,0.176040764009));
#12536 = DIRECTION('',(0.,0.,1.));
#12537 = DIRECTION('',(0.495143241528,0.868811354881,-0.));
#12538 = ORIENTED_EDGE('',*,*,#12539,.T.);
#12539 = EDGE_CURVE('',#12531,#12540,#12542,.T.);
#12540 = VERTEX_POINT('',#12541);
#12541 = CARTESIAN_POINT('',(0.176040764009,1.208971230104,
    0.601040764009));
#12542 = B_SPLINE_CURVE_WITH_KNOTS('',3,(#12543,#12544,#12545,#12546,
    #12547,#12548,#12549,#12550,#12551,#12552),.UNSPECIFIED.,.F.,.F.,(4,
    2,2,2,4),(6.854195240227E-02,8.481545634273E-02,0.101088960283,
    0.117362464224,0.133635968164),.UNSPECIFIED.);
#12543 = CARTESIAN_POINT('',(0.601040764009,1.208971230104,
    0.176040764009));
#12544 = CARTESIAN_POINT('',(0.548872948692,1.223838660787,
    0.176040764009));
#12545 = CARTESIAN_POINT('',(0.492327856508,1.236868729877,
    0.186280318287));
#12546 = CARTESIAN_POINT('',(0.387324068728,1.254224570175,
    0.229328609285));
#12547 = CARTESIAN_POINT('',(0.338877398638,1.258558546808,
    0.262163365371));
#12548 = CARTESIAN_POINT('',(0.262163365371,1.258558546808,
    0.338877398638));
#12549 = CARTESIAN_POINT('',(0.229328609285,1.254224570175,
    0.387324068728));
#12550 = CARTESIAN_POINT('',(0.186280318287,1.236868729877,
    0.492327856508));
#12551 = CARTESIAN_POINT('',(0.176040764009,1.223838660786,
    0.548872948692));
#12552 = CARTESIAN_POINT('',(0.176040764009,1.208971230104,
    0.601040764009));
#12553 = ORIENTED_EDGE('',*,*,#12554,.T.);
#12554 = EDGE_CURVE('',#12540,#12555,#12557,.T.);
#12555 = VERTEX_POINT('',#12556);
#12556 = CARTESIAN_POINT('',(0.176040764009,1.005255888326,
    1.085822107625));
#12557 = CIRCLE('',#12558,2.192945427822);
#12558 = AXIS2_PLACEMENT_3D('',#12559,#12560,#12561);
#12559 = CARTESIAN_POINT('',(0.176040764009,-0.9,0.));
#12560 = DIRECTION('',(1.,0.,0.));
#12561 = DIRECTION('',(-0.,0.961707119268,0.274079216192));
#12562 = ORIENTED_EDGE('',*,*,#12563,.T.);
#12563 = EDGE_CURVE('',#12555,#12564,#12566,.T.);
#12564 = VERTEX_POINT('',#12565);
#12565 = CARTESIAN_POINT('',(-0.176040764009,1.005255888326,
    1.085822107625));
#12566 = CIRCLE('',#12567,1.1);
#12567 = AXIS2_PLACEMENT_3D('',#12568,#12569,#12570);
#12568 = CARTESIAN_POINT('',(0.,1.005255888326,0.));
#12569 = DIRECTION('',(0.,-1.,0.));
#12570 = DIRECTION('',(0.16003705819,0.,0.987111006932));
#12571 = ORIENTED_EDGE('',*,*,#12572,.T.);
#12572 = EDGE_CURVE('',#12564,#12573,#12575,.T.);
#12573 = VERTEX_POINT('',#12574);
#12574 = CARTESIAN_POINT('',(-0.176040764009,1.208971230104,
    0.601040764009));
#12575 = CIRCLE('',#12576,2.192945427822);
#12576 = AXIS2_PLACEMENT_3D('',#12577,#12578,#12579);
#12577 = CARTESIAN_POINT('',(-0.176040764009,-0.9,0.));
#12578 = DIRECTION('',(-1.,0.,0.));
#12579 = DIRECTION('',(0.,0.868811354881,0.495143241528));
#12580 = ORIENTED_EDGE('',*,*,#12581,.T.);
#12581 = EDGE_CURVE('',#12573,#12582,#12584,.T.);
#12582 = VERTEX_POINT('',#12583);
#12583 = CARTESIAN_POINT('',(-0.601040764009,1.208971230104,
    0.176040764009));
#12584 = B_SPLINE_CURVE_WITH_KNOTS('',3,(#12585,#12586,#12587,#12588,
    #12589,#12590,#12591,#12592,#12593,#12594),.UNSPECIFIED.,.F.,.F.,(4,
    2,2,2,4),(-5.51E-15,1.627350394045E-02,3.254700788091E-02,
    4.882051182136E-02,6.509401576182E-02),.UNSPECIFIED.);
#12585 = CARTESIAN_POINT('',(-0.176040764009,1.208971230104,
    0.601040764009));
#12586 = CARTESIAN_POINT('',(-0.176040764009,1.223838660786,
    0.548872948692));
#12587 = CARTESIAN_POINT('',(-0.186280318287,1.236868729877,
    0.492327856508));
#12588 = CARTESIAN_POINT('',(-0.229328609285,1.254224570175,
    0.387324068728));
#12589 = CARTESIAN_POINT('',(-0.262163365371,1.258558546808,
    0.338877398638));
#12590 = CARTESIAN_POINT('',(-0.338877398638,1.258558546808,
    0.262163365371));
#12591 = CARTESIAN_POINT('',(-0.387324068728,1.254224570175,
    0.229328609285));
#12592 = CARTESIAN_POINT('',(-0.492327856508,1.236868729877,
    0.186280318287));
#12593 = CARTESIAN_POINT('',(-0.548872948692,1.223838660786,
    0.176040764009));
#12594 = CARTESIAN_POINT('',(-0.601040764009,1.208971230104,
    0.176040764009));
#12595 = ORIENTED_EDGE('',*,*,#12596,.T.);
#12596 = EDGE_CURVE('',#12582,#12597,#12599,.T.);
#12597 = VERTEX_POINT('',#12598);
#12598 = CARTESIAN_POINT('',(-1.085822107625,1.005255888326,
    0.176040764009));
#12599 = CIRCLE('',#12600,2.192945427822);
#12600 = AXIS2_PLACEMENT_3D('',#12601,#12602,#12603);
#12601 = CARTESIAN_POINT('',(0.,-0.9,0.176040764009));
#12602 = DIRECTION('',(0.,0.,1.));
#12603 = DIRECTION('',(-0.274079216192,0.961707119268,0.));
#12604 = ORIENTED_EDGE('',*,*,#12605,.T.);
#12605 = EDGE_CURVE('',#12597,#12606,#12608,.T.);
#12606 = VERTEX_POINT('',#12607);
#12607 = CARTESIAN_POINT('',(-1.085822107625,1.005255888326,
    -0.176040764009));
#12608 = CIRCLE('',#12609,1.1);
#12609 = AXIS2_PLACEMENT_3D('',#12610,#12611,#12612);
#12610 = CARTESIAN_POINT('',(0.,1.005255888326,0.));
#12611 = DIRECTION('',(0.,-1.,0.));
#12612 = DIRECTION('',(-1.,0.,0.));
#12613 = ORIENTED_EDGE('',*,*,#12614,.T.);
#12614 = EDGE_CURVE('',#12606,#12615,#12617,.T.);
#12615 = VERTEX_POINT('',#12616);
#12616 = CARTESIAN_POINT('',(-0.601040764009,1.208971230104,
    -0.176040764009));
#12617 = CIRCLE('',#12618,2.192945427822);
#12618 = AXIS2_PLACEMENT_3D('',#12619,#12620,#12621);
#12619 = CARTESIAN_POINT('',(0.,-0.9,-0.176040764009));
#12620 = DIRECTION('',(0.,0.,-1.));
#12621 = DIRECTION('',(-0.495143241528,0.868811354881,0.));
#12622 = ORIENTED_EDGE('',*,*,#12623,.T.);
#12623 = EDGE_CURVE('',#12615,#12624,#12626,.T.);
#12624 = VERTEX_POINT('',#12625);
#12625 = CARTESIAN_POINT('',(-0.176040764009,1.208971230104,
    -0.601040764009));
#12626 = B_SPLINE_CURVE_WITH_KNOTS('',3,(#12627,#12628,#12629,#12630,
    #12631,#12632,#12633,#12634,#12635,#12636),.UNSPECIFIED.,.F.,.F.,(4,
    2,2,2,4),(0.202544755209,0.218818259149,0.23509176309,0.25136526703,
    0.267638770971),.UNSPECIFIED.);
#12627 = CARTESIAN_POINT('',(-0.601040764009,1.208971230104,
    -0.176040764009));
#12628 = CARTESIAN_POINT('',(-0.548872948692,1.223838660787,
    -0.176040764009));
#12629 = CARTESIAN_POINT('',(-0.492327856508,1.236868729877,
    -0.186280318287));
#12630 = CARTESIAN_POINT('',(-0.387324068728,1.254224570175,
    -0.229328609285));
#12631 = CARTESIAN_POINT('',(-0.338877398638,1.258558546808,
    -0.262163365371));
#12632 = CARTESIAN_POINT('',(-0.262163365371,1.258558546808,
    -0.338877398638));
#12633 = CARTESIAN_POINT('',(-0.229328609285,1.254224570175,
    -0.387324068728));
#12634 = CARTESIAN_POINT('',(-0.186280318287,1.236868729877,
    -0.492327856508));
#12635 = CARTESIAN_POINT('',(-0.176040764009,1.223838660786,
    -0.548872948692));
#12636 = CARTESIAN_POINT('',(-0.176040764009,1.208971230104,
    -0.601040764009));
#12637 = ORIENTED_EDGE('',*,*,#12638,.T.);
#12638 = EDGE_CURVE('',#12624,#12639,#12641,.T.);
#12639 = VERTEX_POINT('',#12640);
#12640 = CARTESIAN_POINT('',(-0.176040764009,1.005255888326,
    -1.085822107625));
#12641 = CIRCLE('',#12642,2.192945427822);
#12642 = AXIS2_PLACEMENT_3D('',#12643,#12644,#12645);
#12643 = CARTESIAN_POINT('',(-0.176040764009,-0.9,0.));
#12644 = DIRECTION('',(-1.,0.,0.));
#12645 = DIRECTION('',(0.,0.961707119268,-0.274079216192));
#12646 = ORIENTED_EDGE('',*,*,#12647,.T.);
#12647 = EDGE_CURVE('',#12639,#12648,#12650,.T.);
#12648 = VERTEX_POINT('',#12649);
#12649 = CARTESIAN_POINT('',(0.176040764009,1.005255888326,
    -1.085822107625));
#12650 = CIRCLE('',#12651,1.1);
#12651 = AXIS2_PLACEMENT_3D('',#12652,#12653,#12654);
#12652 = CARTESIAN_POINT('',(0.,1.005255888326,0.));
#12653 = DIRECTION('',(0.,-1.,0.));
#12654 = DIRECTION('',(-0.16003705819,-0.,-0.987111006932));
#12655 = ORIENTED_EDGE('',*,*,#12656,.T.);
#12656 = EDGE_CURVE('',#12648,#12657,#12659,.T.);
#12657 = VERTEX_POINT('',#12658);
#12658 = CARTESIAN_POINT('',(0.176040764009,1.208971230104,
    -0.601040764009));
#12659 = CIRCLE('',#12660,2.192945427822);
#12660 = AXIS2_PLACEMENT_3D('',#12661,#12662,#12663);
#12661 = CARTESIAN_POINT('',(0.176040764009,-0.9,0.));
#12662 = DIRECTION('',(1.,0.,0.));
#12663 = DIRECTION('',(0.,0.868811354881,-0.495143241528));
#12664 = ORIENTED_EDGE('',*,*,#12665,.T.);
#12665 = EDGE_CURVE('',#12657,#12666,#12668,.T.);
#12666 = VERTEX_POINT('',#12667);
#12667 = CARTESIAN_POINT('',(0.601040764009,1.208971230104,
    -0.176040764009));
#12668 = B_SPLINE_CURVE_WITH_KNOTS('',3,(#12669,#12670,#12671,#12672,
    #12673,#12674,#12675,#12676,#12677,#12678),.UNSPECIFIED.,.F.,.F.,(4,
    2,2,2,4),(0.134002802807,0.150276306747,0.166549810688,
    0.182823314628,0.199096818568),.UNSPECIFIED.);
#12669 = CARTESIAN_POINT('',(0.176040764009,1.208971230104,
    -0.601040764009));
#12670 = CARTESIAN_POINT('',(0.176040764009,1.223838660787,
    -0.548872948692));
#12671 = CARTESIAN_POINT('',(0.186280318287,1.236868729877,
    -0.492327856508));
#12672 = CARTESIAN_POINT('',(0.229328609285,1.254224570175,
    -0.387324068728));
#12673 = CARTESIAN_POINT('',(0.262163365371,1.258558546808,
    -0.338877398638));
#12674 = CARTESIAN_POINT('',(0.338877398638,1.258558546808,
    -0.262163365371));
#12675 = CARTESIAN_POINT('',(0.387324068728,1.254224570175,
    -0.229328609285));
#12676 = CARTESIAN_POINT('',(0.492327856508,1.236868729877,
    -0.186280318287));
#12677 = CARTESIAN_POINT('',(0.548872948692,1.223838660786,
    -0.176040764009));
#12678 = CARTESIAN_POINT('',(0.601040764009,1.208971230104,
    -0.176040764009));
#12679 = ORIENTED_EDGE('',*,*,#12680,.T.);
#12680 = EDGE_CURVE('',#12666,#12681,#12683,.T.);
#12681 = VERTEX_POINT('',#12682);
#12682 = CARTESIAN_POINT('',(1.085822107625,1.005255888326,
    -0.176040764009));
#12683 = CIRCLE('',#12684,2.192945427822);
#12684 = AXIS2_PLACEMENT_3D('',#12685,#12686,#12687);
#12685 = CARTESIAN_POINT('',(0.,-0.9,-0.176040764009));
#12686 = DIRECTION('',(0.,0.,-1.));
#12687 = DIRECTION('',(0.274079216192,0.961707119268,0.));
#12688 = ORIENTED_EDGE('',*,*,#12689,.T.);
#12689 = EDGE_CURVE('',#12681,#12513,#12690,.T.);
#12690 = CIRCLE('',#12691,1.1);
#12691 = AXIS2_PLACEMENT_3D('',#12692,#12693,#12694);
#12692 = CARTESIAN_POINT('',(0.,1.005255888326,0.));
#12693 = DIRECTION('',(0.,-1.,0.));
#12694 = DIRECTION('',(1.,0.,0.));
#12695 = ORIENTED_EDGE('',*,*,#12512,.F.);
#12696 = SPHERICAL_SURFACE('',#12697,2.2);
#12697 = AXIS2_PLACEMENT_3D('',#12698,#12699,#12700);
#12698 = CARTESIAN_POINT('',(0.,-0.9,0.));
#12699 = DIRECTION('',(-6.E-17,-1.,0.));
#12700 = DIRECTION('',(-1.,6.E-17,0.));
#12701 = ADVANCED_FACE('',(#12702),#12728,.F.);
#12702 = FACE_BOUND('',#12703,.F.);
#12703 = EDGE_LOOP('',(#12704,#12712,#12721,#12727));
#12704 = ORIENTED_EDGE('',*,*,#12705,.F.);
#12705 = EDGE_CURVE('',#12706,#12606,#12708,.T.);
#12706 = VERTEX_POINT('',#12707);
#12707 = CARTESIAN_POINT('',(-1.085822107625,0.65,-0.176040764009));
#12708 = LINE('',#12709,#12710);
#12709 = CARTESIAN_POINT('',(-1.085822107625,0.65,-0.176040764009));
#12710 = VECTOR('',#12711,1.);
#12711 = DIRECTION('',(0.,1.,0.));
#12712 = ORIENTED_EDGE('',*,*,#12713,.F.);
#12713 = EDGE_CURVE('',#12714,#12706,#12716,.T.);
#12714 = VERTEX_POINT('',#12715);
#12715 = CARTESIAN_POINT('',(-1.085822107625,0.65,0.176040764009));
#12716 = CIRCLE('',#12717,1.1);
#12717 = AXIS2_PLACEMENT_3D('',#12718,#12719,#12720);
#12718 = CARTESIAN_POINT('',(0.,0.65,0.));
#12719 = DIRECTION('',(0.,-1.,0.));
#12720 = DIRECTION('',(-0.987111006932,0.,0.16003705819));
#12721 = ORIENTED_EDGE('',*,*,#12722,.T.);
#12722 = EDGE_CURVE('',#12714,#12597,#12723,.T.);
#12723 = LINE('',#12724,#12725);
#12724 = CARTESIAN_POINT('',(-1.085822107625,0.65,0.176040764009));
#12725 = VECTOR('',#12726,1.);
#12726 = DIRECTION('',(0.,1.,0.));
#12727 = ORIENTED_EDGE('',*,*,#12605,.T.);
#12728 = CYLINDRICAL_SURFACE('',#12729,1.1);
#12729 = AXIS2_PLACEMENT_3D('',#12730,#12731,#12732);
#12730 = CARTESIAN_POINT('',(0.,0.65,0.));
#12731 = DIRECTION('',(0.,-1.,0.));
#12732 = DIRECTION('',(-1.,0.,1.2E-16));
#12733 = ADVANCED_FACE('',(#12734),#12752,.F.);
#12734 = FACE_BOUND('',#12735,.T.);
#12735 = EDGE_LOOP('',(#12736,#12737,#12745,#12751));
#12736 = ORIENTED_EDGE('',*,*,#12596,.F.);
#12737 = ORIENTED_EDGE('',*,*,#12738,.F.);
#12738 = EDGE_CURVE('',#12739,#12582,#12741,.T.);
#12739 = VERTEX_POINT('',#12740);
#12740 = CARTESIAN_POINT('',(-0.601040764009,0.65,0.176040764009));
#12741 = LINE('',#12742,#12743);
#12742 = CARTESIAN_POINT('',(-0.601040764009,0.65,0.176040764009));
#12743 = VECTOR('',#12744,1.);
#12744 = DIRECTION('',(0.,1.,0.));
#12745 = ORIENTED_EDGE('',*,*,#12746,.T.);
#12746 = EDGE_CURVE('',#12739,#12714,#12747,.T.);
#12747 = LINE('',#12748,#12749);
#12748 = CARTESIAN_POINT('',(-0.601040764009,0.65,0.176040764009));
#12749 = VECTOR('',#12750,1.);
#12750 = DIRECTION('',(-1.,0.,0.));
#12751 = ORIENTED_EDGE('',*,*,#12722,.T.);
#12752 = PLANE('',#12753);
#12753 = AXIS2_PLACEMENT_3D('',#12754,#12755,#12756);
#12754 = CARTESIAN_POINT('',(-0.601040764009,0.65,0.176040764009));
#12755 = DIRECTION('',(0.,0.,1.));
#12756 = DIRECTION('',(-1.,0.,0.));
#12757 = ADVANCED_FACE('',(#12758),#12879,.F.);
#12758 = FACE_BOUND('',#12759,.T.);
#12759 = EDGE_LOOP('',(#12760,#12761,#12770,#12778,#12787,#12795,#12804,
    #12812,#12821,#12829,#12838,#12846,#12855,#12863,#12872,#12878));
#12760 = ORIENTED_EDGE('',*,*,#12746,.F.);
#12761 = ORIENTED_EDGE('',*,*,#12762,.F.);
#12762 = EDGE_CURVE('',#12763,#12739,#12765,.T.);
#12763 = VERTEX_POINT('',#12764);
#12764 = CARTESIAN_POINT('',(-0.176040764009,0.65,0.601040764009));
#12765 = CIRCLE('',#12766,0.425);
#12766 = AXIS2_PLACEMENT_3D('',#12767,#12768,#12769);
#12767 = CARTESIAN_POINT('',(-0.601040764009,0.65,0.601040764009));
#12768 = DIRECTION('',(-0.,1.,0.));
#12769 = DIRECTION('',(1.,0.,0.));
#12770 = ORIENTED_EDGE('',*,*,#12771,.F.);
#12771 = EDGE_CURVE('',#12772,#12763,#12774,.T.);
#12772 = VERTEX_POINT('',#12773);
#12773 = CARTESIAN_POINT('',(-0.176040764009,0.65,1.085822107625));
#12774 = LINE('',#12775,#12776);
#12775 = CARTESIAN_POINT('',(-0.176040764009,0.65,1.085822107625));
#12776 = VECTOR('',#12777,1.);
#12777 = DIRECTION('',(0.,0.,-1.));
#12778 = ORIENTED_EDGE('',*,*,#12779,.F.);
#12779 = EDGE_CURVE('',#12780,#12772,#12782,.T.);
#12780 = VERTEX_POINT('',#12781);
#12781 = CARTESIAN_POINT('',(0.176040764009,0.65,1.085822107625));
#12782 = CIRCLE('',#12783,1.1);
#12783 = AXIS2_PLACEMENT_3D('',#12784,#12785,#12786);
#12784 = CARTESIAN_POINT('',(0.,0.65,0.));
#12785 = DIRECTION('',(0.,-1.,0.));
#12786 = DIRECTION('',(0.16003705819,0.,0.987111006932));
#12787 = ORIENTED_EDGE('',*,*,#12788,.F.);
#12788 = EDGE_CURVE('',#12789,#12780,#12791,.T.);
#12789 = VERTEX_POINT('',#12790);
#12790 = CARTESIAN_POINT('',(0.176040764009,0.65,0.601040764009));
#12791 = LINE('',#12792,#12793);
#12792 = CARTESIAN_POINT('',(0.176040764009,0.65,0.601040764009));
#12793 = VECTOR('',#12794,1.);
#12794 = DIRECTION('',(0.,0.,1.));
#12795 = ORIENTED_EDGE('',*,*,#12796,.F.);
#12796 = EDGE_CURVE('',#12797,#12789,#12799,.T.);
#12797 = VERTEX_POINT('',#12798);
#12798 = CARTESIAN_POINT('',(0.601040764009,0.65,0.176040764009));
#12799 = CIRCLE('',#12800,0.425);
#12800 = AXIS2_PLACEMENT_3D('',#12801,#12802,#12803);
#12801 = CARTESIAN_POINT('',(0.601040764009,0.65,0.601040764009));
#12802 = DIRECTION('',(0.,1.,0.));
#12803 = DIRECTION('',(0.,0.,-1.));
#12804 = ORIENTED_EDGE('',*,*,#12805,.F.);
#12805 = EDGE_CURVE('',#12806,#12797,#12808,.T.);
#12806 = VERTEX_POINT('',#12807);
#12807 = CARTESIAN_POINT('',(1.085822107625,0.65,0.176040764009));
#12808 = LINE('',#12809,#12810);
#12809 = CARTESIAN_POINT('',(1.085822107625,0.65,0.176040764009));
#12810 = VECTOR('',#12811,1.);
#12811 = DIRECTION('',(-1.,0.,0.));
#12812 = ORIENTED_EDGE('',*,*,#12813,.F.);
#12813 = EDGE_CURVE('',#12814,#12806,#12816,.T.);
#12814 = VERTEX_POINT('',#12815);
#12815 = CARTESIAN_POINT('',(1.085822107625,0.65,-0.176040764009));
#12816 = CIRCLE('',#12817,1.1);
#12817 = AXIS2_PLACEMENT_3D('',#12818,#12819,#12820);
#12818 = CARTESIAN_POINT('',(0.,0.65,0.));
#12819 = DIRECTION('',(0.,-1.,0.));
#12820 = DIRECTION('',(0.987111006932,0.,-0.16003705819));
#12821 = ORIENTED_EDGE('',*,*,#12822,.F.);
#12822 = EDGE_CURVE('',#12823,#12814,#12825,.T.);
#12823 = VERTEX_POINT('',#12824);
#12824 = CARTESIAN_POINT('',(0.601040764009,0.65,-0.176040764009));
#12825 = LINE('',#12826,#12827);
#12826 = CARTESIAN_POINT('',(0.601040764009,0.65,-0.176040764009));
#12827 = VECTOR('',#12828,1.);
#12828 = DIRECTION('',(1.,0.,0.));
#12829 = ORIENTED_EDGE('',*,*,#12830,.F.);
#12830 = EDGE_CURVE('',#12831,#12823,#12833,.T.);
#12831 = VERTEX_POINT('',#12832);
#12832 = CARTESIAN_POINT('',(0.176040764009,0.65,-0.601040764009));
#12833 = CIRCLE('',#12834,0.425);
#12834 = AXIS2_PLACEMENT_3D('',#12835,#12836,#12837);
#12835 = CARTESIAN_POINT('',(0.601040764009,0.65,-0.601040764009));
#12836 = DIRECTION('',(0.,1.,0.));
#12837 = DIRECTION('',(-1.,0.,0.));
#12838 = ORIENTED_EDGE('',*,*,#12839,.F.);
#12839 = EDGE_CURVE('',#12840,#12831,#12842,.T.);
#12840 = VERTEX_POINT('',#12841);
#12841 = CARTESIAN_POINT('',(0.176040764009,0.65,-1.085822107625));
#12842 = LINE('',#12843,#12844);
#12843 = CARTESIAN_POINT('',(0.176040764009,0.65,-1.085822107625));
#12844 = VECTOR('',#12845,1.);
#12845 = DIRECTION('',(0.,0.,1.));
#12846 = ORIENTED_EDGE('',*,*,#12847,.F.);
#12847 = EDGE_CURVE('',#12848,#12840,#12850,.T.);
#12848 = VERTEX_POINT('',#12849);
#12849 = CARTESIAN_POINT('',(-0.176040764009,0.65,-1.085822107625));
#12850 = CIRCLE('',#12851,1.1);
#12851 = AXIS2_PLACEMENT_3D('',#12852,#12853,#12854);
#12852 = CARTESIAN_POINT('',(0.,0.65,0.));
#12853 = DIRECTION('',(0.,-1.,0.));
#12854 = DIRECTION('',(-0.16003705819,-0.,-0.987111006932));
#12855 = ORIENTED_EDGE('',*,*,#12856,.F.);
#12856 = EDGE_CURVE('',#12857,#12848,#12859,.T.);
#12857 = VERTEX_POINT('',#12858);
#12858 = CARTESIAN_POINT('',(-0.176040764009,0.65,-0.601040764009));
#12859 = LINE('',#12860,#12861);
#12860 = CARTESIAN_POINT('',(-0.176040764009,0.65,-0.601040764009));
#12861 = VECTOR('',#12862,1.);
#12862 = DIRECTION('',(0.,0.,-1.));
#12863 = ORIENTED_EDGE('',*,*,#12864,.F.);
#12864 = EDGE_CURVE('',#12865,#12857,#12867,.T.);
#12865 = VERTEX_POINT('',#12866);
#12866 = CARTESIAN_POINT('',(-0.601040764009,0.65,-0.176040764009));
#12867 = CIRCLE('',#12868,0.425);
#12868 = AXIS2_PLACEMENT_3D('',#12869,#12870,#12871);
#12869 = CARTESIAN_POINT('',(-0.601040764009,0.65,-0.601040764009));
#12870 = DIRECTION('',(0.,1.,0.));
#12871 = DIRECTION('',(0.,-0.,1.));
#12872 = ORIENTED_EDGE('',*,*,#12873,.F.);
#12873 = EDGE_CURVE('',#12706,#12865,#12874,.T.);
#12874 = LINE('',#12875,#12876);
#12875 = CARTESIAN_POINT('',(-1.085822107625,0.65,-0.176040764009));
#12876 = VECTOR('',#12877,1.);
#12877 = DIRECTION('',(1.,0.,0.));
#12878 = ORIENTED_EDGE('',*,*,#12713,.F.);
#12879 = PLANE('',#12880);
#12880 = AXIS2_PLACEMENT_3D('',#12881,#12882,#12883);
#12881 = CARTESIAN_POINT('',(0.,0.65,0.));
#12882 = DIRECTION('',(0.,-1.,0.));
#12883 = DIRECTION('',(1.,0.,0.));
#12884 = ADVANCED_FACE('',(#12885),#12896,.F.);
#12885 = FACE_BOUND('',#12886,.T.);
#12886 = EDGE_LOOP('',(#12887,#12888,#12889,#12890));
#12887 = ORIENTED_EDGE('',*,*,#12614,.F.);
#12888 = ORIENTED_EDGE('',*,*,#12705,.F.);
#12889 = ORIENTED_EDGE('',*,*,#12873,.T.);
#12890 = ORIENTED_EDGE('',*,*,#12891,.T.);
#12891 = EDGE_CURVE('',#12865,#12615,#12892,.T.);
#12892 = LINE('',#12893,#12894);
#12893 = CARTESIAN_POINT('',(-0.601040764009,0.65,-0.176040764009));
#12894 = VECTOR('',#12895,1.);
#12895 = DIRECTION('',(0.,1.,0.));
#12896 = PLANE('',#12897);
#12897 = AXIS2_PLACEMENT_3D('',#12898,#12899,#12900);
#12898 = CARTESIAN_POINT('',(-1.085822107625,0.65,-0.176040764009));
#12899 = DIRECTION('',(0.,0.,-1.));
#12900 = DIRECTION('',(1.,0.,0.));
#12901 = ADVANCED_FACE('',(#12902),#12913,.T.);
#12902 = FACE_BOUND('',#12903,.T.);
#12903 = EDGE_LOOP('',(#12904,#12905,#12906,#12907));
#12904 = ORIENTED_EDGE('',*,*,#12623,.F.);
#12905 = ORIENTED_EDGE('',*,*,#12891,.F.);
#12906 = ORIENTED_EDGE('',*,*,#12864,.T.);
#12907 = ORIENTED_EDGE('',*,*,#12908,.T.);
#12908 = EDGE_CURVE('',#12857,#12624,#12909,.T.);
#12909 = LINE('',#12910,#12911);
#12910 = CARTESIAN_POINT('',(-0.176040764009,0.65,-0.601040764009));
#12911 = VECTOR('',#12912,1.);
#12912 = DIRECTION('',(0.,1.,0.));
#12913 = CYLINDRICAL_SURFACE('',#12914,0.425);
#12914 = AXIS2_PLACEMENT_3D('',#12915,#12916,#12917);
#12915 = CARTESIAN_POINT('',(-0.601040764009,0.65,-0.601040764009));
#12916 = DIRECTION('',(0.,-1.,0.));
#12917 = DIRECTION('',(1.,0.,0.));
#12918 = ADVANCED_FACE('',(#12919),#12930,.F.);
#12919 = FACE_BOUND('',#12920,.T.);
#12920 = EDGE_LOOP('',(#12921,#12922,#12923,#12924));
#12921 = ORIENTED_EDGE('',*,*,#12638,.F.);
#12922 = ORIENTED_EDGE('',*,*,#12908,.F.);
#12923 = ORIENTED_EDGE('',*,*,#12856,.T.);
#12924 = ORIENTED_EDGE('',*,*,#12925,.T.);
#12925 = EDGE_CURVE('',#12848,#12639,#12926,.T.);
#12926 = LINE('',#12927,#12928);
#12927 = CARTESIAN_POINT('',(-0.176040764009,0.65,-1.085822107625));
#12928 = VECTOR('',#12929,1.);
#12929 = DIRECTION('',(0.,1.,0.));
#12930 = PLANE('',#12931);
#12931 = AXIS2_PLACEMENT_3D('',#12932,#12933,#12934);
#12932 = CARTESIAN_POINT('',(-0.176040764009,0.65,-0.601040764009));
#12933 = DIRECTION('',(-1.,0.,0.));
#12934 = DIRECTION('',(0.,0.,-1.));
#12935 = ADVANCED_FACE('',(#12936),#12947,.F.);
#12936 = FACE_BOUND('',#12937,.F.);
#12937 = EDGE_LOOP('',(#12938,#12944,#12945,#12946));
#12938 = ORIENTED_EDGE('',*,*,#12939,.F.);
#12939 = EDGE_CURVE('',#12840,#12648,#12940,.T.);
#12940 = LINE('',#12941,#12942);
#12941 = CARTESIAN_POINT('',(0.176040764009,0.65,-1.085822107625));
#12942 = VECTOR('',#12943,1.);
#12943 = DIRECTION('',(0.,1.,0.));
#12944 = ORIENTED_EDGE('',*,*,#12847,.F.);
#12945 = ORIENTED_EDGE('',*,*,#12925,.T.);
#12946 = ORIENTED_EDGE('',*,*,#12647,.T.);
#12947 = CYLINDRICAL_SURFACE('',#12948,1.1);
#12948 = AXIS2_PLACEMENT_3D('',#12949,#12950,#12951);
#12949 = CARTESIAN_POINT('',(0.,0.65,0.));
#12950 = DIRECTION('',(0.,-1.,0.));
#12951 = DIRECTION('',(1.,0.,0.));
#12952 = ADVANCED_FACE('',(#12953),#12964,.F.);
#12953 = FACE_BOUND('',#12954,.T.);
#12954 = EDGE_LOOP('',(#12955,#12956,#12957,#12958));
#12955 = ORIENTED_EDGE('',*,*,#12656,.F.);
#12956 = ORIENTED_EDGE('',*,*,#12939,.F.);
#12957 = ORIENTED_EDGE('',*,*,#12839,.T.);
#12958 = ORIENTED_EDGE('',*,*,#12959,.T.);
#12959 = EDGE_CURVE('',#12831,#12657,#12960,.T.);
#12960 = LINE('',#12961,#12962);
#12961 = CARTESIAN_POINT('',(0.176040764009,0.65,-0.601040764009));
#12962 = VECTOR('',#12963,1.);
#12963 = DIRECTION('',(0.,1.,0.));
#12964 = PLANE('',#12965);
#12965 = AXIS2_PLACEMENT_3D('',#12966,#12967,#12968);
#12966 = CARTESIAN_POINT('',(0.176040764009,0.65,-1.085822107625));
#12967 = DIRECTION('',(1.,0.,0.));
#12968 = DIRECTION('',(0.,0.,1.));
#12969 = ADVANCED_FACE('',(#12970),#12981,.T.);
#12970 = FACE_BOUND('',#12971,.T.);
#12971 = EDGE_LOOP('',(#12972,#12973,#12974,#12975));
#12972 = ORIENTED_EDGE('',*,*,#12665,.F.);
#12973 = ORIENTED_EDGE('',*,*,#12959,.F.);
#12974 = ORIENTED_EDGE('',*,*,#12830,.T.);
#12975 = ORIENTED_EDGE('',*,*,#12976,.T.);
#12976 = EDGE_CURVE('',#12823,#12666,#12977,.T.);
#12977 = LINE('',#12978,#12979);
#12978 = CARTESIAN_POINT('',(0.601040764009,0.65,-0.176040764009));
#12979 = VECTOR('',#12980,1.);
#12980 = DIRECTION('',(0.,1.,0.));
#12981 = CYLINDRICAL_SURFACE('',#12982,0.425);
#12982 = AXIS2_PLACEMENT_3D('',#12983,#12984,#12985);
#12983 = CARTESIAN_POINT('',(0.601040764009,0.65,-0.601040764009));
#12984 = DIRECTION('',(0.,-1.,0.));
#12985 = DIRECTION('',(1.,0.,0.));
#12986 = ADVANCED_FACE('',(#12987),#12998,.F.);
#12987 = FACE_BOUND('',#12988,.T.);
#12988 = EDGE_LOOP('',(#12989,#12990,#12991,#12992));
#12989 = ORIENTED_EDGE('',*,*,#12680,.F.);
#12990 = ORIENTED_EDGE('',*,*,#12976,.F.);
#12991 = ORIENTED_EDGE('',*,*,#12822,.T.);
#12992 = ORIENTED_EDGE('',*,*,#12993,.T.);
#12993 = EDGE_CURVE('',#12814,#12681,#12994,.T.);
#12994 = LINE('',#12995,#12996);
#12995 = CARTESIAN_POINT('',(1.085822107625,0.65,-0.176040764009));
#12996 = VECTOR('',#12997,1.);
#12997 = DIRECTION('',(0.,1.,0.));
#12998 = PLANE('',#12999);
#12999 = AXIS2_PLACEMENT_3D('',#13000,#13001,#13002);
#13000 = CARTESIAN_POINT('',(0.601040764009,0.65,-0.176040764009));
#13001 = DIRECTION('',(0.,0.,-1.));
#13002 = DIRECTION('',(1.,0.,0.));
#13003 = ADVANCED_FACE('',(#13004),#13016,.F.);
#13004 = FACE_BOUND('',#13005,.F.);
#13005 = EDGE_LOOP('',(#13006,#13007,#13013,#13014,#13015));
#13006 = ORIENTED_EDGE('',*,*,#12521,.T.);
#13007 = ORIENTED_EDGE('',*,*,#13008,.F.);
#13008 = EDGE_CURVE('',#12806,#12522,#13009,.T.);
#13009 = LINE('',#13010,#13011);
#13010 = CARTESIAN_POINT('',(1.085822107625,0.65,0.176040764009));
#13011 = VECTOR('',#13012,1.);
#13012 = DIRECTION('',(0.,1.,0.));
#13013 = ORIENTED_EDGE('',*,*,#12813,.F.);
#13014 = ORIENTED_EDGE('',*,*,#12993,.T.);
#13015 = ORIENTED_EDGE('',*,*,#12689,.T.);
#13016 = CYLINDRICAL_SURFACE('',#13017,1.1);
#13017 = AXIS2_PLACEMENT_3D('',#13018,#13019,#13020);
#13018 = CARTESIAN_POINT('',(0.,0.65,0.));
#13019 = DIRECTION('',(0.,-1.,0.));
#13020 = DIRECTION('',(1.,0.,0.));
#13021 = ADVANCED_FACE('',(#13022),#13033,.F.);
#13022 = FACE_BOUND('',#13023,.T.);
#13023 = EDGE_LOOP('',(#13024,#13025,#13026,#13027));
#13024 = ORIENTED_EDGE('',*,*,#12530,.F.);
#13025 = ORIENTED_EDGE('',*,*,#13008,.F.);
#13026 = ORIENTED_EDGE('',*,*,#12805,.T.);
#13027 = ORIENTED_EDGE('',*,*,#13028,.T.);
#13028 = EDGE_CURVE('',#12797,#12531,#13029,.T.);
#13029 = LINE('',#13030,#13031);
#13030 = CARTESIAN_POINT('',(0.601040764009,0.65,0.176040764009));
#13031 = VECTOR('',#13032,1.);
#13032 = DIRECTION('',(0.,1.,0.));
#13033 = PLANE('',#13034);
#13034 = AXIS2_PLACEMENT_3D('',#13035,#13036,#13037);
#13035 = CARTESIAN_POINT('',(1.085822107625,0.65,0.176040764009));
#13036 = DIRECTION('',(0.,0.,1.));
#13037 = DIRECTION('',(-1.,0.,0.));
#13038 = ADVANCED_FACE('',(#13039),#13050,.T.);
#13039 = FACE_BOUND('',#13040,.T.);
#13040 = EDGE_LOOP('',(#13041,#13042,#13043,#13044));
#13041 = ORIENTED_EDGE('',*,*,#12539,.F.);
#13042 = ORIENTED_EDGE('',*,*,#13028,.F.);
#13043 = ORIENTED_EDGE('',*,*,#12796,.T.);
#13044 = ORIENTED_EDGE('',*,*,#13045,.T.);
#13045 = EDGE_CURVE('',#12789,#12540,#13046,.T.);
#13046 = LINE('',#13047,#13048);
#13047 = CARTESIAN_POINT('',(0.176040764009,0.65,0.601040764009));
#13048 = VECTOR('',#13049,1.);
#13049 = DIRECTION('',(0.,1.,0.));
#13050 = CYLINDRICAL_SURFACE('',#13051,0.425);
#13051 = AXIS2_PLACEMENT_3D('',#13052,#13053,#13054);
#13052 = CARTESIAN_POINT('',(0.601040764009,0.65,0.601040764009));
#13053 = DIRECTION('',(0.,-1.,0.));
#13054 = DIRECTION('',(1.,0.,0.));
#13055 = ADVANCED_FACE('',(#13056),#13067,.F.);
#13056 = FACE_BOUND('',#13057,.T.);
#13057 = EDGE_LOOP('',(#13058,#13059,#13060,#13061));
#13058 = ORIENTED_EDGE('',*,*,#12554,.F.);
#13059 = ORIENTED_EDGE('',*,*,#13045,.F.);
#13060 = ORIENTED_EDGE('',*,*,#12788,.T.);
#13061 = ORIENTED_EDGE('',*,*,#13062,.T.);
#13062 = EDGE_CURVE('',#12780,#12555,#13063,.T.);
#13063 = LINE('',#13064,#13065);
#13064 = CARTESIAN_POINT('',(0.176040764009,0.65,1.085822107625));
#13065 = VECTOR('',#13066,1.);
#13066 = DIRECTION('',(0.,1.,0.));
#13067 = PLANE('',#13068);
#13068 = AXIS2_PLACEMENT_3D('',#13069,#13070,#13071);
#13069 = CARTESIAN_POINT('',(0.176040764009,0.65,0.601040764009));
#13070 = DIRECTION('',(1.,0.,0.));
#13071 = DIRECTION('',(0.,0.,1.));
#13072 = ADVANCED_FACE('',(#13073),#13084,.F.);
#13073 = FACE_BOUND('',#13074,.F.);
#13074 = EDGE_LOOP('',(#13075,#13081,#13082,#13083));
#13075 = ORIENTED_EDGE('',*,*,#13076,.F.);
#13076 = EDGE_CURVE('',#12772,#12564,#13077,.T.);
#13077 = LINE('',#13078,#13079);
#13078 = CARTESIAN_POINT('',(-0.176040764009,0.65,1.085822107625));
#13079 = VECTOR('',#13080,1.);
#13080 = DIRECTION('',(0.,1.,0.));
#13081 = ORIENTED_EDGE('',*,*,#12779,.F.);
#13082 = ORIENTED_EDGE('',*,*,#13062,.T.);
#13083 = ORIENTED_EDGE('',*,*,#12563,.T.);
#13084 = CYLINDRICAL_SURFACE('',#13085,1.1);
#13085 = AXIS2_PLACEMENT_3D('',#13086,#13087,#13088);
#13086 = CARTESIAN_POINT('',(0.,0.65,0.));
#13087 = DIRECTION('',(0.,-1.,0.));
#13088 = DIRECTION('',(1.,0.,0.));
#13089 = ADVANCED_FACE('',(#13090),#13101,.F.);
#13090 = FACE_BOUND('',#13091,.T.);
#13091 = EDGE_LOOP('',(#13092,#13093,#13094,#13095));
#13092 = ORIENTED_EDGE('',*,*,#12572,.F.);
#13093 = ORIENTED_EDGE('',*,*,#13076,.F.);
#13094 = ORIENTED_EDGE('',*,*,#12771,.T.);
#13095 = ORIENTED_EDGE('',*,*,#13096,.T.);
#13096 = EDGE_CURVE('',#12763,#12573,#13097,.T.);
#13097 = LINE('',#13098,#13099);
#13098 = CARTESIAN_POINT('',(-0.176040764009,0.65,0.601040764009));
#13099 = VECTOR('',#13100,1.);
#13100 = DIRECTION('',(0.,1.,0.));
#13101 = PLANE('',#13102);
#13102 = AXIS2_PLACEMENT_3D('',#13103,#13104,#13105);
#13103 = CARTESIAN_POINT('',(-0.176040764009,0.65,1.085822107625));
#13104 = DIRECTION('',(-1.,0.,0.));
#13105 = DIRECTION('',(0.,0.,-1.));
#13106 = ADVANCED_FACE('',(#13107),#13113,.T.);
#13107 = FACE_BOUND('',#13108,.T.);
#13108 = EDGE_LOOP('',(#13109,#13110,#13111,#13112));
#13109 = ORIENTED_EDGE('',*,*,#12581,.F.);
#13110 = ORIENTED_EDGE('',*,*,#13096,.F.);
#13111 = ORIENTED_EDGE('',*,*,#12762,.T.);
#13112 = ORIENTED_EDGE('',*,*,#12738,.T.);
#13113 = CYLINDRICAL_SURFACE('',#13114,0.425);
#13114 = AXIS2_PLACEMENT_3D('',#13115,#13116,#13117);
#13115 = CARTESIAN_POINT('',(-0.601040764009,0.65,0.601040764009));
#13116 = DIRECTION('',(0.,-1.,0.));
#13117 = DIRECTION('',(1.,0.,0.));
#13118 = ( GEOMETRIC_REPRESENTATION_CONTEXT(3) 
GLOBAL_UNCERTAINTY_ASSIGNED_CONTEXT((#13122)) 
GLOBAL_UNIT_ASSIGNED_CONTEXT((#13119,#13120,#13121)) 
REPRESENTATION_CONTEXT('Context #1',
  '3D Context with UNIT and UNCERTAINTY') );
#13119 = ( LENGTH_UNIT() NAMED_UNIT(*) SI_UNIT(.MILLI.,.METRE.) );
#13120 = ( NAMED_UNIT(*) PLANE_ANGLE_UNIT() SI_UNIT($,.RADIAN.) );
#13121 = ( NAMED_UNIT(*) SI_UNIT($,.STERADIAN.) SOLID_ANGLE_UNIT() );
#13122 = UNCERTAINTY_MEASURE_WITH_UNIT(LENGTH_MEASURE(2.E-05),#13119,
  'distance_accuracy_value','confusion accuracy');
#13123 = CONTEXT_DEPENDENT_SHAPE_REPRESENTATION(#13124,#13126);
#13124 = ( REPRESENTATION_RELATIONSHIP('','',#12336,#12235) 
REPRESENTATION_RELATIONSHIP_WITH_TRANSFORMATION(#13125) 
SHAPE_REPRESENTATION_RELATIONSHIP() );
#13125 = ITEM_DEFINED_TRANSFORMATION('','',#11,#12240);
#13126 = PRODUCT_DEFINITION_SHAPE('Placement','Placement of an item',
  #13127);
#13127 = NEXT_ASSEMBLY_USAGE_OCCURRENCE('13','SOLID062','',#12230,#12331
  ,$);
#13128 = PRODUCT_RELATED_PRODUCT_CATEGORY('part',$,(#12333));
#13129 = SHAPE_DEFINITION_REPRESENTATION(#13130,#13136);
#13130 = PRODUCT_DEFINITION_SHAPE('','',#13131);
#13131 = PRODUCT_DEFINITION('design','',#13132,#13135);
#13132 = PRODUCT_DEFINITION_FORMATION('','',#13133);
#13133 = PRODUCT('PHS_1_7X20_5_DC061','PHS_1_7X20_5_DC061','',(#13134));
#13134 = PRODUCT_CONTEXT('',#2,'mechanical');
#13135 = PRODUCT_DEFINITION_CONTEXT('part definition',#2,'design');
#13136 = SHAPE_REPRESENTATION('',(#11,#13137,#13141),#13145);
#13137 = AXIS2_PLACEMENT_3D('',#13138,#13139,#13140);
#13138 = CARTESIAN_POINT('',(0.,0.,0.));
#13139 = DIRECTION('',(0.,0.,1.));
#13140 = DIRECTION('',(1.,0.,0.));
#13141 = AXIS2_PLACEMENT_3D('',#13142,#13143,#13144);
#13142 = CARTESIAN_POINT('',(0.,0.,0.));
#13143 = DIRECTION('',(0.,0.,1.));
#13144 = DIRECTION('',(1.,0.,0.));
#13145 = ( GEOMETRIC_REPRESENTATION_CONTEXT(3) 
GLOBAL_UNCERTAINTY_ASSIGNED_CONTEXT((#13149)) 
GLOBAL_UNIT_ASSIGNED_CONTEXT((#13146,#13147,#13148)) 
REPRESENTATION_CONTEXT('Context #1',
  '3D Context with UNIT and UNCERTAINTY') );
#13146 = ( LENGTH_UNIT() NAMED_UNIT(*) SI_UNIT(.MILLI.,.METRE.) );
#13147 = ( NAMED_UNIT(*) PLANE_ANGLE_UNIT() SI_UNIT($,.RADIAN.) );
#13148 = ( NAMED_UNIT(*) SI_UNIT($,.STERADIAN.) SOLID_ANGLE_UNIT() );
#13149 = UNCERTAINTY_MEASURE_WITH_UNIT(LENGTH_MEASURE(2.E-05),#13146,
  'distance_accuracy_value','confusion accuracy');
#13150 = CONTEXT_DEPENDENT_SHAPE_REPRESENTATION(#13151,#13153);
#13151 = ( REPRESENTATION_RELATIONSHIP('','',#13136,#10) 
REPRESENTATION_RELATIONSHIP_WITH_TRANSFORMATION(#13152) 
SHAPE_REPRESENTATION_RELATIONSHIP() );
#13152 = ITEM_DEFINED_TRANSFORMATION('','',#11,#47);
#13153 = PRODUCT_DEFINITION_SHAPE('Placement','Placement of an item',
  #13154);
#13154 = NEXT_ASSEMBLY_USAGE_OCCURRENCE('17','PHS_1_7X20_5_DC061','',#5,
  #13131,$);
#13155 = PRODUCT_RELATED_PRODUCT_CATEGORY('part',$,(#13133));
#13156 = SHAPE_DEFINITION_REPRESENTATION(#13157,#13163);
#13157 = PRODUCT_DEFINITION_SHAPE('','',#13158);
#13158 = PRODUCT_DEFINITION('design','',#13159,#13162);
#13159 = PRODUCT_DEFINITION_FORMATION('','',#13160);
#13160 = PRODUCT('SHELL063','SHELL063','',(#13161));
#13161 = PRODUCT_CONTEXT('',#2,'mechanical');
#13162 = PRODUCT_DEFINITION_CONTEXT('part definition',#2,'design');
#13163 = MANIFOLD_SURFACE_SHAPE_REPRESENTATION('',(#11,#13164),#13219);
#13164 = SHELL_BASED_SURFACE_MODEL('',(#13165));
#13165 = OPEN_SHELL('',(#13166,#13199));
#13166 = ADVANCED_FACE('',(#13167),#13194,.T.);
#13167 = FACE_BOUND('',#13168,.T.);
#13168 = EDGE_LOOP('',(#13169,#13178,#13186,#13193));
#13169 = ORIENTED_EDGE('',*,*,#13170,.F.);
#13170 = EDGE_CURVE('',#13171,#13171,#13173,.T.);
#13171 = VERTEX_POINT('',#13172);
#13172 = CARTESIAN_POINT('',(-0.7,-20.5,-0.));
#13173 = CIRCLE('',#13174,0.7);
#13174 = AXIS2_PLACEMENT_3D('',#13175,#13176,#13177);
#13175 = CARTESIAN_POINT('',(0.,-20.5,0.));
#13176 = DIRECTION('',(0.,-1.,0.));
#13177 = DIRECTION('',(-1.,0.,0.));
#13178 = ORIENTED_EDGE('',*,*,#13179,.T.);
#13179 = EDGE_CURVE('',#13171,#13180,#13182,.T.);
#13180 = VERTEX_POINT('',#13181);
#13181 = CARTESIAN_POINT('',(-0.7,-16.5,-0.));
#13182 = LINE('',#13183,#13184);
#13183 = CARTESIAN_POINT('',(-0.7,-20.5,-9.E-17));
#13184 = VECTOR('',#13185,1.);
#13185 = DIRECTION('',(0.,1.,0.));
#13186 = ORIENTED_EDGE('',*,*,#13187,.F.);
#13187 = EDGE_CURVE('',#13180,#13180,#13188,.T.);
#13188 = CIRCLE('',#13189,0.7);
#13189 = AXIS2_PLACEMENT_3D('',#13190,#13191,#13192);
#13190 = CARTESIAN_POINT('',(0.,-16.5,0.));
#13191 = DIRECTION('',(-0.,1.,0.));
#13192 = DIRECTION('',(1.,0.,0.));
#13193 = ORIENTED_EDGE('',*,*,#13179,.F.);
#13194 = CYLINDRICAL_SURFACE('',#13195,0.7);
#13195 = AXIS2_PLACEMENT_3D('',#13196,#13197,#13198);
#13196 = CARTESIAN_POINT('',(0.,-20.5,0.));
#13197 = DIRECTION('',(0.,-1.,0.));
#13198 = DIRECTION('',(1.,0.,0.));
#13199 = ADVANCED_FACE('',(#13200,#13211),#13214,.T.);
#13200 = FACE_BOUND('',#13201,.T.);
#13201 = EDGE_LOOP('',(#13202));
#13202 = ORIENTED_EDGE('',*,*,#13203,.F.);
#13203 = EDGE_CURVE('',#13204,#13204,#13206,.T.);
#13204 = VERTEX_POINT('',#13205);
#13205 = CARTESIAN_POINT('',(0.85,-16.5,0.));
#13206 = CIRCLE('',#13207,0.85);
#13207 = AXIS2_PLACEMENT_3D('',#13208,#13209,#13210);
#13208 = CARTESIAN_POINT('',(0.,-16.5,0.));
#13209 = DIRECTION('',(0.,1.,0.));
#13210 = DIRECTION('',(-1.,0.,0.));
#13211 = FACE_BOUND('',#13212,.T.);
#13212 = EDGE_LOOP('',(#13213));
#13213 = ORIENTED_EDGE('',*,*,#13187,.T.);
#13214 = PLANE('',#13215);
#13215 = AXIS2_PLACEMENT_3D('',#13216,#13217,#13218);
#13216 = CARTESIAN_POINT('',(0.,-16.5,0.));
#13217 = DIRECTION('',(0.,-1.,0.));
#13218 = DIRECTION('',(1.,0.,0.));
#13219 = ( GEOMETRIC_REPRESENTATION_CONTEXT(3) 
GLOBAL_UNCERTAINTY_ASSIGNED_CONTEXT((#13223)) 
GLOBAL_UNIT_ASSIGNED_CONTEXT((#13220,#13221,#13222)) 
REPRESENTATION_CONTEXT('Context #1',
  '3D Context with UNIT and UNCERTAINTY') );
#13220 = ( LENGTH_UNIT() NAMED_UNIT(*) SI_UNIT(.MILLI.,.METRE.) );
#13221 = ( NAMED_UNIT(*) PLANE_ANGLE_UNIT() SI_UNIT($,.RADIAN.) );
#13222 = ( NAMED_UNIT(*) SI_UNIT($,.STERADIAN.) SOLID_ANGLE_UNIT() );
#13223 = UNCERTAINTY_MEASURE_WITH_UNIT(LENGTH_MEASURE(1.E-07),#13220,
  'distance_accuracy_value','confusion accuracy');
#13224 = CONTEXT_DEPENDENT_SHAPE_REPRESENTATION(#13225,#13227);
#13225 = ( REPRESENTATION_RELATIONSHIP('','',#13163,#13136) 
REPRESENTATION_RELATIONSHIP_WITH_TRANSFORMATION(#13226) 
SHAPE_REPRESENTATION_RELATIONSHIP() );
#13226 = ITEM_DEFINED_TRANSFORMATION('','',#11,#13137);
#13227 = PRODUCT_DEFINITION_SHAPE('Placement','Placement of an item',
  #13228);
#13228 = NEXT_ASSEMBLY_USAGE_OCCURRENCE('15','SHELL063','',#13131,#13158
  ,$);
#13229 = PRODUCT_RELATED_PRODUCT_CATEGORY('part',$,(#13160));
#13230 = SHAPE_DEFINITION_REPRESENTATION(#13231,#13237);
#13231 = PRODUCT_DEFINITION_SHAPE('','',#13232);
#13232 = PRODUCT_DEFINITION('design','',#13233,#13236);
#13233 = PRODUCT_DEFINITION_FORMATION('','',#13234);
#13234 = PRODUCT('SOLID063','SOLID063','',(#13235));
#13235 = PRODUCT_CONTEXT('',#2,'mechanical');
#13236 = PRODUCT_DEFINITION_CONTEXT('part definition',#2,'design');
#13237 = ADVANCED_BREP_SHAPE_REPRESENTATION('',(#11,#13238),#14019);
#13238 = MANIFOLD_SOLID_BREP('',#13239);
#13239 = CLOSED_SHELL('',(#13240,#13257,#13291,#13317,#13337,#13362,
    #13382,#13408,#13602,#13634,#13658,#13785,#13802,#13819,#13836,
    #13853,#13870,#13887,#13904,#13922,#13939,#13956,#13973,#13990,
    #14007));
#13240 = ADVANCED_FACE('',(#13241),#13252,.T.);
#13241 = FACE_BOUND('',#13242,.T.);
#13242 = EDGE_LOOP('',(#13243));
#13243 = ORIENTED_EDGE('',*,*,#13244,.F.);
#13244 = EDGE_CURVE('',#13245,#13245,#13247,.T.);
#13245 = VERTEX_POINT('',#13246);
#13246 = CARTESIAN_POINT('',(-0.7,-20.5,0.));
#13247 = CIRCLE('',#13248,0.7);
#13248 = AXIS2_PLACEMENT_3D('',#13249,#13250,#13251);
#13249 = CARTESIAN_POINT('',(0.,-20.5,0.));
#13250 = DIRECTION('',(-0.,1.,0.));
#13251 = DIRECTION('',(1.,0.,0.));
#13252 = PLANE('',#13253);
#13253 = AXIS2_PLACEMENT_3D('',#13254,#13255,#13256);
#13254 = CARTESIAN_POINT('',(0.,-20.5,0.));
#13255 = DIRECTION('',(0.,-1.,0.));
#13256 = DIRECTION('',(-1.,0.,0.));
#13257 = ADVANCED_FACE('',(#13258),#13286,.T.);
#13258 = FACE_BOUND('',#13259,.T.);
#13259 = EDGE_LOOP('',(#13260,#13271,#13277,#13278,#13279));
#13260 = ORIENTED_EDGE('',*,*,#13261,.T.);
#13261 = EDGE_CURVE('',#13262,#13264,#13266,.T.);
#13262 = VERTEX_POINT('',#13263);
#13263 = CARTESIAN_POINT('',(0.85,-20.35,0.));
#13264 = VERTEX_POINT('',#13265);
#13265 = CARTESIAN_POINT('',(-0.85,-20.35,0.));
#13266 = CIRCLE('',#13267,0.85);
#13267 = AXIS2_PLACEMENT_3D('',#13268,#13269,#13270);
#13268 = CARTESIAN_POINT('',(0.,-20.35,0.));
#13269 = DIRECTION('',(0.,-1.,0.));
#13270 = DIRECTION('',(-1.,0.,0.));
#13271 = ORIENTED_EDGE('',*,*,#13272,.T.);
#13272 = EDGE_CURVE('',#13264,#13245,#13273,.T.);
#13273 = LINE('',#13274,#13275);
#13274 = CARTESIAN_POINT('',(-0.775,-20.425,9.E-17));
#13275 = VECTOR('',#13276,1.);
#13276 = DIRECTION('',(0.707106781187,-0.707106781187,-9.E-17));
#13277 = ORIENTED_EDGE('',*,*,#13244,.T.);
#13278 = ORIENTED_EDGE('',*,*,#13272,.F.);
#13279 = ORIENTED_EDGE('',*,*,#13280,.T.);
#13280 = EDGE_CURVE('',#13264,#13262,#13281,.T.);
#13281 = CIRCLE('',#13282,0.85);
#13282 = AXIS2_PLACEMENT_3D('',#13283,#13284,#13285);
#13283 = CARTESIAN_POINT('',(0.,-20.35,0.));
#13284 = DIRECTION('',(0.,-1.,0.));
#13285 = DIRECTION('',(-1.,0.,0.));
#13286 = CONICAL_SURFACE('',#13287,0.775,0.785398163397);
#13287 = AXIS2_PLACEMENT_3D('',#13288,#13289,#13290);
#13288 = CARTESIAN_POINT('',(0.,-20.425,0.));
#13289 = DIRECTION('',(0.,1.,0.));
#13290 = DIRECTION('',(1.,0.,0.));
#13291 = ADVANCED_FACE('',(#13292),#13312,.T.);
#13292 = FACE_BOUND('',#13293,.T.);
#13293 = EDGE_LOOP('',(#13294,#13295,#13303,#13310,#13311));
#13294 = ORIENTED_EDGE('',*,*,#13261,.F.);
#13295 = ORIENTED_EDGE('',*,*,#13296,.T.);
#13296 = EDGE_CURVE('',#13262,#13297,#13299,.T.);
#13297 = VERTEX_POINT('',#13298);
#13298 = CARTESIAN_POINT('',(0.85,-16.5,0.));
#13299 = LINE('',#13300,#13301);
#13300 = CARTESIAN_POINT('',(0.85,2.39,1.E-16));
#13301 = VECTOR('',#13302,1.);
#13302 = DIRECTION('',(0.,1.,0.));
#13303 = ORIENTED_EDGE('',*,*,#13304,.F.);
#13304 = EDGE_CURVE('',#13297,#13297,#13305,.T.);
#13305 = CIRCLE('',#13306,0.85);
#13306 = AXIS2_PLACEMENT_3D('',#13307,#13308,#13309);
#13307 = CARTESIAN_POINT('',(0.,-16.5,0.));
#13308 = DIRECTION('',(0.,1.,0.));
#13309 = DIRECTION('',(-1.,0.,0.));
#13310 = ORIENTED_EDGE('',*,*,#13296,.F.);
#13311 = ORIENTED_EDGE('',*,*,#13280,.F.);
#13312 = CYLINDRICAL_SURFACE('',#13313,0.85);
#13313 = AXIS2_PLACEMENT_3D('',#13314,#13315,#13316);
#13314 = CARTESIAN_POINT('',(0.,2.39,0.));
#13315 = DIRECTION('',(0.,-1.,0.));
#13316 = DIRECTION('',(-1.,0.,0.));
#13317 = ADVANCED_FACE('',(#13318,#13321),#13332,.F.);
#13318 = FACE_BOUND('',#13319,.T.);
#13319 = EDGE_LOOP('',(#13320));
#13320 = ORIENTED_EDGE('',*,*,#13304,.T.);
#13321 = FACE_BOUND('',#13322,.T.);
#13322 = EDGE_LOOP('',(#13323));
#13323 = ORIENTED_EDGE('',*,*,#13324,.F.);
#13324 = EDGE_CURVE('',#13325,#13325,#13327,.T.);
#13325 = VERTEX_POINT('',#13326);
#13326 = CARTESIAN_POINT('',(0.,-16.5,-0.7));
#13327 = CIRCLE('',#13328,0.7);
#13328 = AXIS2_PLACEMENT_3D('',#13329,#13330,#13331);
#13329 = CARTESIAN_POINT('',(0.,-16.5,0.));
#13330 = DIRECTION('',(0.,1.,0.));
#13331 = DIRECTION('',(0.,-0.,1.));
#13332 = PLANE('',#13333);
#13333 = AXIS2_PLACEMENT_3D('',#13334,#13335,#13336);
#13334 = CARTESIAN_POINT('',(0.,-16.5,0.));
#13335 = DIRECTION('',(0.,-1.,0.));
#13336 = DIRECTION('',(0.,0.,1.));
#13337 = ADVANCED_FACE('',(#13338),#13357,.T.);
#13338 = FACE_BOUND('',#13339,.T.);
#13339 = EDGE_LOOP('',(#13340,#13341,#13349,#13356));
#13340 = ORIENTED_EDGE('',*,*,#13324,.T.);
#13341 = ORIENTED_EDGE('',*,*,#13342,.T.);
#13342 = EDGE_CURVE('',#13325,#13343,#13345,.T.);
#13343 = VERTEX_POINT('',#13344);
#13344 = CARTESIAN_POINT('',(0.,0.,-0.7));
#13345 = LINE('',#13346,#13347);
#13346 = CARTESIAN_POINT('',(9.E-17,0.825,-0.7));
#13347 = VECTOR('',#13348,1.);
#13348 = DIRECTION('',(0.,1.,0.));
#13349 = ORIENTED_EDGE('',*,*,#13350,.T.);
#13350 = EDGE_CURVE('',#13343,#13343,#13351,.T.);
#13351 = CIRCLE('',#13352,0.7);
#13352 = AXIS2_PLACEMENT_3D('',#13353,#13354,#13355);
#13353 = CARTESIAN_POINT('',(0.,0.,0.));
#13354 = DIRECTION('',(0.,-1.,0.));
#13355 = DIRECTION('',(0.,0.,1.));
#13356 = ORIENTED_EDGE('',*,*,#13342,.F.);
#13357 = CYLINDRICAL_SURFACE('',#13358,0.7);
#13358 = AXIS2_PLACEMENT_3D('',#13359,#13360,#13361);
#13359 = CARTESIAN_POINT('',(0.,0.825,0.));
#13360 = DIRECTION('',(0.,-1.,0.));
#13361 = DIRECTION('',(0.,0.,1.));
#13362 = ADVANCED_FACE('',(#13363,#13374),#13377,.T.);
#13363 = FACE_BOUND('',#13364,.T.);
#13364 = EDGE_LOOP('',(#13365));
#13365 = ORIENTED_EDGE('',*,*,#13366,.T.);
#13366 = EDGE_CURVE('',#13367,#13367,#13369,.T.);
#13367 = VERTEX_POINT('',#13368);
#13368 = CARTESIAN_POINT('',(1.26690985122,0.,0.));
#13369 = CIRCLE('',#13370,1.26690985122);
#13370 = AXIS2_PLACEMENT_3D('',#13371,#13372,#13373);
#13371 = CARTESIAN_POINT('',(0.,0.,0.));
#13372 = DIRECTION('',(0.,-1.,0.));
#13373 = DIRECTION('',(1.,0.,0.));
#13374 = FACE_BOUND('',#13375,.T.);
#13375 = EDGE_LOOP('',(#13376));
#13376 = ORIENTED_EDGE('',*,*,#13350,.F.);
#13377 = PLANE('',#13378);
#13378 = AXIS2_PLACEMENT_3D('',#13379,#13380,#13381);
#13379 = CARTESIAN_POINT('',(0.,0.,0.));
#13380 = DIRECTION('',(0.,-1.,0.));
#13381 = DIRECTION('',(-1.,0.,0.));
#13382 = ADVANCED_FACE('',(#13383),#13403,.T.);
#13383 = FACE_BOUND('',#13384,.T.);
#13384 = EDGE_LOOP('',(#13385,#13386,#13395,#13402));
#13385 = ORIENTED_EDGE('',*,*,#13366,.F.);
#13386 = ORIENTED_EDGE('',*,*,#13387,.T.);
#13387 = EDGE_CURVE('',#13367,#13388,#13390,.T.);
#13388 = VERTEX_POINT('',#13389);
#13389 = CARTESIAN_POINT('',(1.26690985122,0.898593736474,0.));
#13390 = CIRCLE('',#13391,0.549569972405);
#13391 = AXIS2_PLACEMENT_3D('',#13392,#13393,#13394);
#13392 = CARTESIAN_POINT('',(0.950430027595,0.449296868237,1.2E-16));
#13393 = DIRECTION('',(-1.2E-16,0.,1.));
#13394 = DIRECTION('',(1.,0.,1.2E-16));
#13395 = ORIENTED_EDGE('',*,*,#13396,.T.);
#13396 = EDGE_CURVE('',#13388,#13388,#13397,.T.);
#13397 = CIRCLE('',#13398,1.26690985122);
#13398 = AXIS2_PLACEMENT_3D('',#13399,#13400,#13401);
#13399 = CARTESIAN_POINT('',(0.,0.898593736474,0.));
#13400 = DIRECTION('',(0.,-1.,0.));
#13401 = DIRECTION('',(1.,0.,0.));
#13402 = ORIENTED_EDGE('',*,*,#13387,.F.);
#13403 = TOROIDAL_SURFACE('',#13404,0.950430027595,0.549569972405);
#13404 = AXIS2_PLACEMENT_3D('',#13405,#13406,#13407);
#13405 = CARTESIAN_POINT('',(0.,0.449296868237,0.));
#13406 = DIRECTION('',(0.,-1.,0.));
#13407 = DIRECTION('',(-1.,0.,0.));
#13408 = ADVANCED_FACE('',(#13409),#13597,.T.);
#13409 = FACE_BOUND('',#13410,.T.);
#13410 = EDGE_LOOP('',(#13411,#13412,#13421,#13430,#13439,#13454,#13463,
    #13472,#13481,#13496,#13505,#13514,#13523,#13538,#13547,#13556,
    #13565,#13580,#13589,#13596));
#13411 = ORIENTED_EDGE('',*,*,#13396,.F.);
#13412 = ORIENTED_EDGE('',*,*,#13413,.T.);
#13413 = EDGE_CURVE('',#13388,#13414,#13416,.T.);
#13414 = VERTEX_POINT('',#13415);
#13415 = CARTESIAN_POINT('',(1.1,1.005255888326,0.));
#13416 = CIRCLE('',#13417,2.2);
#13417 = AXIS2_PLACEMENT_3D('',#13418,#13419,#13420);
#13418 = CARTESIAN_POINT('',(0.,-0.9,0.));
#13419 = DIRECTION('',(-1.2E-16,0.,1.));
#13420 = DIRECTION('',(1.,0.,1.2E-16));
#13421 = ORIENTED_EDGE('',*,*,#13422,.T.);
#13422 = EDGE_CURVE('',#13414,#13423,#13425,.T.);
#13423 = VERTEX_POINT('',#13424);
#13424 = CARTESIAN_POINT('',(1.085822107625,1.005255888326,
    0.176040764009));
#13425 = CIRCLE('',#13426,1.1);
#13426 = AXIS2_PLACEMENT_3D('',#13427,#13428,#13429);
#13427 = CARTESIAN_POINT('',(0.,1.005255888326,0.));
#13428 = DIRECTION('',(0.,-1.,0.));
#13429 = DIRECTION('',(1.,0.,0.));
#13430 = ORIENTED_EDGE('',*,*,#13431,.T.);
#13431 = EDGE_CURVE('',#13423,#13432,#13434,.T.);
#13432 = VERTEX_POINT('',#13433);
#13433 = CARTESIAN_POINT('',(0.601040764009,1.208971230104,
    0.176040764009));
#13434 = CIRCLE('',#13435,2.192945427822);
#13435 = AXIS2_PLACEMENT_3D('',#13436,#13437,#13438);
#13436 = CARTESIAN_POINT('',(0.,-0.9,0.176040764009));
#13437 = DIRECTION('',(0.,0.,1.));
#13438 = DIRECTION('',(0.495143241528,0.868811354881,-0.));
#13439 = ORIENTED_EDGE('',*,*,#13440,.T.);
#13440 = EDGE_CURVE('',#13432,#13441,#13443,.T.);
#13441 = VERTEX_POINT('',#13442);
#13442 = CARTESIAN_POINT('',(0.176040764009,1.208971230104,
    0.601040764009));
#13443 = B_SPLINE_CURVE_WITH_KNOTS('',3,(#13444,#13445,#13446,#13447,
    #13448,#13449,#13450,#13451,#13452,#13453),.UNSPECIFIED.,.F.,.F.,(4,
    2,2,2,4),(6.854195240227E-02,8.481545634273E-02,0.101088960283,
    0.117362464224,0.133635968164),.UNSPECIFIED.);
#13444 = CARTESIAN_POINT('',(0.601040764009,1.208971230104,
    0.176040764009));
#13445 = CARTESIAN_POINT('',(0.548872948692,1.223838660787,
    0.176040764009));
#13446 = CARTESIAN_POINT('',(0.492327856508,1.236868729877,
    0.186280318287));
#13447 = CARTESIAN_POINT('',(0.387324068728,1.254224570175,
    0.229328609285));
#13448 = CARTESIAN_POINT('',(0.338877398638,1.258558546808,
    0.262163365371));
#13449 = CARTESIAN_POINT('',(0.262163365371,1.258558546808,
    0.338877398638));
#13450 = CARTESIAN_POINT('',(0.229328609285,1.254224570175,
    0.387324068728));
#13451 = CARTESIAN_POINT('',(0.186280318287,1.236868729877,
    0.492327856508));
#13452 = CARTESIAN_POINT('',(0.176040764009,1.223838660786,
    0.548872948692));
#13453 = CARTESIAN_POINT('',(0.176040764009,1.208971230104,
    0.601040764009));
#13454 = ORIENTED_EDGE('',*,*,#13455,.T.);
#13455 = EDGE_CURVE('',#13441,#13456,#13458,.T.);
#13456 = VERTEX_POINT('',#13457);
#13457 = CARTESIAN_POINT('',(0.176040764009,1.005255888326,
    1.085822107625));
#13458 = CIRCLE('',#13459,2.192945427822);
#13459 = AXIS2_PLACEMENT_3D('',#13460,#13461,#13462);
#13460 = CARTESIAN_POINT('',(0.176040764009,-0.9,0.));
#13461 = DIRECTION('',(1.,0.,0.));
#13462 = DIRECTION('',(-0.,0.961707119268,0.274079216192));
#13463 = ORIENTED_EDGE('',*,*,#13464,.T.);
#13464 = EDGE_CURVE('',#13456,#13465,#13467,.T.);
#13465 = VERTEX_POINT('',#13466);
#13466 = CARTESIAN_POINT('',(-0.176040764009,1.005255888326,
    1.085822107625));
#13467 = CIRCLE('',#13468,1.1);
#13468 = AXIS2_PLACEMENT_3D('',#13469,#13470,#13471);
#13469 = CARTESIAN_POINT('',(0.,1.005255888326,0.));
#13470 = DIRECTION('',(0.,-1.,0.));
#13471 = DIRECTION('',(0.16003705819,0.,0.987111006932));
#13472 = ORIENTED_EDGE('',*,*,#13473,.T.);
#13473 = EDGE_CURVE('',#13465,#13474,#13476,.T.);
#13474 = VERTEX_POINT('',#13475);
#13475 = CARTESIAN_POINT('',(-0.176040764009,1.208971230104,
    0.601040764009));
#13476 = CIRCLE('',#13477,2.192945427822);
#13477 = AXIS2_PLACEMENT_3D('',#13478,#13479,#13480);
#13478 = CARTESIAN_POINT('',(-0.176040764009,-0.9,0.));
#13479 = DIRECTION('',(-1.,0.,0.));
#13480 = DIRECTION('',(0.,0.868811354881,0.495143241528));
#13481 = ORIENTED_EDGE('',*,*,#13482,.T.);
#13482 = EDGE_CURVE('',#13474,#13483,#13485,.T.);
#13483 = VERTEX_POINT('',#13484);
#13484 = CARTESIAN_POINT('',(-0.601040764009,1.208971230104,
    0.176040764009));
#13485 = B_SPLINE_CURVE_WITH_KNOTS('',3,(#13486,#13487,#13488,#13489,
    #13490,#13491,#13492,#13493,#13494,#13495),.UNSPECIFIED.,.F.,.F.,(4,
    2,2,2,4),(-5.51E-15,1.627350394045E-02,3.254700788091E-02,
    4.882051182136E-02,6.509401576182E-02),.UNSPECIFIED.);
#13486 = CARTESIAN_POINT('',(-0.176040764009,1.208971230104,
    0.601040764009));
#13487 = CARTESIAN_POINT('',(-0.176040764009,1.223838660786,
    0.548872948692));
#13488 = CARTESIAN_POINT('',(-0.186280318287,1.236868729877,
    0.492327856508));
#13489 = CARTESIAN_POINT('',(-0.229328609285,1.254224570175,
    0.387324068728));
#13490 = CARTESIAN_POINT('',(-0.262163365371,1.258558546808,
    0.338877398638));
#13491 = CARTESIAN_POINT('',(-0.338877398638,1.258558546808,
    0.262163365371));
#13492 = CARTESIAN_POINT('',(-0.387324068728,1.254224570175,
    0.229328609285));
#13493 = CARTESIAN_POINT('',(-0.492327856508,1.236868729877,
    0.186280318287));
#13494 = CARTESIAN_POINT('',(-0.548872948692,1.223838660786,
    0.176040764009));
#13495 = CARTESIAN_POINT('',(-0.601040764009,1.208971230104,
    0.176040764009));
#13496 = ORIENTED_EDGE('',*,*,#13497,.T.);
#13497 = EDGE_CURVE('',#13483,#13498,#13500,.T.);
#13498 = VERTEX_POINT('',#13499);
#13499 = CARTESIAN_POINT('',(-1.085822107625,1.005255888326,
    0.176040764009));
#13500 = CIRCLE('',#13501,2.192945427822);
#13501 = AXIS2_PLACEMENT_3D('',#13502,#13503,#13504);
#13502 = CARTESIAN_POINT('',(0.,-0.9,0.176040764009));
#13503 = DIRECTION('',(0.,0.,1.));
#13504 = DIRECTION('',(-0.274079216192,0.961707119268,0.));
#13505 = ORIENTED_EDGE('',*,*,#13506,.T.);
#13506 = EDGE_CURVE('',#13498,#13507,#13509,.T.);
#13507 = VERTEX_POINT('',#13508);
#13508 = CARTESIAN_POINT('',(-1.085822107625,1.005255888326,
    -0.176040764009));
#13509 = CIRCLE('',#13510,1.1);
#13510 = AXIS2_PLACEMENT_3D('',#13511,#13512,#13513);
#13511 = CARTESIAN_POINT('',(0.,1.005255888326,0.));
#13512 = DIRECTION('',(0.,-1.,0.));
#13513 = DIRECTION('',(-1.,0.,0.));
#13514 = ORIENTED_EDGE('',*,*,#13515,.T.);
#13515 = EDGE_CURVE('',#13507,#13516,#13518,.T.);
#13516 = VERTEX_POINT('',#13517);
#13517 = CARTESIAN_POINT('',(-0.601040764009,1.208971230104,
    -0.176040764009));
#13518 = CIRCLE('',#13519,2.192945427822);
#13519 = AXIS2_PLACEMENT_3D('',#13520,#13521,#13522);
#13520 = CARTESIAN_POINT('',(0.,-0.9,-0.176040764009));
#13521 = DIRECTION('',(0.,0.,-1.));
#13522 = DIRECTION('',(-0.495143241528,0.868811354881,0.));
#13523 = ORIENTED_EDGE('',*,*,#13524,.T.);
#13524 = EDGE_CURVE('',#13516,#13525,#13527,.T.);
#13525 = VERTEX_POINT('',#13526);
#13526 = CARTESIAN_POINT('',(-0.176040764009,1.208971230104,
    -0.601040764009));
#13527 = B_SPLINE_CURVE_WITH_KNOTS('',3,(#13528,#13529,#13530,#13531,
    #13532,#13533,#13534,#13535,#13536,#13537),.UNSPECIFIED.,.F.,.F.,(4,
    2,2,2,4),(0.202544755209,0.218818259149,0.23509176309,0.25136526703,
    0.267638770971),.UNSPECIFIED.);
#13528 = CARTESIAN_POINT('',(-0.601040764009,1.208971230104,
    -0.176040764009));
#13529 = CARTESIAN_POINT('',(-0.548872948692,1.223838660787,
    -0.176040764009));
#13530 = CARTESIAN_POINT('',(-0.492327856508,1.236868729877,
    -0.186280318287));
#13531 = CARTESIAN_POINT('',(-0.387324068728,1.254224570175,
    -0.229328609285));
#13532 = CARTESIAN_POINT('',(-0.338877398638,1.258558546808,
    -0.262163365371));
#13533 = CARTESIAN_POINT('',(-0.262163365371,1.258558546808,
    -0.338877398638));
#13534 = CARTESIAN_POINT('',(-0.229328609285,1.254224570175,
    -0.387324068728));
#13535 = CARTESIAN_POINT('',(-0.186280318287,1.236868729877,
    -0.492327856508));
#13536 = CARTESIAN_POINT('',(-0.176040764009,1.223838660786,
    -0.548872948692));
#13537 = CARTESIAN_POINT('',(-0.176040764009,1.208971230104,
    -0.601040764009));
#13538 = ORIENTED_EDGE('',*,*,#13539,.T.);
#13539 = EDGE_CURVE('',#13525,#13540,#13542,.T.);
#13540 = VERTEX_POINT('',#13541);
#13541 = CARTESIAN_POINT('',(-0.176040764009,1.005255888326,
    -1.085822107625));
#13542 = CIRCLE('',#13543,2.192945427822);
#13543 = AXIS2_PLACEMENT_3D('',#13544,#13545,#13546);
#13544 = CARTESIAN_POINT('',(-0.176040764009,-0.9,0.));
#13545 = DIRECTION('',(-1.,0.,0.));
#13546 = DIRECTION('',(0.,0.961707119268,-0.274079216192));
#13547 = ORIENTED_EDGE('',*,*,#13548,.T.);
#13548 = EDGE_CURVE('',#13540,#13549,#13551,.T.);
#13549 = VERTEX_POINT('',#13550);
#13550 = CARTESIAN_POINT('',(0.176040764009,1.005255888326,
    -1.085822107625));
#13551 = CIRCLE('',#13552,1.1);
#13552 = AXIS2_PLACEMENT_3D('',#13553,#13554,#13555);
#13553 = CARTESIAN_POINT('',(0.,1.005255888326,0.));
#13554 = DIRECTION('',(0.,-1.,0.));
#13555 = DIRECTION('',(-0.16003705819,-0.,-0.987111006932));
#13556 = ORIENTED_EDGE('',*,*,#13557,.T.);
#13557 = EDGE_CURVE('',#13549,#13558,#13560,.T.);
#13558 = VERTEX_POINT('',#13559);
#13559 = CARTESIAN_POINT('',(0.176040764009,1.208971230104,
    -0.601040764009));
#13560 = CIRCLE('',#13561,2.192945427822);
#13561 = AXIS2_PLACEMENT_3D('',#13562,#13563,#13564);
#13562 = CARTESIAN_POINT('',(0.176040764009,-0.9,0.));
#13563 = DIRECTION('',(1.,0.,0.));
#13564 = DIRECTION('',(0.,0.868811354881,-0.495143241528));
#13565 = ORIENTED_EDGE('',*,*,#13566,.T.);
#13566 = EDGE_CURVE('',#13558,#13567,#13569,.T.);
#13567 = VERTEX_POINT('',#13568);
#13568 = CARTESIAN_POINT('',(0.601040764009,1.208971230104,
    -0.176040764009));
#13569 = B_SPLINE_CURVE_WITH_KNOTS('',3,(#13570,#13571,#13572,#13573,
    #13574,#13575,#13576,#13577,#13578,#13579),.UNSPECIFIED.,.F.,.F.,(4,
    2,2,2,4),(0.134002802807,0.150276306747,0.166549810688,
    0.182823314628,0.199096818568),.UNSPECIFIED.);
#13570 = CARTESIAN_POINT('',(0.176040764009,1.208971230104,
    -0.601040764009));
#13571 = CARTESIAN_POINT('',(0.176040764009,1.223838660787,
    -0.548872948692));
#13572 = CARTESIAN_POINT('',(0.186280318287,1.236868729877,
    -0.492327856508));
#13573 = CARTESIAN_POINT('',(0.229328609285,1.254224570175,
    -0.387324068728));
#13574 = CARTESIAN_POINT('',(0.262163365371,1.258558546808,
    -0.338877398638));
#13575 = CARTESIAN_POINT('',(0.338877398638,1.258558546808,
    -0.262163365371));
#13576 = CARTESIAN_POINT('',(0.387324068728,1.254224570175,
    -0.229328609285));
#13577 = CARTESIAN_POINT('',(0.492327856508,1.236868729877,
    -0.186280318287));
#13578 = CARTESIAN_POINT('',(0.548872948692,1.223838660786,
    -0.176040764009));
#13579 = CARTESIAN_POINT('',(0.601040764009,1.208971230104,
    -0.176040764009));
#13580 = ORIENTED_EDGE('',*,*,#13581,.T.);
#13581 = EDGE_CURVE('',#13567,#13582,#13584,.T.);
#13582 = VERTEX_POINT('',#13583);
#13583 = CARTESIAN_POINT('',(1.085822107625,1.005255888326,
    -0.176040764009));
#13584 = CIRCLE('',#13585,2.192945427822);
#13585 = AXIS2_PLACEMENT_3D('',#13586,#13587,#13588);
#13586 = CARTESIAN_POINT('',(0.,-0.9,-0.176040764009));
#13587 = DIRECTION('',(0.,0.,-1.));
#13588 = DIRECTION('',(0.274079216192,0.961707119268,0.));
#13589 = ORIENTED_EDGE('',*,*,#13590,.T.);
#13590 = EDGE_CURVE('',#13582,#13414,#13591,.T.);
#13591 = CIRCLE('',#13592,1.1);
#13592 = AXIS2_PLACEMENT_3D('',#13593,#13594,#13595);
#13593 = CARTESIAN_POINT('',(0.,1.005255888326,0.));
#13594 = DIRECTION('',(0.,-1.,0.));
#13595 = DIRECTION('',(1.,0.,0.));
#13596 = ORIENTED_EDGE('',*,*,#13413,.F.);
#13597 = SPHERICAL_SURFACE('',#13598,2.2);
#13598 = AXIS2_PLACEMENT_3D('',#13599,#13600,#13601);
#13599 = CARTESIAN_POINT('',(0.,-0.9,0.));
#13600 = DIRECTION('',(-6.E-17,-1.,0.));
#13601 = DIRECTION('',(-1.,6.E-17,0.));
#13602 = ADVANCED_FACE('',(#13603),#13629,.F.);
#13603 = FACE_BOUND('',#13604,.F.);
#13604 = EDGE_LOOP('',(#13605,#13613,#13622,#13628));
#13605 = ORIENTED_EDGE('',*,*,#13606,.F.);
#13606 = EDGE_CURVE('',#13607,#13507,#13609,.T.);
#13607 = VERTEX_POINT('',#13608);
#13608 = CARTESIAN_POINT('',(-1.085822107625,0.65,-0.176040764009));
#13609 = LINE('',#13610,#13611);
#13610 = CARTESIAN_POINT('',(-1.085822107625,0.65,-0.176040764009));
#13611 = VECTOR('',#13612,1.);
#13612 = DIRECTION('',(0.,1.,0.));
#13613 = ORIENTED_EDGE('',*,*,#13614,.F.);
#13614 = EDGE_CURVE('',#13615,#13607,#13617,.T.);
#13615 = VERTEX_POINT('',#13616);
#13616 = CARTESIAN_POINT('',(-1.085822107625,0.65,0.176040764009));
#13617 = CIRCLE('',#13618,1.1);
#13618 = AXIS2_PLACEMENT_3D('',#13619,#13620,#13621);
#13619 = CARTESIAN_POINT('',(0.,0.65,0.));
#13620 = DIRECTION('',(0.,-1.,0.));
#13621 = DIRECTION('',(-0.987111006932,0.,0.16003705819));
#13622 = ORIENTED_EDGE('',*,*,#13623,.T.);
#13623 = EDGE_CURVE('',#13615,#13498,#13624,.T.);
#13624 = LINE('',#13625,#13626);
#13625 = CARTESIAN_POINT('',(-1.085822107625,0.65,0.176040764009));
#13626 = VECTOR('',#13627,1.);
#13627 = DIRECTION('',(0.,1.,0.));
#13628 = ORIENTED_EDGE('',*,*,#13506,.T.);
#13629 = CYLINDRICAL_SURFACE('',#13630,1.1);
#13630 = AXIS2_PLACEMENT_3D('',#13631,#13632,#13633);
#13631 = CARTESIAN_POINT('',(0.,0.65,0.));
#13632 = DIRECTION('',(0.,-1.,0.));
#13633 = DIRECTION('',(-1.,0.,1.2E-16));
#13634 = ADVANCED_FACE('',(#13635),#13653,.F.);
#13635 = FACE_BOUND('',#13636,.T.);
#13636 = EDGE_LOOP('',(#13637,#13638,#13646,#13652));
#13637 = ORIENTED_EDGE('',*,*,#13497,.F.);
#13638 = ORIENTED_EDGE('',*,*,#13639,.F.);
#13639 = EDGE_CURVE('',#13640,#13483,#13642,.T.);
#13640 = VERTEX_POINT('',#13641);
#13641 = CARTESIAN_POINT('',(-0.601040764009,0.65,0.176040764009));
#13642 = LINE('',#13643,#13644);
#13643 = CARTESIAN_POINT('',(-0.601040764009,0.65,0.176040764009));
#13644 = VECTOR('',#13645,1.);
#13645 = DIRECTION('',(0.,1.,0.));
#13646 = ORIENTED_EDGE('',*,*,#13647,.T.);
#13647 = EDGE_CURVE('',#13640,#13615,#13648,.T.);
#13648 = LINE('',#13649,#13650);
#13649 = CARTESIAN_POINT('',(-0.601040764009,0.65,0.176040764009));
#13650 = VECTOR('',#13651,1.);
#13651 = DIRECTION('',(-1.,0.,0.));
#13652 = ORIENTED_EDGE('',*,*,#13623,.T.);
#13653 = PLANE('',#13654);
#13654 = AXIS2_PLACEMENT_3D('',#13655,#13656,#13657);
#13655 = CARTESIAN_POINT('',(-0.601040764009,0.65,0.176040764009));
#13656 = DIRECTION('',(0.,0.,1.));
#13657 = DIRECTION('',(-1.,0.,0.));
#13658 = ADVANCED_FACE('',(#13659),#13780,.F.);
#13659 = FACE_BOUND('',#13660,.T.);
#13660 = EDGE_LOOP('',(#13661,#13662,#13671,#13679,#13688,#13696,#13705,
    #13713,#13722,#13730,#13739,#13747,#13756,#13764,#13773,#13779));
#13661 = ORIENTED_EDGE('',*,*,#13647,.F.);
#13662 = ORIENTED_EDGE('',*,*,#13663,.F.);
#13663 = EDGE_CURVE('',#13664,#13640,#13666,.T.);
#13664 = VERTEX_POINT('',#13665);
#13665 = CARTESIAN_POINT('',(-0.176040764009,0.65,0.601040764009));
#13666 = CIRCLE('',#13667,0.425);
#13667 = AXIS2_PLACEMENT_3D('',#13668,#13669,#13670);
#13668 = CARTESIAN_POINT('',(-0.601040764009,0.65,0.601040764009));
#13669 = DIRECTION('',(-0.,1.,0.));
#13670 = DIRECTION('',(1.,0.,0.));
#13671 = ORIENTED_EDGE('',*,*,#13672,.F.);
#13672 = EDGE_CURVE('',#13673,#13664,#13675,.T.);
#13673 = VERTEX_POINT('',#13674);
#13674 = CARTESIAN_POINT('',(-0.176040764009,0.65,1.085822107625));
#13675 = LINE('',#13676,#13677);
#13676 = CARTESIAN_POINT('',(-0.176040764009,0.65,1.085822107625));
#13677 = VECTOR('',#13678,1.);
#13678 = DIRECTION('',(0.,0.,-1.));
#13679 = ORIENTED_EDGE('',*,*,#13680,.F.);
#13680 = EDGE_CURVE('',#13681,#13673,#13683,.T.);
#13681 = VERTEX_POINT('',#13682);
#13682 = CARTESIAN_POINT('',(0.176040764009,0.65,1.085822107625));
#13683 = CIRCLE('',#13684,1.1);
#13684 = AXIS2_PLACEMENT_3D('',#13685,#13686,#13687);
#13685 = CARTESIAN_POINT('',(0.,0.65,0.));
#13686 = DIRECTION('',(0.,-1.,0.));
#13687 = DIRECTION('',(0.16003705819,0.,0.987111006932));
#13688 = ORIENTED_EDGE('',*,*,#13689,.F.);
#13689 = EDGE_CURVE('',#13690,#13681,#13692,.T.);
#13690 = VERTEX_POINT('',#13691);
#13691 = CARTESIAN_POINT('',(0.176040764009,0.65,0.601040764009));
#13692 = LINE('',#13693,#13694);
#13693 = CARTESIAN_POINT('',(0.176040764009,0.65,0.601040764009));
#13694 = VECTOR('',#13695,1.);
#13695 = DIRECTION('',(0.,0.,1.));
#13696 = ORIENTED_EDGE('',*,*,#13697,.F.);
#13697 = EDGE_CURVE('',#13698,#13690,#13700,.T.);
#13698 = VERTEX_POINT('',#13699);
#13699 = CARTESIAN_POINT('',(0.601040764009,0.65,0.176040764009));
#13700 = CIRCLE('',#13701,0.425);
#13701 = AXIS2_PLACEMENT_3D('',#13702,#13703,#13704);
#13702 = CARTESIAN_POINT('',(0.601040764009,0.65,0.601040764009));
#13703 = DIRECTION('',(0.,1.,0.));
#13704 = DIRECTION('',(0.,0.,-1.));
#13705 = ORIENTED_EDGE('',*,*,#13706,.F.);
#13706 = EDGE_CURVE('',#13707,#13698,#13709,.T.);
#13707 = VERTEX_POINT('',#13708);
#13708 = CARTESIAN_POINT('',(1.085822107625,0.65,0.176040764009));
#13709 = LINE('',#13710,#13711);
#13710 = CARTESIAN_POINT('',(1.085822107625,0.65,0.176040764009));
#13711 = VECTOR('',#13712,1.);
#13712 = DIRECTION('',(-1.,0.,0.));
#13713 = ORIENTED_EDGE('',*,*,#13714,.F.);
#13714 = EDGE_CURVE('',#13715,#13707,#13717,.T.);
#13715 = VERTEX_POINT('',#13716);
#13716 = CARTESIAN_POINT('',(1.085822107625,0.65,-0.176040764009));
#13717 = CIRCLE('',#13718,1.1);
#13718 = AXIS2_PLACEMENT_3D('',#13719,#13720,#13721);
#13719 = CARTESIAN_POINT('',(0.,0.65,0.));
#13720 = DIRECTION('',(0.,-1.,0.));
#13721 = DIRECTION('',(0.987111006932,0.,-0.16003705819));
#13722 = ORIENTED_EDGE('',*,*,#13723,.F.);
#13723 = EDGE_CURVE('',#13724,#13715,#13726,.T.);
#13724 = VERTEX_POINT('',#13725);
#13725 = CARTESIAN_POINT('',(0.601040764009,0.65,-0.176040764009));
#13726 = LINE('',#13727,#13728);
#13727 = CARTESIAN_POINT('',(0.601040764009,0.65,-0.176040764009));
#13728 = VECTOR('',#13729,1.);
#13729 = DIRECTION('',(1.,0.,0.));
#13730 = ORIENTED_EDGE('',*,*,#13731,.F.);
#13731 = EDGE_CURVE('',#13732,#13724,#13734,.T.);
#13732 = VERTEX_POINT('',#13733);
#13733 = CARTESIAN_POINT('',(0.176040764009,0.65,-0.601040764009));
#13734 = CIRCLE('',#13735,0.425);
#13735 = AXIS2_PLACEMENT_3D('',#13736,#13737,#13738);
#13736 = CARTESIAN_POINT('',(0.601040764009,0.65,-0.601040764009));
#13737 = DIRECTION('',(0.,1.,0.));
#13738 = DIRECTION('',(-1.,0.,0.));
#13739 = ORIENTED_EDGE('',*,*,#13740,.F.);
#13740 = EDGE_CURVE('',#13741,#13732,#13743,.T.);
#13741 = VERTEX_POINT('',#13742);
#13742 = CARTESIAN_POINT('',(0.176040764009,0.65,-1.085822107625));
#13743 = LINE('',#13744,#13745);
#13744 = CARTESIAN_POINT('',(0.176040764009,0.65,-1.085822107625));
#13745 = VECTOR('',#13746,1.);
#13746 = DIRECTION('',(0.,0.,1.));
#13747 = ORIENTED_EDGE('',*,*,#13748,.F.);
#13748 = EDGE_CURVE('',#13749,#13741,#13751,.T.);
#13749 = VERTEX_POINT('',#13750);
#13750 = CARTESIAN_POINT('',(-0.176040764009,0.65,-1.085822107625));
#13751 = CIRCLE('',#13752,1.1);
#13752 = AXIS2_PLACEMENT_3D('',#13753,#13754,#13755);
#13753 = CARTESIAN_POINT('',(0.,0.65,0.));
#13754 = DIRECTION('',(0.,-1.,0.));
#13755 = DIRECTION('',(-0.16003705819,-0.,-0.987111006932));
#13756 = ORIENTED_EDGE('',*,*,#13757,.F.);
#13757 = EDGE_CURVE('',#13758,#13749,#13760,.T.);
#13758 = VERTEX_POINT('',#13759);
#13759 = CARTESIAN_POINT('',(-0.176040764009,0.65,-0.601040764009));
#13760 = LINE('',#13761,#13762);
#13761 = CARTESIAN_POINT('',(-0.176040764009,0.65,-0.601040764009));
#13762 = VECTOR('',#13763,1.);
#13763 = DIRECTION('',(0.,0.,-1.));
#13764 = ORIENTED_EDGE('',*,*,#13765,.F.);
#13765 = EDGE_CURVE('',#13766,#13758,#13768,.T.);
#13766 = VERTEX_POINT('',#13767);
#13767 = CARTESIAN_POINT('',(-0.601040764009,0.65,-0.176040764009));
#13768 = CIRCLE('',#13769,0.425);
#13769 = AXIS2_PLACEMENT_3D('',#13770,#13771,#13772);
#13770 = CARTESIAN_POINT('',(-0.601040764009,0.65,-0.601040764009));
#13771 = DIRECTION('',(0.,1.,0.));
#13772 = DIRECTION('',(0.,-0.,1.));
#13773 = ORIENTED_EDGE('',*,*,#13774,.F.);
#13774 = EDGE_CURVE('',#13607,#13766,#13775,.T.);
#13775 = LINE('',#13776,#13777);
#13776 = CARTESIAN_POINT('',(-1.085822107625,0.65,-0.176040764009));
#13777 = VECTOR('',#13778,1.);
#13778 = DIRECTION('',(1.,0.,0.));
#13779 = ORIENTED_EDGE('',*,*,#13614,.F.);
#13780 = PLANE('',#13781);
#13781 = AXIS2_PLACEMENT_3D('',#13782,#13783,#13784);
#13782 = CARTESIAN_POINT('',(0.,0.65,0.));
#13783 = DIRECTION('',(0.,-1.,0.));
#13784 = DIRECTION('',(1.,0.,0.));
#13785 = ADVANCED_FACE('',(#13786),#13797,.F.);
#13786 = FACE_BOUND('',#13787,.T.);
#13787 = EDGE_LOOP('',(#13788,#13789,#13790,#13791));
#13788 = ORIENTED_EDGE('',*,*,#13515,.F.);
#13789 = ORIENTED_EDGE('',*,*,#13606,.F.);
#13790 = ORIENTED_EDGE('',*,*,#13774,.T.);
#13791 = ORIENTED_EDGE('',*,*,#13792,.T.);
#13792 = EDGE_CURVE('',#13766,#13516,#13793,.T.);
#13793 = LINE('',#13794,#13795);
#13794 = CARTESIAN_POINT('',(-0.601040764009,0.65,-0.176040764009));
#13795 = VECTOR('',#13796,1.);
#13796 = DIRECTION('',(0.,1.,0.));
#13797 = PLANE('',#13798);
#13798 = AXIS2_PLACEMENT_3D('',#13799,#13800,#13801);
#13799 = CARTESIAN_POINT('',(-1.085822107625,0.65,-0.176040764009));
#13800 = DIRECTION('',(0.,0.,-1.));
#13801 = DIRECTION('',(1.,0.,0.));
#13802 = ADVANCED_FACE('',(#13803),#13814,.T.);
#13803 = FACE_BOUND('',#13804,.T.);
#13804 = EDGE_LOOP('',(#13805,#13806,#13807,#13808));
#13805 = ORIENTED_EDGE('',*,*,#13524,.F.);
#13806 = ORIENTED_EDGE('',*,*,#13792,.F.);
#13807 = ORIENTED_EDGE('',*,*,#13765,.T.);
#13808 = ORIENTED_EDGE('',*,*,#13809,.T.);
#13809 = EDGE_CURVE('',#13758,#13525,#13810,.T.);
#13810 = LINE('',#13811,#13812);
#13811 = CARTESIAN_POINT('',(-0.176040764009,0.65,-0.601040764009));
#13812 = VECTOR('',#13813,1.);
#13813 = DIRECTION('',(0.,1.,0.));
#13814 = CYLINDRICAL_SURFACE('',#13815,0.425);
#13815 = AXIS2_PLACEMENT_3D('',#13816,#13817,#13818);
#13816 = CARTESIAN_POINT('',(-0.601040764009,0.65,-0.601040764009));
#13817 = DIRECTION('',(0.,-1.,0.));
#13818 = DIRECTION('',(1.,0.,0.));
#13819 = ADVANCED_FACE('',(#13820),#13831,.F.);
#13820 = FACE_BOUND('',#13821,.T.);
#13821 = EDGE_LOOP('',(#13822,#13823,#13824,#13825));
#13822 = ORIENTED_EDGE('',*,*,#13539,.F.);
#13823 = ORIENTED_EDGE('',*,*,#13809,.F.);
#13824 = ORIENTED_EDGE('',*,*,#13757,.T.);
#13825 = ORIENTED_EDGE('',*,*,#13826,.T.);
#13826 = EDGE_CURVE('',#13749,#13540,#13827,.T.);
#13827 = LINE('',#13828,#13829);
#13828 = CARTESIAN_POINT('',(-0.176040764009,0.65,-1.085822107625));
#13829 = VECTOR('',#13830,1.);
#13830 = DIRECTION('',(0.,1.,0.));
#13831 = PLANE('',#13832);
#13832 = AXIS2_PLACEMENT_3D('',#13833,#13834,#13835);
#13833 = CARTESIAN_POINT('',(-0.176040764009,0.65,-0.601040764009));
#13834 = DIRECTION('',(-1.,0.,0.));
#13835 = DIRECTION('',(0.,0.,-1.));
#13836 = ADVANCED_FACE('',(#13837),#13848,.F.);
#13837 = FACE_BOUND('',#13838,.F.);
#13838 = EDGE_LOOP('',(#13839,#13845,#13846,#13847));
#13839 = ORIENTED_EDGE('',*,*,#13840,.F.);
#13840 = EDGE_CURVE('',#13741,#13549,#13841,.T.);
#13841 = LINE('',#13842,#13843);
#13842 = CARTESIAN_POINT('',(0.176040764009,0.65,-1.085822107625));
#13843 = VECTOR('',#13844,1.);
#13844 = DIRECTION('',(0.,1.,0.));
#13845 = ORIENTED_EDGE('',*,*,#13748,.F.);
#13846 = ORIENTED_EDGE('',*,*,#13826,.T.);
#13847 = ORIENTED_EDGE('',*,*,#13548,.T.);
#13848 = CYLINDRICAL_SURFACE('',#13849,1.1);
#13849 = AXIS2_PLACEMENT_3D('',#13850,#13851,#13852);
#13850 = CARTESIAN_POINT('',(0.,0.65,0.));
#13851 = DIRECTION('',(0.,-1.,0.));
#13852 = DIRECTION('',(1.,0.,0.));
#13853 = ADVANCED_FACE('',(#13854),#13865,.F.);
#13854 = FACE_BOUND('',#13855,.T.);
#13855 = EDGE_LOOP('',(#13856,#13857,#13858,#13859));
#13856 = ORIENTED_EDGE('',*,*,#13557,.F.);
#13857 = ORIENTED_EDGE('',*,*,#13840,.F.);
#13858 = ORIENTED_EDGE('',*,*,#13740,.T.);
#13859 = ORIENTED_EDGE('',*,*,#13860,.T.);
#13860 = EDGE_CURVE('',#13732,#13558,#13861,.T.);
#13861 = LINE('',#13862,#13863);
#13862 = CARTESIAN_POINT('',(0.176040764009,0.65,-0.601040764009));
#13863 = VECTOR('',#13864,1.);
#13864 = DIRECTION('',(0.,1.,0.));
#13865 = PLANE('',#13866);
#13866 = AXIS2_PLACEMENT_3D('',#13867,#13868,#13869);
#13867 = CARTESIAN_POINT('',(0.176040764009,0.65,-1.085822107625));
#13868 = DIRECTION('',(1.,0.,0.));
#13869 = DIRECTION('',(0.,0.,1.));
#13870 = ADVANCED_FACE('',(#13871),#13882,.T.);
#13871 = FACE_BOUND('',#13872,.T.);
#13872 = EDGE_LOOP('',(#13873,#13874,#13875,#13876));
#13873 = ORIENTED_EDGE('',*,*,#13566,.F.);
#13874 = ORIENTED_EDGE('',*,*,#13860,.F.);
#13875 = ORIENTED_EDGE('',*,*,#13731,.T.);
#13876 = ORIENTED_EDGE('',*,*,#13877,.T.);
#13877 = EDGE_CURVE('',#13724,#13567,#13878,.T.);
#13878 = LINE('',#13879,#13880);
#13879 = CARTESIAN_POINT('',(0.601040764009,0.65,-0.176040764009));
#13880 = VECTOR('',#13881,1.);
#13881 = DIRECTION('',(0.,1.,0.));
#13882 = CYLINDRICAL_SURFACE('',#13883,0.425);
#13883 = AXIS2_PLACEMENT_3D('',#13884,#13885,#13886);
#13884 = CARTESIAN_POINT('',(0.601040764009,0.65,-0.601040764009));
#13885 = DIRECTION('',(0.,-1.,0.));
#13886 = DIRECTION('',(1.,0.,0.));
#13887 = ADVANCED_FACE('',(#13888),#13899,.F.);
#13888 = FACE_BOUND('',#13889,.T.);
#13889 = EDGE_LOOP('',(#13890,#13891,#13892,#13893));
#13890 = ORIENTED_EDGE('',*,*,#13581,.F.);
#13891 = ORIENTED_EDGE('',*,*,#13877,.F.);
#13892 = ORIENTED_EDGE('',*,*,#13723,.T.);
#13893 = ORIENTED_EDGE('',*,*,#13894,.T.);
#13894 = EDGE_CURVE('',#13715,#13582,#13895,.T.);
#13895 = LINE('',#13896,#13897);
#13896 = CARTESIAN_POINT('',(1.085822107625,0.65,-0.176040764009));
#13897 = VECTOR('',#13898,1.);
#13898 = DIRECTION('',(0.,1.,0.));
#13899 = PLANE('',#13900);
#13900 = AXIS2_PLACEMENT_3D('',#13901,#13902,#13903);
#13901 = CARTESIAN_POINT('',(0.601040764009,0.65,-0.176040764009));
#13902 = DIRECTION('',(0.,0.,-1.));
#13903 = DIRECTION('',(1.,0.,0.));
#13904 = ADVANCED_FACE('',(#13905),#13917,.F.);
#13905 = FACE_BOUND('',#13906,.F.);
#13906 = EDGE_LOOP('',(#13907,#13908,#13914,#13915,#13916));
#13907 = ORIENTED_EDGE('',*,*,#13422,.T.);
#13908 = ORIENTED_EDGE('',*,*,#13909,.F.);
#13909 = EDGE_CURVE('',#13707,#13423,#13910,.T.);
#13910 = LINE('',#13911,#13912);
#13911 = CARTESIAN_POINT('',(1.085822107625,0.65,0.176040764009));
#13912 = VECTOR('',#13913,1.);
#13913 = DIRECTION('',(0.,1.,0.));
#13914 = ORIENTED_EDGE('',*,*,#13714,.F.);
#13915 = ORIENTED_EDGE('',*,*,#13894,.T.);
#13916 = ORIENTED_EDGE('',*,*,#13590,.T.);
#13917 = CYLINDRICAL_SURFACE('',#13918,1.1);
#13918 = AXIS2_PLACEMENT_3D('',#13919,#13920,#13921);
#13919 = CARTESIAN_POINT('',(0.,0.65,0.));
#13920 = DIRECTION('',(0.,-1.,0.));
#13921 = DIRECTION('',(1.,0.,0.));
#13922 = ADVANCED_FACE('',(#13923),#13934,.F.);
#13923 = FACE_BOUND('',#13924,.T.);
#13924 = EDGE_LOOP('',(#13925,#13926,#13927,#13928));
#13925 = ORIENTED_EDGE('',*,*,#13431,.F.);
#13926 = ORIENTED_EDGE('',*,*,#13909,.F.);
#13927 = ORIENTED_EDGE('',*,*,#13706,.T.);
#13928 = ORIENTED_EDGE('',*,*,#13929,.T.);
#13929 = EDGE_CURVE('',#13698,#13432,#13930,.T.);
#13930 = LINE('',#13931,#13932);
#13931 = CARTESIAN_POINT('',(0.601040764009,0.65,0.176040764009));
#13932 = VECTOR('',#13933,1.);
#13933 = DIRECTION('',(0.,1.,0.));
#13934 = PLANE('',#13935);
#13935 = AXIS2_PLACEMENT_3D('',#13936,#13937,#13938);
#13936 = CARTESIAN_POINT('',(1.085822107625,0.65,0.176040764009));
#13937 = DIRECTION('',(0.,0.,1.));
#13938 = DIRECTION('',(-1.,0.,0.));
#13939 = ADVANCED_FACE('',(#13940),#13951,.T.);
#13940 = FACE_BOUND('',#13941,.T.);
#13941 = EDGE_LOOP('',(#13942,#13943,#13944,#13945));
#13942 = ORIENTED_EDGE('',*,*,#13440,.F.);
#13943 = ORIENTED_EDGE('',*,*,#13929,.F.);
#13944 = ORIENTED_EDGE('',*,*,#13697,.T.);
#13945 = ORIENTED_EDGE('',*,*,#13946,.T.);
#13946 = EDGE_CURVE('',#13690,#13441,#13947,.T.);
#13947 = LINE('',#13948,#13949);
#13948 = CARTESIAN_POINT('',(0.176040764009,0.65,0.601040764009));
#13949 = VECTOR('',#13950,1.);
#13950 = DIRECTION('',(0.,1.,0.));
#13951 = CYLINDRICAL_SURFACE('',#13952,0.425);
#13952 = AXIS2_PLACEMENT_3D('',#13953,#13954,#13955);
#13953 = CARTESIAN_POINT('',(0.601040764009,0.65,0.601040764009));
#13954 = DIRECTION('',(0.,-1.,0.));
#13955 = DIRECTION('',(1.,0.,0.));
#13956 = ADVANCED_FACE('',(#13957),#13968,.F.);
#13957 = FACE_BOUND('',#13958,.T.);
#13958 = EDGE_LOOP('',(#13959,#13960,#13961,#13962));
#13959 = ORIENTED_EDGE('',*,*,#13455,.F.);
#13960 = ORIENTED_EDGE('',*,*,#13946,.F.);
#13961 = ORIENTED_EDGE('',*,*,#13689,.T.);
#13962 = ORIENTED_EDGE('',*,*,#13963,.T.);
#13963 = EDGE_CURVE('',#13681,#13456,#13964,.T.);
#13964 = LINE('',#13965,#13966);
#13965 = CARTESIAN_POINT('',(0.176040764009,0.65,1.085822107625));
#13966 = VECTOR('',#13967,1.);
#13967 = DIRECTION('',(0.,1.,0.));
#13968 = PLANE('',#13969);
#13969 = AXIS2_PLACEMENT_3D('',#13970,#13971,#13972);
#13970 = CARTESIAN_POINT('',(0.176040764009,0.65,0.601040764009));
#13971 = DIRECTION('',(1.,0.,0.));
#13972 = DIRECTION('',(0.,0.,1.));
#13973 = ADVANCED_FACE('',(#13974),#13985,.F.);
#13974 = FACE_BOUND('',#13975,.F.);
#13975 = EDGE_LOOP('',(#13976,#13982,#13983,#13984));
#13976 = ORIENTED_EDGE('',*,*,#13977,.F.);
#13977 = EDGE_CURVE('',#13673,#13465,#13978,.T.);
#13978 = LINE('',#13979,#13980);
#13979 = CARTESIAN_POINT('',(-0.176040764009,0.65,1.085822107625));
#13980 = VECTOR('',#13981,1.);
#13981 = DIRECTION('',(0.,1.,0.));
#13982 = ORIENTED_EDGE('',*,*,#13680,.F.);
#13983 = ORIENTED_EDGE('',*,*,#13963,.T.);
#13984 = ORIENTED_EDGE('',*,*,#13464,.T.);
#13985 = CYLINDRICAL_SURFACE('',#13986,1.1);
#13986 = AXIS2_PLACEMENT_3D('',#13987,#13988,#13989);
#13987 = CARTESIAN_POINT('',(0.,0.65,0.));
#13988 = DIRECTION('',(0.,-1.,0.));
#13989 = DIRECTION('',(1.,0.,0.));
#13990 = ADVANCED_FACE('',(#13991),#14002,.F.);
#13991 = FACE_BOUND('',#13992,.T.);
#13992 = EDGE_LOOP('',(#13993,#13994,#13995,#13996));
#13993 = ORIENTED_EDGE('',*,*,#13473,.F.);
#13994 = ORIENTED_EDGE('',*,*,#13977,.F.);
#13995 = ORIENTED_EDGE('',*,*,#13672,.T.);
#13996 = ORIENTED_EDGE('',*,*,#13997,.T.);
#13997 = EDGE_CURVE('',#13664,#13474,#13998,.T.);
#13998 = LINE('',#13999,#14000);
#13999 = CARTESIAN_POINT('',(-0.176040764009,0.65,0.601040764009));
#14000 = VECTOR('',#14001,1.);
#14001 = DIRECTION('',(0.,1.,0.));
#14002 = PLANE('',#14003);
#14003 = AXIS2_PLACEMENT_3D('',#14004,#14005,#14006);
#14004 = CARTESIAN_POINT('',(-0.176040764009,0.65,1.085822107625));
#14005 = DIRECTION('',(-1.,0.,0.));
#14006 = DIRECTION('',(0.,0.,-1.));
#14007 = ADVANCED_FACE('',(#14008),#14014,.T.);
#14008 = FACE_BOUND('',#14009,.T.);
#14009 = EDGE_LOOP('',(#14010,#14011,#14012,#14013));
#14010 = ORIENTED_EDGE('',*,*,#13482,.F.);
#14011 = ORIENTED_EDGE('',*,*,#13997,.F.);
#14012 = ORIENTED_EDGE('',*,*,#13663,.T.);
#14013 = ORIENTED_EDGE('',*,*,#13639,.T.);
#14014 = CYLINDRICAL_SURFACE('',#14015,0.425);
#14015 = AXIS2_PLACEMENT_3D('',#14016,#14017,#14018);
#14016 = CARTESIAN_POINT('',(-0.601040764009,0.65,0.601040764009));
#14017 = DIRECTION('',(0.,-1.,0.));
#14018 = DIRECTION('',(1.,0.,0.));
#14019 = ( GEOMETRIC_REPRESENTATION_CONTEXT(3) 
GLOBAL_UNCERTAINTY_ASSIGNED_CONTEXT((#14023)) 
GLOBAL_UNIT_ASSIGNED_CONTEXT((#14020,#14021,#14022)) 
REPRESENTATION_CONTEXT('Context #1',
  '3D Context with UNIT and UNCERTAINTY') );
#14020 = ( LENGTH_UNIT() NAMED_UNIT(*) SI_UNIT(.MILLI.,.METRE.) );
#14021 = ( NAMED_UNIT(*) PLANE_ANGLE_UNIT() SI_UNIT($,.RADIAN.) );
#14022 = ( NAMED_UNIT(*) SI_UNIT($,.STERADIAN.) SOLID_ANGLE_UNIT() );
#14023 = UNCERTAINTY_MEASURE_WITH_UNIT(LENGTH_MEASURE(2.E-05),#14020,
  'distance_accuracy_value','confusion accuracy');
#14024 = CONTEXT_DEPENDENT_SHAPE_REPRESENTATION(#14025,#14027);
#14025 = ( REPRESENTATION_RELATIONSHIP('','',#13237,#13136) 
REPRESENTATION_RELATIONSHIP_WITH_TRANSFORMATION(#14026) 
SHAPE_REPRESENTATION_RELATIONSHIP() );
#14026 = ITEM_DEFINED_TRANSFORMATION('','',#11,#13141);
#14027 = PRODUCT_DEFINITION_SHAPE('Placement','Placement of an item',
  #14028);
#14028 = NEXT_ASSEMBLY_USAGE_OCCURRENCE('16','SOLID063','',#13131,#13232
  ,$);
#14029 = PRODUCT_RELATED_PRODUCT_CATEGORY('part',$,(#13234));
#14030 = SHAPE_DEFINITION_REPRESENTATION(#14031,#14037);
#14031 = PRODUCT_DEFINITION_SHAPE('','',#14032);
#14032 = PRODUCT_DEFINITION('design','',#14033,#14036);
#14033 = PRODUCT_DEFINITION_FORMATION('','',#14034);
#14034 = PRODUCT('BTS2_M2_6X020','BTS2_M2_6X020','',(#14035));
#14035 = PRODUCT_CONTEXT('',#2,'mechanical');
#14036 = PRODUCT_DEFINITION_CONTEXT('part definition',#2,'design');
#14037 = SHAPE_REPRESENTATION('',(#11,#14038,#14042),#14046);
#14038 = AXIS2_PLACEMENT_3D('',#14039,#14040,#14041);
#14039 = CARTESIAN_POINT('',(0.,0.,0.));
#14040 = DIRECTION('',(0.,0.,1.));
#14041 = DIRECTION('',(1.,0.,0.));
#14042 = AXIS2_PLACEMENT_3D('',#14043,#14044,#14045);
#14043 = CARTESIAN_POINT('',(0.,0.,0.));
#14044 = DIRECTION('',(0.,0.,1.));
#14045 = DIRECTION('',(1.,0.,0.));
#14046 = ( GEOMETRIC_REPRESENTATION_CONTEXT(3) 
GLOBAL_UNCERTAINTY_ASSIGNED_CONTEXT((#14050)) 
GLOBAL_UNIT_ASSIGNED_CONTEXT((#14047,#14048,#14049)) 
REPRESENTATION_CONTEXT('Context #1',
  '3D Context with UNIT and UNCERTAINTY') );
#14047 = ( LENGTH_UNIT() NAMED_UNIT(*) SI_UNIT(.MILLI.,.METRE.) );
#14048 = ( NAMED_UNIT(*) PLANE_ANGLE_UNIT() SI_UNIT($,.RADIAN.) );
#14049 = ( NAMED_UNIT(*) SI_UNIT($,.STERADIAN.) SOLID_ANGLE_UNIT() );
#14050 = UNCERTAINTY_MEASURE_WITH_UNIT(LENGTH_MEASURE(2.E-05),#14047,
  'distance_accuracy_value','confusion accuracy');
#14051 = CONTEXT_DEPENDENT_SHAPE_REPRESENTATION(#14052,#14054);
#14052 = ( REPRESENTATION_RELATIONSHIP('','',#14037,#10) 
REPRESENTATION_RELATIONSHIP_WITH_TRANSFORMATION(#14053) 
SHAPE_REPRESENTATION_RELATIONSHIP() );
#14053 = ITEM_DEFINED_TRANSFORMATION('','',#11,#51);
#14054 = PRODUCT_DEFINITION_SHAPE('Placement','Placement of an item',
  #14055);
#14055 = NEXT_ASSEMBLY_USAGE_OCCURRENCE('20','BTS2_M2_6X020','',#5,
  #14032,$);
#14056 = PRODUCT_RELATED_PRODUCT_CATEGORY('part',$,(#14034));
#14057 = SHAPE_DEFINITION_REPRESENTATION(#14058,#14064);
#14058 = PRODUCT_DEFINITION_SHAPE('','',#14059);
#14059 = PRODUCT_DEFINITION('design','',#14060,#14063);
#14060 = PRODUCT_DEFINITION_FORMATION('','',#14061);
#14061 = PRODUCT('SHELL064','SHELL064','',(#14062));
#14062 = PRODUCT_CONTEXT('',#2,'mechanical');
#14063 = PRODUCT_DEFINITION_CONTEXT('part definition',#2,'design');
#14064 = MANIFOLD_SURFACE_SHAPE_REPRESENTATION('',(#11,#14065),#14100);
#14065 = SHELL_BASED_SURFACE_MODEL('',(#14066));
#14066 = OPEN_SHELL('',(#14067));
#14067 = ADVANCED_FACE('',(#14068),#14095,.T.);
#14068 = FACE_BOUND('',#14069,.T.);
#14069 = EDGE_LOOP('',(#14070,#14079,#14087,#14094));
#14070 = ORIENTED_EDGE('',*,*,#14071,.F.);
#14071 = EDGE_CURVE('',#14072,#14072,#14074,.T.);
#14072 = VERTEX_POINT('',#14073);
#14073 = CARTESIAN_POINT('',(1.075,0.,-0.));
#14074 = CIRCLE('',#14075,1.075);
#14075 = AXIS2_PLACEMENT_3D('',#14076,#14077,#14078);
#14076 = CARTESIAN_POINT('',(0.,0.,0.));
#14077 = DIRECTION('',(0.,1.,0.));
#14078 = DIRECTION('',(-1.,0.,0.));
#14079 = ORIENTED_EDGE('',*,*,#14080,.T.);
#14080 = EDGE_CURVE('',#14072,#14081,#14083,.T.);
#14081 = VERTEX_POINT('',#14082);
#14082 = CARTESIAN_POINT('',(1.075,-8.,-0.));
#14083 = LINE('',#14084,#14085);
#14084 = CARTESIAN_POINT('',(1.075,-8.,-1.3E-16));
#14085 = VECTOR('',#14086,1.);
#14086 = DIRECTION('',(0.,-1.,0.));
#14087 = ORIENTED_EDGE('',*,*,#14088,.F.);
#14088 = EDGE_CURVE('',#14081,#14081,#14089,.T.);
#14089 = CIRCLE('',#14090,1.075);
#14090 = AXIS2_PLACEMENT_3D('',#14091,#14092,#14093);
#14091 = CARTESIAN_POINT('',(0.,-8.,0.));
#14092 = DIRECTION('',(0.,-1.,0.));
#14093 = DIRECTION('',(1.,0.,0.));
#14094 = ORIENTED_EDGE('',*,*,#14080,.F.);
#14095 = CYLINDRICAL_SURFACE('',#14096,1.075);
#14096 = AXIS2_PLACEMENT_3D('',#14097,#14098,#14099);
#14097 = CARTESIAN_POINT('',(0.,-8.,0.));
#14098 = DIRECTION('',(0.,1.,0.));
#14099 = DIRECTION('',(-1.,0.,0.));
#14100 = ( GEOMETRIC_REPRESENTATION_CONTEXT(3) 
GLOBAL_UNCERTAINTY_ASSIGNED_CONTEXT((#14104)) 
GLOBAL_UNIT_ASSIGNED_CONTEXT((#14101,#14102,#14103)) 
REPRESENTATION_CONTEXT('Context #1',
  '3D Context with UNIT and UNCERTAINTY') );
#14101 = ( LENGTH_UNIT() NAMED_UNIT(*) SI_UNIT(.MILLI.,.METRE.) );
#14102 = ( NAMED_UNIT(*) PLANE_ANGLE_UNIT() SI_UNIT($,.RADIAN.) );
#14103 = ( NAMED_UNIT(*) SI_UNIT($,.STERADIAN.) SOLID_ANGLE_UNIT() );
#14104 = UNCERTAINTY_MEASURE_WITH_UNIT(LENGTH_MEASURE(1.E-07),#14101,
  'distance_accuracy_value','confusion accuracy');
#14105 = CONTEXT_DEPENDENT_SHAPE_REPRESENTATION(#14106,#14108);
#14106 = ( REPRESENTATION_RELATIONSHIP('','',#14064,#14037) 
REPRESENTATION_RELATIONSHIP_WITH_TRANSFORMATION(#14107) 
SHAPE_REPRESENTATION_RELATIONSHIP() );
#14107 = ITEM_DEFINED_TRANSFORMATION('','',#11,#14038);
#14108 = PRODUCT_DEFINITION_SHAPE('Placement','Placement of an item',
  #14109);
#14109 = NEXT_ASSEMBLY_USAGE_OCCURRENCE('18','SHELL064','',#14032,#14059
  ,$);
#14110 = PRODUCT_RELATED_PRODUCT_CATEGORY('part',$,(#14061));
#14111 = SHAPE_DEFINITION_REPRESENTATION(#14112,#14118);
#14112 = PRODUCT_DEFINITION_SHAPE('','',#14113);
#14113 = PRODUCT_DEFINITION('design','',#14114,#14117);
#14114 = PRODUCT_DEFINITION_FORMATION('','',#14115);
#14115 = PRODUCT('SOLID064','SOLID064','',(#14116));
#14116 = PRODUCT_CONTEXT('',#2,'mechanical');
#14117 = PRODUCT_DEFINITION_CONTEXT('part definition',#2,'design');
#14118 = ADVANCED_BREP_SHAPE_REPRESENTATION('',(#11,#14119),#14855);
#14119 = MANIFOLD_SOLID_BREP('',#14120);
#14120 = CLOSED_SHELL('',(#14121,#14138,#14172,#14198,#14218,#14244,
    #14438,#14470,#14494,#14621,#14638,#14655,#14672,#14689,#14706,
    #14723,#14740,#14758,#14775,#14792,#14809,#14826,#14843));
#14121 = ADVANCED_FACE('',(#14122),#14133,.T.);
#14122 = FACE_BOUND('',#14123,.T.);
#14123 = EDGE_LOOP('',(#14124));
#14124 = ORIENTED_EDGE('',*,*,#14125,.F.);
#14125 = EDGE_CURVE('',#14126,#14126,#14128,.T.);
#14126 = VERTEX_POINT('',#14127);
#14127 = CARTESIAN_POINT('',(-1.075,-8.,0.));
#14128 = CIRCLE('',#14129,1.075);
#14129 = AXIS2_PLACEMENT_3D('',#14130,#14131,#14132);
#14130 = CARTESIAN_POINT('',(0.,-8.,0.));
#14131 = DIRECTION('',(-0.,1.,0.));
#14132 = DIRECTION('',(1.,0.,0.));
#14133 = PLANE('',#14134);
#14134 = AXIS2_PLACEMENT_3D('',#14135,#14136,#14137);
#14135 = CARTESIAN_POINT('',(0.,-8.,0.));
#14136 = DIRECTION('',(0.,-1.,0.));
#14137 = DIRECTION('',(-1.,0.,0.));
#14138 = ADVANCED_FACE('',(#14139),#14167,.T.);
#14139 = FACE_BOUND('',#14140,.T.);
#14140 = EDGE_LOOP('',(#14141,#14152,#14158,#14159,#14160));
#14141 = ORIENTED_EDGE('',*,*,#14142,.T.);
#14142 = EDGE_CURVE('',#14143,#14145,#14147,.T.);
#14143 = VERTEX_POINT('',#14144);
#14144 = CARTESIAN_POINT('',(1.3,-7.775,0.));
#14145 = VERTEX_POINT('',#14146);
#14146 = CARTESIAN_POINT('',(-1.3,-7.775,0.));
#14147 = CIRCLE('',#14148,1.3);
#14148 = AXIS2_PLACEMENT_3D('',#14149,#14150,#14151);
#14149 = CARTESIAN_POINT('',(0.,-7.775,0.));
#14150 = DIRECTION('',(0.,-1.,0.));
#14151 = DIRECTION('',(-1.,0.,0.));
#14152 = ORIENTED_EDGE('',*,*,#14153,.T.);
#14153 = EDGE_CURVE('',#14145,#14126,#14154,.T.);
#14154 = LINE('',#14155,#14156);
#14155 = CARTESIAN_POINT('',(-1.1875,-7.8875,1.5E-16));
#14156 = VECTOR('',#14157,1.);
#14157 = DIRECTION('',(0.707106781187,-0.707106781187,-9.E-17));
#14158 = ORIENTED_EDGE('',*,*,#14125,.T.);
#14159 = ORIENTED_EDGE('',*,*,#14153,.F.);
#14160 = ORIENTED_EDGE('',*,*,#14161,.T.);
#14161 = EDGE_CURVE('',#14145,#14143,#14162,.T.);
#14162 = CIRCLE('',#14163,1.3);
#14163 = AXIS2_PLACEMENT_3D('',#14164,#14165,#14166);
#14164 = CARTESIAN_POINT('',(0.,-7.775,0.));
#14165 = DIRECTION('',(0.,-1.,0.));
#14166 = DIRECTION('',(-1.,0.,0.));
#14167 = CONICAL_SURFACE('',#14168,1.1875,0.785398163397);
#14168 = AXIS2_PLACEMENT_3D('',#14169,#14170,#14171);
#14169 = CARTESIAN_POINT('',(0.,-7.8875,0.));
#14170 = DIRECTION('',(0.,1.,0.));
#14171 = DIRECTION('',(1.,0.,0.));
#14172 = ADVANCED_FACE('',(#14173),#14193,.T.);
#14173 = FACE_BOUND('',#14174,.T.);
#14174 = EDGE_LOOP('',(#14175,#14176,#14184,#14191,#14192));
#14175 = ORIENTED_EDGE('',*,*,#14142,.F.);
#14176 = ORIENTED_EDGE('',*,*,#14177,.T.);
#14177 = EDGE_CURVE('',#14143,#14178,#14180,.T.);
#14178 = VERTEX_POINT('',#14179);
#14179 = CARTESIAN_POINT('',(1.3,0.,0.));
#14180 = LINE('',#14181,#14182);
#14181 = CARTESIAN_POINT('',(1.3,2.08,1.6E-16));
#14182 = VECTOR('',#14183,1.);
#14183 = DIRECTION('',(0.,1.,0.));
#14184 = ORIENTED_EDGE('',*,*,#14185,.T.);
#14185 = EDGE_CURVE('',#14178,#14178,#14186,.T.);
#14186 = CIRCLE('',#14187,1.3);
#14187 = AXIS2_PLACEMENT_3D('',#14188,#14189,#14190);
#14188 = CARTESIAN_POINT('',(0.,0.,0.));
#14189 = DIRECTION('',(0.,-1.,0.));
#14190 = DIRECTION('',(1.,0.,0.));
#14191 = ORIENTED_EDGE('',*,*,#14177,.F.);
#14192 = ORIENTED_EDGE('',*,*,#14161,.F.);
#14193 = CYLINDRICAL_SURFACE('',#14194,1.3);
#14194 = AXIS2_PLACEMENT_3D('',#14195,#14196,#14197);
#14195 = CARTESIAN_POINT('',(0.,2.08,0.));
#14196 = DIRECTION('',(0.,-1.,0.));
#14197 = DIRECTION('',(-1.,0.,0.));
#14198 = ADVANCED_FACE('',(#14199,#14210),#14213,.T.);
#14199 = FACE_BOUND('',#14200,.T.);
#14200 = EDGE_LOOP('',(#14201));
#14201 = ORIENTED_EDGE('',*,*,#14202,.T.);
#14202 = EDGE_CURVE('',#14203,#14203,#14205,.T.);
#14203 = VERTEX_POINT('',#14204);
#14204 = CARTESIAN_POINT('',(2.378097173525,0.,0.));
#14205 = CIRCLE('',#14206,2.378097173525);
#14206 = AXIS2_PLACEMENT_3D('',#14207,#14208,#14209);
#14207 = CARTESIAN_POINT('',(0.,0.,0.));
#14208 = DIRECTION('',(0.,-1.,0.));
#14209 = DIRECTION('',(1.,0.,0.));
#14210 = FACE_BOUND('',#14211,.T.);
#14211 = EDGE_LOOP('',(#14212));
#14212 = ORIENTED_EDGE('',*,*,#14185,.F.);
#14213 = PLANE('',#14214);
#14214 = AXIS2_PLACEMENT_3D('',#14215,#14216,#14217);
#14215 = CARTESIAN_POINT('',(0.,0.,0.));
#14216 = DIRECTION('',(0.,-1.,0.));
#14217 = DIRECTION('',(-1.,0.,0.));
#14218 = ADVANCED_FACE('',(#14219),#14239,.T.);
#14219 = FACE_BOUND('',#14220,.T.);
#14220 = EDGE_LOOP('',(#14221,#14222,#14231,#14238));
#14221 = ORIENTED_EDGE('',*,*,#14202,.F.);
#14222 = ORIENTED_EDGE('',*,*,#14223,.T.);
#14223 = EDGE_CURVE('',#14203,#14224,#14226,.T.);
#14224 = VERTEX_POINT('',#14225);
#14225 = CARTESIAN_POINT('',(2.378097173525,1.12,0.));
#14226 = CIRCLE('',#14227,0.607566923628);
#14227 = AXIS2_PLACEMENT_3D('',#14228,#14229,#14230);
#14228 = CARTESIAN_POINT('',(2.142433076372,0.56,2.6E-16));
#14229 = DIRECTION('',(-1.2E-16,0.,1.));
#14230 = DIRECTION('',(1.,0.,1.2E-16));
#14231 = ORIENTED_EDGE('',*,*,#14232,.T.);
#14232 = EDGE_CURVE('',#14224,#14224,#14233,.T.);
#14233 = CIRCLE('',#14234,2.378097173525);
#14234 = AXIS2_PLACEMENT_3D('',#14235,#14236,#14237);
#14235 = CARTESIAN_POINT('',(0.,1.12,0.));
#14236 = DIRECTION('',(0.,-1.,0.));
#14237 = DIRECTION('',(1.,0.,0.));
#14238 = ORIENTED_EDGE('',*,*,#14223,.F.);
#14239 = TOROIDAL_SURFACE('',#14240,2.142433076372,0.607566923628);
#14240 = AXIS2_PLACEMENT_3D('',#14241,#14242,#14243);
#14241 = CARTESIAN_POINT('',(0.,0.56,0.));
#14242 = DIRECTION('',(0.,-1.,0.));
#14243 = DIRECTION('',(-1.,0.,0.));
#14244 = ADVANCED_FACE('',(#14245),#14433,.T.);
#14245 = FACE_BOUND('',#14246,.T.);
#14246 = EDGE_LOOP('',(#14247,#14248,#14257,#14266,#14275,#14290,#14299,
    #14308,#14317,#14332,#14341,#14350,#14359,#14374,#14383,#14392,
    #14401,#14416,#14425,#14432));
#14247 = ORIENTED_EDGE('',*,*,#14232,.F.);
#14248 = ORIENTED_EDGE('',*,*,#14249,.T.);
#14249 = EDGE_CURVE('',#14224,#14250,#14252,.T.);
#14250 = VERTEX_POINT('',#14251);
#14251 = CARTESIAN_POINT('',(1.55,1.400834055347,0.));
#14252 = CIRCLE('',#14253,6.130985590342);
#14253 = AXIS2_PLACEMENT_3D('',#14254,#14255,#14256);
#14254 = CARTESIAN_POINT('',(0.,-4.530985590342,0.));
#14255 = DIRECTION('',(-1.2E-16,0.,1.));
#14256 = DIRECTION('',(1.,0.,1.2E-16));
#14257 = ORIENTED_EDGE('',*,*,#14258,.T.);
#14258 = EDGE_CURVE('',#14250,#14259,#14261,.T.);
#14259 = VERTEX_POINT('',#14260);
#14260 = CARTESIAN_POINT('',(1.526437178598,1.400834055347,
    0.269238815543));
#14261 = CIRCLE('',#14262,1.55);
#14262 = AXIS2_PLACEMENT_3D('',#14263,#14264,#14265);
#14263 = CARTESIAN_POINT('',(0.,1.400834055347,0.));
#14264 = DIRECTION('',(0.,-1.,0.));
#14265 = DIRECTION('',(1.,0.,0.));
#14266 = ORIENTED_EDGE('',*,*,#14267,.T.);
#14267 = EDGE_CURVE('',#14259,#14268,#14270,.T.);
#14268 = VERTEX_POINT('',#14269);
#14269 = CARTESIAN_POINT('',(0.919238815542,1.524713772175,
    0.269238815543));
#14270 = CIRCLE('',#14271,6.125071001154);
#14271 = AXIS2_PLACEMENT_3D('',#14272,#14273,#14274);
#14272 = CARTESIAN_POINT('',(0.,-4.530985590342,0.269238815543));
#14273 = DIRECTION('',(0.,0.,1.));
#14274 = DIRECTION('',(0.249211344376,0.96844912403,-0.));
#14275 = ORIENTED_EDGE('',*,*,#14276,.T.);
#14276 = EDGE_CURVE('',#14268,#14277,#14279,.T.);
#14277 = VERTEX_POINT('',#14278);
#14278 = CARTESIAN_POINT('',(0.269238815543,1.524713772175,
    0.919238815542));
#14279 = B_SPLINE_CURVE_WITH_KNOTS('',3,(#14280,#14281,#14282,#14283,
    #14284,#14285,#14286,#14287,#14288,#14289),.UNSPECIFIED.,.F.,.F.,(4,
    2,2,2,4),(9.976616852465E-02,0.124367869024,0.148969569522,
    0.173571270021,0.19817297052),.UNSPECIFIED.);
#14280 = CARTESIAN_POINT('',(0.919238815542,1.524713772175,
    0.269238815543));
#14281 = CARTESIAN_POINT('',(0.838161931155,1.537021024353,
    0.269238815543));
#14282 = CARTESIAN_POINT('',(0.751271231312,1.547724372063,
    0.285358190652));
#14283 = CARTESIAN_POINT('',(0.590990964232,1.561936136776,
    0.351549533381));
#14284 = CARTESIAN_POINT('',(0.517606171943,1.565446506301,0.4016326436)
  );
#14285 = CARTESIAN_POINT('',(0.4016326436,1.565446506301,0.517606171943)
  );
#14286 = CARTESIAN_POINT('',(0.351549533381,1.561936136776,
    0.590990964232));
#14287 = CARTESIAN_POINT('',(0.285358190652,1.547724372063,
    0.751271231312));
#14288 = CARTESIAN_POINT('',(0.269238815543,1.537021024353,
    0.838161931155));
#14289 = CARTESIAN_POINT('',(0.269238815543,1.524713772175,
    0.919238815542));
#14290 = ORIENTED_EDGE('',*,*,#14291,.T.);
#14291 = EDGE_CURVE('',#14277,#14292,#14294,.T.);
#14292 = VERTEX_POINT('',#14293);
#14293 = CARTESIAN_POINT('',(0.269238815543,1.400834055347,
    1.526437178598));
#14294 = CIRCLE('',#14295,6.125071001154);
#14295 = AXIS2_PLACEMENT_3D('',#14296,#14297,#14298);
#14296 = CARTESIAN_POINT('',(0.269238815543,-4.530985590342,0.));
#14297 = DIRECTION('',(1.,0.,0.));
#14298 = DIRECTION('',(-0.,0.988674149471,0.150078066911));
#14299 = ORIENTED_EDGE('',*,*,#14300,.T.);
#14300 = EDGE_CURVE('',#14292,#14301,#14303,.T.);
#14301 = VERTEX_POINT('',#14302);
#14302 = CARTESIAN_POINT('',(-0.269238815543,1.400834055347,
    1.526437178598));
#14303 = CIRCLE('',#14304,1.55);
#14304 = AXIS2_PLACEMENT_3D('',#14305,#14306,#14307);
#14305 = CARTESIAN_POINT('',(0.,1.400834055347,0.));
#14306 = DIRECTION('',(0.,-1.,0.));
#14307 = DIRECTION('',(0.17370246164,0.,0.98479817974));
#14308 = ORIENTED_EDGE('',*,*,#14309,.T.);
#14309 = EDGE_CURVE('',#14301,#14310,#14312,.T.);
#14310 = VERTEX_POINT('',#14311);
#14311 = CARTESIAN_POINT('',(-0.269238815543,1.524713772175,
    0.919238815542));
#14312 = CIRCLE('',#14313,6.125071001154);
#14313 = AXIS2_PLACEMENT_3D('',#14314,#14315,#14316);
#14314 = CARTESIAN_POINT('',(-0.269238815543,-4.530985590342,0.));
#14315 = DIRECTION('',(-1.,0.,0.));
#14316 = DIRECTION('',(0.,0.96844912403,0.249211344376));
#14317 = ORIENTED_EDGE('',*,*,#14318,.T.);
#14318 = EDGE_CURVE('',#14310,#14319,#14321,.T.);
#14319 = VERTEX_POINT('',#14320);
#14320 = CARTESIAN_POINT('',(-0.919238815542,1.524713772175,
    0.269238815543));
#14321 = B_SPLINE_CURVE_WITH_KNOTS('',3,(#14322,#14323,#14324,#14325,
    #14326,#14327,#14328,#14329,#14330,#14331),.UNSPECIFIED.,.F.,.F.,(4,
    2,2,2,4),(2.81E-15,2.460170049891E-02,4.920340099783E-02,
    7.380510149674E-02,9.840680199565E-02),.UNSPECIFIED.);
#14322 = CARTESIAN_POINT('',(-0.269238815543,1.524713772175,
    0.919238815542));
#14323 = CARTESIAN_POINT('',(-0.269238815543,1.537021024353,
    0.838161931155));
#14324 = CARTESIAN_POINT('',(-0.285358190652,1.547724372063,
    0.751271231312));
#14325 = CARTESIAN_POINT('',(-0.351549533381,1.561936136776,
    0.590990964232));
#14326 = CARTESIAN_POINT('',(-0.4016326436,1.565446506301,0.517606171943
    ));
#14327 = CARTESIAN_POINT('',(-0.517606171943,1.565446506301,0.4016326436
    ));
#14328 = CARTESIAN_POINT('',(-0.590990964232,1.561936136776,
    0.351549533381));
#14329 = CARTESIAN_POINT('',(-0.751271231312,1.547724372063,
    0.285358190652));
#14330 = CARTESIAN_POINT('',(-0.838161931155,1.537021024353,
    0.269238815543));
#14331 = CARTESIAN_POINT('',(-0.919238815542,1.524713772175,
    0.269238815543));
#14332 = ORIENTED_EDGE('',*,*,#14333,.T.);
#14333 = EDGE_CURVE('',#14319,#14334,#14336,.T.);
#14334 = VERTEX_POINT('',#14335);
#14335 = CARTESIAN_POINT('',(-1.526437178598,1.400834055347,
    0.269238815543));
#14336 = CIRCLE('',#14337,6.125071001154);
#14337 = AXIS2_PLACEMENT_3D('',#14338,#14339,#14340);
#14338 = CARTESIAN_POINT('',(0.,-4.530985590342,0.269238815543));
#14339 = DIRECTION('',(0.,0.,1.));
#14340 = DIRECTION('',(-0.150078066911,0.988674149471,0.));
#14341 = ORIENTED_EDGE('',*,*,#14342,.T.);
#14342 = EDGE_CURVE('',#14334,#14343,#14345,.T.);
#14343 = VERTEX_POINT('',#14344);
#14344 = CARTESIAN_POINT('',(-1.526437178598,1.400834055347,
    -0.269238815543));
#14345 = CIRCLE('',#14346,1.55);
#14346 = AXIS2_PLACEMENT_3D('',#14347,#14348,#14349);
#14347 = CARTESIAN_POINT('',(0.,1.400834055347,0.));
#14348 = DIRECTION('',(0.,-1.,0.));
#14349 = DIRECTION('',(-1.,0.,0.));
#14350 = ORIENTED_EDGE('',*,*,#14351,.T.);
#14351 = EDGE_CURVE('',#14343,#14352,#14354,.T.);
#14352 = VERTEX_POINT('',#14353);
#14353 = CARTESIAN_POINT('',(-0.919238815542,1.524713772175,
    -0.269238815543));
#14354 = CIRCLE('',#14355,6.125071001154);
#14355 = AXIS2_PLACEMENT_3D('',#14356,#14357,#14358);
#14356 = CARTESIAN_POINT('',(0.,-4.530985590342,-0.269238815543));
#14357 = DIRECTION('',(0.,0.,-1.));
#14358 = DIRECTION('',(-0.249211344376,0.96844912403,0.));
#14359 = ORIENTED_EDGE('',*,*,#14360,.T.);
#14360 = EDGE_CURVE('',#14352,#14361,#14363,.T.);
#14361 = VERTEX_POINT('',#14362);
#14362 = CARTESIAN_POINT('',(-0.269238815543,1.524713772175,
    -0.919238815542));
#14363 = B_SPLINE_CURVE_WITH_KNOTS('',3,(#14364,#14365,#14366,#14367,
    #14368,#14369,#14370,#14371,#14372,#14373),.UNSPECIFIED.,.F.,.F.,(4,
    2,2,2,4),(0.297976638725,0.322578339224,0.347180039723,
    0.371781740222,0.396383440721),.UNSPECIFIED.);
#14364 = CARTESIAN_POINT('',(-0.919238815542,1.524713772175,
    -0.269238815543));
#14365 = CARTESIAN_POINT('',(-0.838161931155,1.537021024353,
    -0.269238815543));
#14366 = CARTESIAN_POINT('',(-0.751271231312,1.547724372063,
    -0.285358190652));
#14367 = CARTESIAN_POINT('',(-0.590990964232,1.561936136776,
    -0.351549533381));
#14368 = CARTESIAN_POINT('',(-0.517606171943,1.565446506301,
    -0.4016326436));
#14369 = CARTESIAN_POINT('',(-0.4016326436,1.565446506301,
    -0.517606171943));
#14370 = CARTESIAN_POINT('',(-0.351549533381,1.561936136776,
    -0.590990964232));
#14371 = CARTESIAN_POINT('',(-0.285358190652,1.547724372063,
    -0.751271231312));
#14372 = CARTESIAN_POINT('',(-0.269238815543,1.537021024353,
    -0.838161931155));
#14373 = CARTESIAN_POINT('',(-0.269238815543,1.524713772175,
    -0.919238815542));
#14374 = ORIENTED_EDGE('',*,*,#14375,.T.);
#14375 = EDGE_CURVE('',#14361,#14376,#14378,.T.);
#14376 = VERTEX_POINT('',#14377);
#14377 = CARTESIAN_POINT('',(-0.269238815543,1.400834055347,
    -1.526437178598));
#14378 = CIRCLE('',#14379,6.125071001154);
#14379 = AXIS2_PLACEMENT_3D('',#14380,#14381,#14382);
#14380 = CARTESIAN_POINT('',(-0.269238815543,-4.530985590342,0.));
#14381 = DIRECTION('',(-1.,0.,0.));
#14382 = DIRECTION('',(0.,0.988674149471,-0.150078066911));
#14383 = ORIENTED_EDGE('',*,*,#14384,.T.);
#14384 = EDGE_CURVE('',#14376,#14385,#14387,.T.);
#14385 = VERTEX_POINT('',#14386);
#14386 = CARTESIAN_POINT('',(0.269238815543,1.400834055347,
    -1.526437178598));
#14387 = CIRCLE('',#14388,1.55);
#14388 = AXIS2_PLACEMENT_3D('',#14389,#14390,#14391);
#14389 = CARTESIAN_POINT('',(0.,1.400834055347,0.));
#14390 = DIRECTION('',(0.,-1.,0.));
#14391 = DIRECTION('',(-0.17370246164,-0.,-0.98479817974));
#14392 = ORIENTED_EDGE('',*,*,#14393,.T.);
#14393 = EDGE_CURVE('',#14385,#14394,#14396,.T.);
#14394 = VERTEX_POINT('',#14395);
#14395 = CARTESIAN_POINT('',(0.269238815543,1.524713772175,
    -0.919238815542));
#14396 = CIRCLE('',#14397,6.125071001154);
#14397 = AXIS2_PLACEMENT_3D('',#14398,#14399,#14400);
#14398 = CARTESIAN_POINT('',(0.269238815543,-4.530985590342,0.));
#14399 = DIRECTION('',(1.,0.,0.));
#14400 = DIRECTION('',(0.,0.96844912403,-0.249211344376));
#14401 = ORIENTED_EDGE('',*,*,#14402,.T.);
#14402 = EDGE_CURVE('',#14394,#14403,#14405,.T.);
#14403 = VERTEX_POINT('',#14404);
#14404 = CARTESIAN_POINT('',(0.919238815542,1.524713772175,
    -0.269238815543));
#14405 = B_SPLINE_CURVE_WITH_KNOTS('',3,(#14406,#14407,#14408,#14409,
    #14410,#14411,#14412,#14413,#14414,#14415),.UNSPECIFIED.,.F.,.F.,(4,
    2,2,2,4),(0.198210470201,0.2228121707,0.247413871199,0.272015571697,
    0.296617272196),.UNSPECIFIED.);
#14406 = CARTESIAN_POINT('',(0.269238815543,1.524713772175,
    -0.919238815542));
#14407 = CARTESIAN_POINT('',(0.269238815543,1.537021024353,
    -0.838161931155));
#14408 = CARTESIAN_POINT('',(0.285358190652,1.547724372063,
    -0.751271231312));
#14409 = CARTESIAN_POINT('',(0.351549533381,1.561936136776,
    -0.590990964232));
#14410 = CARTESIAN_POINT('',(0.4016326436,1.565446506301,-0.517606171943
    ));
#14411 = CARTESIAN_POINT('',(0.517606171943,1.565446506301,-0.4016326436
    ));
#14412 = CARTESIAN_POINT('',(0.590990964232,1.561936136776,
    -0.351549533381));
#14413 = CARTESIAN_POINT('',(0.751271231312,1.547724372063,
    -0.285358190652));
#14414 = CARTESIAN_POINT('',(0.838161931155,1.537021024353,
    -0.269238815543));
#14415 = CARTESIAN_POINT('',(0.919238815542,1.524713772175,
    -0.269238815543));
#14416 = ORIENTED_EDGE('',*,*,#14417,.T.);
#14417 = EDGE_CURVE('',#14403,#14418,#14420,.T.);
#14418 = VERTEX_POINT('',#14419);
#14419 = CARTESIAN_POINT('',(1.526437178598,1.400834055347,
    -0.269238815543));
#14420 = CIRCLE('',#14421,6.125071001154);
#14421 = AXIS2_PLACEMENT_3D('',#14422,#14423,#14424);
#14422 = CARTESIAN_POINT('',(0.,-4.530985590342,-0.269238815543));
#14423 = DIRECTION('',(0.,0.,-1.));
#14424 = DIRECTION('',(0.150078066911,0.988674149471,0.));
#14425 = ORIENTED_EDGE('',*,*,#14426,.T.);
#14426 = EDGE_CURVE('',#14418,#14250,#14427,.T.);
#14427 = CIRCLE('',#14428,1.55);
#14428 = AXIS2_PLACEMENT_3D('',#14429,#14430,#14431);
#14429 = CARTESIAN_POINT('',(0.,1.400834055347,0.));
#14430 = DIRECTION('',(0.,-1.,0.));
#14431 = DIRECTION('',(1.,0.,0.));
#14432 = ORIENTED_EDGE('',*,*,#14249,.F.);
#14433 = SPHERICAL_SURFACE('',#14434,6.130985590342);
#14434 = AXIS2_PLACEMENT_3D('',#14435,#14436,#14437);
#14435 = CARTESIAN_POINT('',(0.,-4.530985590342,0.));
#14436 = DIRECTION('',(-6.E-17,-1.,0.));
#14437 = DIRECTION('',(-1.,6.E-17,0.));
#14438 = ADVANCED_FACE('',(#14439),#14465,.F.);
#14439 = FACE_BOUND('',#14440,.F.);
#14440 = EDGE_LOOP('',(#14441,#14449,#14458,#14464));
#14441 = ORIENTED_EDGE('',*,*,#14442,.F.);
#14442 = EDGE_CURVE('',#14443,#14343,#14445,.T.);
#14443 = VERTEX_POINT('',#14444);
#14444 = CARTESIAN_POINT('',(-1.526437178598,0.8,-0.269238815543));
#14445 = LINE('',#14446,#14447);
#14446 = CARTESIAN_POINT('',(-1.526437178598,0.8,-0.269238815543));
#14447 = VECTOR('',#14448,1.);
#14448 = DIRECTION('',(0.,1.,0.));
#14449 = ORIENTED_EDGE('',*,*,#14450,.F.);
#14450 = EDGE_CURVE('',#14451,#14443,#14453,.T.);
#14451 = VERTEX_POINT('',#14452);
#14452 = CARTESIAN_POINT('',(-1.526437178598,0.8,0.269238815543));
#14453 = CIRCLE('',#14454,1.55);
#14454 = AXIS2_PLACEMENT_3D('',#14455,#14456,#14457);
#14455 = CARTESIAN_POINT('',(0.,0.8,0.));
#14456 = DIRECTION('',(0.,-1.,0.));
#14457 = DIRECTION('',(-0.98479817974,0.,0.17370246164));
#14458 = ORIENTED_EDGE('',*,*,#14459,.T.);
#14459 = EDGE_CURVE('',#14451,#14334,#14460,.T.);
#14460 = LINE('',#14461,#14462);
#14461 = CARTESIAN_POINT('',(-1.526437178598,0.8,0.269238815543));
#14462 = VECTOR('',#14463,1.);
#14463 = DIRECTION('',(0.,1.,0.));
#14464 = ORIENTED_EDGE('',*,*,#14342,.T.);
#14465 = CYLINDRICAL_SURFACE('',#14466,1.55);
#14466 = AXIS2_PLACEMENT_3D('',#14467,#14468,#14469);
#14467 = CARTESIAN_POINT('',(0.,0.8,0.));
#14468 = DIRECTION('',(0.,-1.,0.));
#14469 = DIRECTION('',(-1.,0.,1.2E-16));
#14470 = ADVANCED_FACE('',(#14471),#14489,.F.);
#14471 = FACE_BOUND('',#14472,.T.);
#14472 = EDGE_LOOP('',(#14473,#14474,#14482,#14488));
#14473 = ORIENTED_EDGE('',*,*,#14333,.F.);
#14474 = ORIENTED_EDGE('',*,*,#14475,.F.);
#14475 = EDGE_CURVE('',#14476,#14319,#14478,.T.);
#14476 = VERTEX_POINT('',#14477);
#14477 = CARTESIAN_POINT('',(-0.919238815542,0.8,0.269238815543));
#14478 = LINE('',#14479,#14480);
#14479 = CARTESIAN_POINT('',(-0.919238815542,0.8,0.269238815543));
#14480 = VECTOR('',#14481,1.);
#14481 = DIRECTION('',(0.,1.,0.));
#14482 = ORIENTED_EDGE('',*,*,#14483,.T.);
#14483 = EDGE_CURVE('',#14476,#14451,#14484,.T.);
#14484 = LINE('',#14485,#14486);
#14485 = CARTESIAN_POINT('',(-0.919238815542,0.8,0.269238815543));
#14486 = VECTOR('',#14487,1.);
#14487 = DIRECTION('',(-1.,0.,0.));
#14488 = ORIENTED_EDGE('',*,*,#14459,.T.);
#14489 = PLANE('',#14490);
#14490 = AXIS2_PLACEMENT_3D('',#14491,#14492,#14493);
#14491 = CARTESIAN_POINT('',(-0.919238815542,0.8,0.269238815543));
#14492 = DIRECTION('',(0.,0.,1.));
#14493 = DIRECTION('',(-1.,0.,0.));
#14494 = ADVANCED_FACE('',(#14495),#14616,.F.);
#14495 = FACE_BOUND('',#14496,.T.);
#14496 = EDGE_LOOP('',(#14497,#14498,#14507,#14515,#14524,#14532,#14541,
    #14549,#14558,#14566,#14575,#14583,#14592,#14600,#14609,#14615));
#14497 = ORIENTED_EDGE('',*,*,#14483,.F.);
#14498 = ORIENTED_EDGE('',*,*,#14499,.F.);
#14499 = EDGE_CURVE('',#14500,#14476,#14502,.T.);
#14500 = VERTEX_POINT('',#14501);
#14501 = CARTESIAN_POINT('',(-0.269238815543,0.8,0.919238815542));
#14502 = CIRCLE('',#14503,0.65);
#14503 = AXIS2_PLACEMENT_3D('',#14504,#14505,#14506);
#14504 = CARTESIAN_POINT('',(-0.919238815542,0.8,0.919238815542));
#14505 = DIRECTION('',(-0.,1.,0.));
#14506 = DIRECTION('',(1.,0.,0.));
#14507 = ORIENTED_EDGE('',*,*,#14508,.F.);
#14508 = EDGE_CURVE('',#14509,#14500,#14511,.T.);
#14509 = VERTEX_POINT('',#14510);
#14510 = CARTESIAN_POINT('',(-0.269238815543,0.8,1.526437178598));
#14511 = LINE('',#14512,#14513);
#14512 = CARTESIAN_POINT('',(-0.269238815543,0.8,1.526437178598));
#14513 = VECTOR('',#14514,1.);
#14514 = DIRECTION('',(0.,0.,-1.));
#14515 = ORIENTED_EDGE('',*,*,#14516,.F.);
#14516 = EDGE_CURVE('',#14517,#14509,#14519,.T.);
#14517 = VERTEX_POINT('',#14518);
#14518 = CARTESIAN_POINT('',(0.269238815543,0.8,1.526437178598));
#14519 = CIRCLE('',#14520,1.55);
#14520 = AXIS2_PLACEMENT_3D('',#14521,#14522,#14523);
#14521 = CARTESIAN_POINT('',(0.,0.8,0.));
#14522 = DIRECTION('',(0.,-1.,0.));
#14523 = DIRECTION('',(0.17370246164,0.,0.98479817974));
#14524 = ORIENTED_EDGE('',*,*,#14525,.F.);
#14525 = EDGE_CURVE('',#14526,#14517,#14528,.T.);
#14526 = VERTEX_POINT('',#14527);
#14527 = CARTESIAN_POINT('',(0.269238815543,0.8,0.919238815542));
#14528 = LINE('',#14529,#14530);
#14529 = CARTESIAN_POINT('',(0.269238815543,0.8,0.919238815542));
#14530 = VECTOR('',#14531,1.);
#14531 = DIRECTION('',(0.,0.,1.));
#14532 = ORIENTED_EDGE('',*,*,#14533,.F.);
#14533 = EDGE_CURVE('',#14534,#14526,#14536,.T.);
#14534 = VERTEX_POINT('',#14535);
#14535 = CARTESIAN_POINT('',(0.919238815542,0.8,0.269238815543));
#14536 = CIRCLE('',#14537,0.65);
#14537 = AXIS2_PLACEMENT_3D('',#14538,#14539,#14540);
#14538 = CARTESIAN_POINT('',(0.919238815542,0.8,0.919238815542));
#14539 = DIRECTION('',(0.,1.,0.));
#14540 = DIRECTION('',(0.,0.,-1.));
#14541 = ORIENTED_EDGE('',*,*,#14542,.F.);
#14542 = EDGE_CURVE('',#14543,#14534,#14545,.T.);
#14543 = VERTEX_POINT('',#14544);
#14544 = CARTESIAN_POINT('',(1.526437178598,0.8,0.269238815543));
#14545 = LINE('',#14546,#14547);
#14546 = CARTESIAN_POINT('',(1.526437178598,0.8,0.269238815543));
#14547 = VECTOR('',#14548,1.);
#14548 = DIRECTION('',(-1.,0.,0.));
#14549 = ORIENTED_EDGE('',*,*,#14550,.F.);
#14550 = EDGE_CURVE('',#14551,#14543,#14553,.T.);
#14551 = VERTEX_POINT('',#14552);
#14552 = CARTESIAN_POINT('',(1.526437178598,0.8,-0.269238815543));
#14553 = CIRCLE('',#14554,1.55);
#14554 = AXIS2_PLACEMENT_3D('',#14555,#14556,#14557);
#14555 = CARTESIAN_POINT('',(0.,0.8,0.));
#14556 = DIRECTION('',(0.,-1.,0.));
#14557 = DIRECTION('',(0.98479817974,0.,-0.17370246164));
#14558 = ORIENTED_EDGE('',*,*,#14559,.F.);
#14559 = EDGE_CURVE('',#14560,#14551,#14562,.T.);
#14560 = VERTEX_POINT('',#14561);
#14561 = CARTESIAN_POINT('',(0.919238815542,0.8,-0.269238815543));
#14562 = LINE('',#14563,#14564);
#14563 = CARTESIAN_POINT('',(0.919238815542,0.8,-0.269238815543));
#14564 = VECTOR('',#14565,1.);
#14565 = DIRECTION('',(1.,0.,0.));
#14566 = ORIENTED_EDGE('',*,*,#14567,.F.);
#14567 = EDGE_CURVE('',#14568,#14560,#14570,.T.);
#14568 = VERTEX_POINT('',#14569);
#14569 = CARTESIAN_POINT('',(0.269238815543,0.8,-0.919238815542));
#14570 = CIRCLE('',#14571,0.65);
#14571 = AXIS2_PLACEMENT_3D('',#14572,#14573,#14574);
#14572 = CARTESIAN_POINT('',(0.919238815542,0.8,-0.919238815542));
#14573 = DIRECTION('',(0.,1.,0.));
#14574 = DIRECTION('',(-1.,0.,0.));
#14575 = ORIENTED_EDGE('',*,*,#14576,.F.);
#14576 = EDGE_CURVE('',#14577,#14568,#14579,.T.);
#14577 = VERTEX_POINT('',#14578);
#14578 = CARTESIAN_POINT('',(0.269238815543,0.8,-1.526437178598));
#14579 = LINE('',#14580,#14581);
#14580 = CARTESIAN_POINT('',(0.269238815543,0.8,-1.526437178598));
#14581 = VECTOR('',#14582,1.);
#14582 = DIRECTION('',(0.,0.,1.));
#14583 = ORIENTED_EDGE('',*,*,#14584,.F.);
#14584 = EDGE_CURVE('',#14585,#14577,#14587,.T.);
#14585 = VERTEX_POINT('',#14586);
#14586 = CARTESIAN_POINT('',(-0.269238815543,0.8,-1.526437178598));
#14587 = CIRCLE('',#14588,1.55);
#14588 = AXIS2_PLACEMENT_3D('',#14589,#14590,#14591);
#14589 = CARTESIAN_POINT('',(0.,0.8,0.));
#14590 = DIRECTION('',(0.,-1.,0.));
#14591 = DIRECTION('',(-0.17370246164,-0.,-0.98479817974));
#14592 = ORIENTED_EDGE('',*,*,#14593,.F.);
#14593 = EDGE_CURVE('',#14594,#14585,#14596,.T.);
#14594 = VERTEX_POINT('',#14595);
#14595 = CARTESIAN_POINT('',(-0.269238815543,0.8,-0.919238815542));
#14596 = LINE('',#14597,#14598);
#14597 = CARTESIAN_POINT('',(-0.269238815543,0.8,-0.919238815542));
#14598 = VECTOR('',#14599,1.);
#14599 = DIRECTION('',(0.,0.,-1.));
#14600 = ORIENTED_EDGE('',*,*,#14601,.F.);
#14601 = EDGE_CURVE('',#14602,#14594,#14604,.T.);
#14602 = VERTEX_POINT('',#14603);
#14603 = CARTESIAN_POINT('',(-0.919238815542,0.8,-0.269238815543));
#14604 = CIRCLE('',#14605,0.65);
#14605 = AXIS2_PLACEMENT_3D('',#14606,#14607,#14608);
#14606 = CARTESIAN_POINT('',(-0.919238815542,0.8,-0.919238815542));
#14607 = DIRECTION('',(0.,1.,0.));
#14608 = DIRECTION('',(0.,-0.,1.));
#14609 = ORIENTED_EDGE('',*,*,#14610,.F.);
#14610 = EDGE_CURVE('',#14443,#14602,#14611,.T.);
#14611 = LINE('',#14612,#14613);
#14612 = CARTESIAN_POINT('',(-1.526437178598,0.8,-0.269238815543));
#14613 = VECTOR('',#14614,1.);
#14614 = DIRECTION('',(1.,0.,0.));
#14615 = ORIENTED_EDGE('',*,*,#14450,.F.);
#14616 = PLANE('',#14617);
#14617 = AXIS2_PLACEMENT_3D('',#14618,#14619,#14620);
#14618 = CARTESIAN_POINT('',(0.,0.8,0.));
#14619 = DIRECTION('',(0.,-1.,0.));
#14620 = DIRECTION('',(1.,0.,0.));
#14621 = ADVANCED_FACE('',(#14622),#14633,.F.);
#14622 = FACE_BOUND('',#14623,.T.);
#14623 = EDGE_LOOP('',(#14624,#14625,#14626,#14627));
#14624 = ORIENTED_EDGE('',*,*,#14351,.F.);
#14625 = ORIENTED_EDGE('',*,*,#14442,.F.);
#14626 = ORIENTED_EDGE('',*,*,#14610,.T.);
#14627 = ORIENTED_EDGE('',*,*,#14628,.T.);
#14628 = EDGE_CURVE('',#14602,#14352,#14629,.T.);
#14629 = LINE('',#14630,#14631);
#14630 = CARTESIAN_POINT('',(-0.919238815542,0.8,-0.269238815543));
#14631 = VECTOR('',#14632,1.);
#14632 = DIRECTION('',(0.,1.,0.));
#14633 = PLANE('',#14634);
#14634 = AXIS2_PLACEMENT_3D('',#14635,#14636,#14637);
#14635 = CARTESIAN_POINT('',(-1.526437178598,0.8,-0.269238815543));
#14636 = DIRECTION('',(0.,0.,-1.));
#14637 = DIRECTION('',(1.,0.,0.));
#14638 = ADVANCED_FACE('',(#14639),#14650,.T.);
#14639 = FACE_BOUND('',#14640,.T.);
#14640 = EDGE_LOOP('',(#14641,#14642,#14643,#14644));
#14641 = ORIENTED_EDGE('',*,*,#14360,.F.);
#14642 = ORIENTED_EDGE('',*,*,#14628,.F.);
#14643 = ORIENTED_EDGE('',*,*,#14601,.T.);
#14644 = ORIENTED_EDGE('',*,*,#14645,.T.);
#14645 = EDGE_CURVE('',#14594,#14361,#14646,.T.);
#14646 = LINE('',#14647,#14648);
#14647 = CARTESIAN_POINT('',(-0.269238815543,0.8,-0.919238815542));
#14648 = VECTOR('',#14649,1.);
#14649 = DIRECTION('',(0.,1.,0.));
#14650 = CYLINDRICAL_SURFACE('',#14651,0.65);
#14651 = AXIS2_PLACEMENT_3D('',#14652,#14653,#14654);
#14652 = CARTESIAN_POINT('',(-0.919238815542,0.8,-0.919238815542));
#14653 = DIRECTION('',(0.,-1.,0.));
#14654 = DIRECTION('',(1.,0.,0.));
#14655 = ADVANCED_FACE('',(#14656),#14667,.F.);
#14656 = FACE_BOUND('',#14657,.T.);
#14657 = EDGE_LOOP('',(#14658,#14659,#14660,#14661));
#14658 = ORIENTED_EDGE('',*,*,#14375,.F.);
#14659 = ORIENTED_EDGE('',*,*,#14645,.F.);
#14660 = ORIENTED_EDGE('',*,*,#14593,.T.);
#14661 = ORIENTED_EDGE('',*,*,#14662,.T.);
#14662 = EDGE_CURVE('',#14585,#14376,#14663,.T.);
#14663 = LINE('',#14664,#14665);
#14664 = CARTESIAN_POINT('',(-0.269238815543,0.8,-1.526437178598));
#14665 = VECTOR('',#14666,1.);
#14666 = DIRECTION('',(0.,1.,0.));
#14667 = PLANE('',#14668);
#14668 = AXIS2_PLACEMENT_3D('',#14669,#14670,#14671);
#14669 = CARTESIAN_POINT('',(-0.269238815543,0.8,-0.919238815542));
#14670 = DIRECTION('',(-1.,0.,0.));
#14671 = DIRECTION('',(0.,0.,-1.));
#14672 = ADVANCED_FACE('',(#14673),#14684,.F.);
#14673 = FACE_BOUND('',#14674,.F.);
#14674 = EDGE_LOOP('',(#14675,#14681,#14682,#14683));
#14675 = ORIENTED_EDGE('',*,*,#14676,.F.);
#14676 = EDGE_CURVE('',#14577,#14385,#14677,.T.);
#14677 = LINE('',#14678,#14679);
#14678 = CARTESIAN_POINT('',(0.269238815543,0.8,-1.526437178598));
#14679 = VECTOR('',#14680,1.);
#14680 = DIRECTION('',(0.,1.,0.));
#14681 = ORIENTED_EDGE('',*,*,#14584,.F.);
#14682 = ORIENTED_EDGE('',*,*,#14662,.T.);
#14683 = ORIENTED_EDGE('',*,*,#14384,.T.);
#14684 = CYLINDRICAL_SURFACE('',#14685,1.55);
#14685 = AXIS2_PLACEMENT_3D('',#14686,#14687,#14688);
#14686 = CARTESIAN_POINT('',(0.,0.8,0.));
#14687 = DIRECTION('',(0.,-1.,0.));
#14688 = DIRECTION('',(1.,0.,0.));
#14689 = ADVANCED_FACE('',(#14690),#14701,.F.);
#14690 = FACE_BOUND('',#14691,.T.);
#14691 = EDGE_LOOP('',(#14692,#14693,#14694,#14695));
#14692 = ORIENTED_EDGE('',*,*,#14393,.F.);
#14693 = ORIENTED_EDGE('',*,*,#14676,.F.);
#14694 = ORIENTED_EDGE('',*,*,#14576,.T.);
#14695 = ORIENTED_EDGE('',*,*,#14696,.T.);
#14696 = EDGE_CURVE('',#14568,#14394,#14697,.T.);
#14697 = LINE('',#14698,#14699);
#14698 = CARTESIAN_POINT('',(0.269238815543,0.8,-0.919238815542));
#14699 = VECTOR('',#14700,1.);
#14700 = DIRECTION('',(0.,1.,0.));
#14701 = PLANE('',#14702);
#14702 = AXIS2_PLACEMENT_3D('',#14703,#14704,#14705);
#14703 = CARTESIAN_POINT('',(0.269238815543,0.8,-1.526437178598));
#14704 = DIRECTION('',(1.,0.,0.));
#14705 = DIRECTION('',(0.,0.,1.));
#14706 = ADVANCED_FACE('',(#14707),#14718,.T.);
#14707 = FACE_BOUND('',#14708,.T.);
#14708 = EDGE_LOOP('',(#14709,#14710,#14711,#14712));
#14709 = ORIENTED_EDGE('',*,*,#14402,.F.);
#14710 = ORIENTED_EDGE('',*,*,#14696,.F.);
#14711 = ORIENTED_EDGE('',*,*,#14567,.T.);
#14712 = ORIENTED_EDGE('',*,*,#14713,.T.);
#14713 = EDGE_CURVE('',#14560,#14403,#14714,.T.);
#14714 = LINE('',#14715,#14716);
#14715 = CARTESIAN_POINT('',(0.919238815542,0.8,-0.269238815543));
#14716 = VECTOR('',#14717,1.);
#14717 = DIRECTION('',(0.,1.,0.));
#14718 = CYLINDRICAL_SURFACE('',#14719,0.65);
#14719 = AXIS2_PLACEMENT_3D('',#14720,#14721,#14722);
#14720 = CARTESIAN_POINT('',(0.919238815542,0.8,-0.919238815542));
#14721 = DIRECTION('',(0.,-1.,0.));
#14722 = DIRECTION('',(1.,0.,0.));
#14723 = ADVANCED_FACE('',(#14724),#14735,.F.);
#14724 = FACE_BOUND('',#14725,.T.);
#14725 = EDGE_LOOP('',(#14726,#14727,#14728,#14729));
#14726 = ORIENTED_EDGE('',*,*,#14417,.F.);
#14727 = ORIENTED_EDGE('',*,*,#14713,.F.);
#14728 = ORIENTED_EDGE('',*,*,#14559,.T.);
#14729 = ORIENTED_EDGE('',*,*,#14730,.T.);
#14730 = EDGE_CURVE('',#14551,#14418,#14731,.T.);
#14731 = LINE('',#14732,#14733);
#14732 = CARTESIAN_POINT('',(1.526437178598,0.8,-0.269238815543));
#14733 = VECTOR('',#14734,1.);
#14734 = DIRECTION('',(0.,1.,0.));
#14735 = PLANE('',#14736);
#14736 = AXIS2_PLACEMENT_3D('',#14737,#14738,#14739);
#14737 = CARTESIAN_POINT('',(0.919238815542,0.8,-0.269238815543));
#14738 = DIRECTION('',(0.,0.,-1.));
#14739 = DIRECTION('',(1.,0.,0.));
#14740 = ADVANCED_FACE('',(#14741),#14753,.F.);
#14741 = FACE_BOUND('',#14742,.F.);
#14742 = EDGE_LOOP('',(#14743,#14744,#14750,#14751,#14752));
#14743 = ORIENTED_EDGE('',*,*,#14258,.T.);
#14744 = ORIENTED_EDGE('',*,*,#14745,.F.);
#14745 = EDGE_CURVE('',#14543,#14259,#14746,.T.);
#14746 = LINE('',#14747,#14748);
#14747 = CARTESIAN_POINT('',(1.526437178598,0.8,0.269238815543));
#14748 = VECTOR('',#14749,1.);
#14749 = DIRECTION('',(0.,1.,0.));
#14750 = ORIENTED_EDGE('',*,*,#14550,.F.);
#14751 = ORIENTED_EDGE('',*,*,#14730,.T.);
#14752 = ORIENTED_EDGE('',*,*,#14426,.T.);
#14753 = CYLINDRICAL_SURFACE('',#14754,1.55);
#14754 = AXIS2_PLACEMENT_3D('',#14755,#14756,#14757);
#14755 = CARTESIAN_POINT('',(0.,0.8,0.));
#14756 = DIRECTION('',(0.,-1.,0.));
#14757 = DIRECTION('',(1.,0.,0.));
#14758 = ADVANCED_FACE('',(#14759),#14770,.F.);
#14759 = FACE_BOUND('',#14760,.T.);
#14760 = EDGE_LOOP('',(#14761,#14762,#14763,#14764));
#14761 = ORIENTED_EDGE('',*,*,#14267,.F.);
#14762 = ORIENTED_EDGE('',*,*,#14745,.F.);
#14763 = ORIENTED_EDGE('',*,*,#14542,.T.);
#14764 = ORIENTED_EDGE('',*,*,#14765,.T.);
#14765 = EDGE_CURVE('',#14534,#14268,#14766,.T.);
#14766 = LINE('',#14767,#14768);
#14767 = CARTESIAN_POINT('',(0.919238815542,0.8,0.269238815543));
#14768 = VECTOR('',#14769,1.);
#14769 = DIRECTION('',(0.,1.,0.));
#14770 = PLANE('',#14771);
#14771 = AXIS2_PLACEMENT_3D('',#14772,#14773,#14774);
#14772 = CARTESIAN_POINT('',(1.526437178598,0.8,0.269238815543));
#14773 = DIRECTION('',(0.,0.,1.));
#14774 = DIRECTION('',(-1.,0.,0.));
#14775 = ADVANCED_FACE('',(#14776),#14787,.T.);
#14776 = FACE_BOUND('',#14777,.T.);
#14777 = EDGE_LOOP('',(#14778,#14779,#14780,#14781));
#14778 = ORIENTED_EDGE('',*,*,#14276,.F.);
#14779 = ORIENTED_EDGE('',*,*,#14765,.F.);
#14780 = ORIENTED_EDGE('',*,*,#14533,.T.);
#14781 = ORIENTED_EDGE('',*,*,#14782,.T.);
#14782 = EDGE_CURVE('',#14526,#14277,#14783,.T.);
#14783 = LINE('',#14784,#14785);
#14784 = CARTESIAN_POINT('',(0.269238815543,0.8,0.919238815542));
#14785 = VECTOR('',#14786,1.);
#14786 = DIRECTION('',(0.,1.,0.));
#14787 = CYLINDRICAL_SURFACE('',#14788,0.65);
#14788 = AXIS2_PLACEMENT_3D('',#14789,#14790,#14791);
#14789 = CARTESIAN_POINT('',(0.919238815542,0.8,0.919238815542));
#14790 = DIRECTION('',(0.,-1.,0.));
#14791 = DIRECTION('',(1.,0.,0.));
#14792 = ADVANCED_FACE('',(#14793),#14804,.F.);
#14793 = FACE_BOUND('',#14794,.T.);
#14794 = EDGE_LOOP('',(#14795,#14796,#14797,#14798));
#14795 = ORIENTED_EDGE('',*,*,#14291,.F.);
#14796 = ORIENTED_EDGE('',*,*,#14782,.F.);
#14797 = ORIENTED_EDGE('',*,*,#14525,.T.);
#14798 = ORIENTED_EDGE('',*,*,#14799,.T.);
#14799 = EDGE_CURVE('',#14517,#14292,#14800,.T.);
#14800 = LINE('',#14801,#14802);
#14801 = CARTESIAN_POINT('',(0.269238815543,0.8,1.526437178598));
#14802 = VECTOR('',#14803,1.);
#14803 = DIRECTION('',(0.,1.,0.));
#14804 = PLANE('',#14805);
#14805 = AXIS2_PLACEMENT_3D('',#14806,#14807,#14808);
#14806 = CARTESIAN_POINT('',(0.269238815543,0.8,0.919238815542));
#14807 = DIRECTION('',(1.,0.,0.));
#14808 = DIRECTION('',(0.,0.,1.));
#14809 = ADVANCED_FACE('',(#14810),#14821,.F.);
#14810 = FACE_BOUND('',#14811,.F.);
#14811 = EDGE_LOOP('',(#14812,#14818,#14819,#14820));
#14812 = ORIENTED_EDGE('',*,*,#14813,.F.);
#14813 = EDGE_CURVE('',#14509,#14301,#14814,.T.);
#14814 = LINE('',#14815,#14816);
#14815 = CARTESIAN_POINT('',(-0.269238815543,0.8,1.526437178598));
#14816 = VECTOR('',#14817,1.);
#14817 = DIRECTION('',(0.,1.,0.));
#14818 = ORIENTED_EDGE('',*,*,#14516,.F.);
#14819 = ORIENTED_EDGE('',*,*,#14799,.T.);
#14820 = ORIENTED_EDGE('',*,*,#14300,.T.);
#14821 = CYLINDRICAL_SURFACE('',#14822,1.55);
#14822 = AXIS2_PLACEMENT_3D('',#14823,#14824,#14825);
#14823 = CARTESIAN_POINT('',(0.,0.8,0.));
#14824 = DIRECTION('',(0.,-1.,0.));
#14825 = DIRECTION('',(1.,0.,0.));
#14826 = ADVANCED_FACE('',(#14827),#14838,.F.);
#14827 = FACE_BOUND('',#14828,.T.);
#14828 = EDGE_LOOP('',(#14829,#14830,#14831,#14832));
#14829 = ORIENTED_EDGE('',*,*,#14309,.F.);
#14830 = ORIENTED_EDGE('',*,*,#14813,.F.);
#14831 = ORIENTED_EDGE('',*,*,#14508,.T.);
#14832 = ORIENTED_EDGE('',*,*,#14833,.T.);
#14833 = EDGE_CURVE('',#14500,#14310,#14834,.T.);
#14834 = LINE('',#14835,#14836);
#14835 = CARTESIAN_POINT('',(-0.269238815543,0.8,0.919238815542));
#14836 = VECTOR('',#14837,1.);
#14837 = DIRECTION('',(0.,1.,0.));
#14838 = PLANE('',#14839);
#14839 = AXIS2_PLACEMENT_3D('',#14840,#14841,#14842);
#14840 = CARTESIAN_POINT('',(-0.269238815543,0.8,1.526437178598));
#14841 = DIRECTION('',(-1.,0.,0.));
#14842 = DIRECTION('',(0.,0.,-1.));
#14843 = ADVANCED_FACE('',(#14844),#14850,.T.);
#14844 = FACE_BOUND('',#14845,.T.);
#14845 = EDGE_LOOP('',(#14846,#14847,#14848,#14849));
#14846 = ORIENTED_EDGE('',*,*,#14318,.F.);
#14847 = ORIENTED_EDGE('',*,*,#14833,.F.);
#14848 = ORIENTED_EDGE('',*,*,#14499,.T.);
#14849 = ORIENTED_EDGE('',*,*,#14475,.T.);
#14850 = CYLINDRICAL_SURFACE('',#14851,0.65);
#14851 = AXIS2_PLACEMENT_3D('',#14852,#14853,#14854);
#14852 = CARTESIAN_POINT('',(-0.919238815542,0.8,0.919238815542));
#14853 = DIRECTION('',(0.,-1.,0.));
#14854 = DIRECTION('',(1.,0.,0.));
#14855 = ( GEOMETRIC_REPRESENTATION_CONTEXT(3) 
GLOBAL_UNCERTAINTY_ASSIGNED_CONTEXT((#14859)) 
GLOBAL_UNIT_ASSIGNED_CONTEXT((#14856,#14857,#14858)) 
REPRESENTATION_CONTEXT('Context #1',
  '3D Context with UNIT and UNCERTAINTY') );
#14856 = ( LENGTH_UNIT() NAMED_UNIT(*) SI_UNIT(.MILLI.,.METRE.) );
#14857 = ( NAMED_UNIT(*) PLANE_ANGLE_UNIT() SI_UNIT($,.RADIAN.) );
#14858 = ( NAMED_UNIT(*) SI_UNIT($,.STERADIAN.) SOLID_ANGLE_UNIT() );
#14859 = UNCERTAINTY_MEASURE_WITH_UNIT(LENGTH_MEASURE(2.E-05),#14856,
  'distance_accuracy_value','confusion accuracy');
#14860 = CONTEXT_DEPENDENT_SHAPE_REPRESENTATION(#14861,#14863);
#14861 = ( REPRESENTATION_RELATIONSHIP('','',#14118,#14037) 
REPRESENTATION_RELATIONSHIP_WITH_TRANSFORMATION(#14862) 
SHAPE_REPRESENTATION_RELATIONSHIP() );
#14862 = ITEM_DEFINED_TRANSFORMATION('','',#11,#14042);
#14863 = PRODUCT_DEFINITION_SHAPE('Placement','Placement of an item',
  #14864);
#14864 = NEXT_ASSEMBLY_USAGE_OCCURRENCE('19','SOLID064','',#14032,#14113
  ,$);
#14865 = PRODUCT_RELATED_PRODUCT_CATEGORY('part',$,(#14115));
#14866 = SHAPE_DEFINITION_REPRESENTATION(#14867,#14873);
#14867 = PRODUCT_DEFINITION_SHAPE('','',#14868);
#14868 = PRODUCT_DEFINITION('design','',#14869,#14872);
#14869 = PRODUCT_DEFINITION_FORMATION('','',#14870);
#14870 = PRODUCT('B3B-EH024','B3B-EH024','',(#14871));
#14871 = PRODUCT_CONTEXT('',#2,'mechanical');
#14872 = PRODUCT_DEFINITION_CONTEXT('part definition',#2,'design');
#14873 = ADVANCED_BREP_SHAPE_REPRESENTATION('',(#11,#14874),#16602);
#14874 = MANIFOLD_SOLID_BREP('',#14875);
#14875 = CLOSED_SHELL('',(#14876,#14916,#14963,#14994,#15064,#15113,
    #15144,#15184,#15215,#15239,#15256,#15307,#15354,#15401,#15432,
    #15465,#15496,#15513,#15530,#15682,#15713,#15739,#15763,#15780,
    #15794,#15825,#15849,#15873,#15890,#15902,#15933,#15957,#15981,
    #15998,#16010,#16041,#16065,#16089,#16106,#16118,#16135,#16249,
    #16280,#16304,#16328,#16345,#16357,#16388,#16412,#16436,#16453,
    #16465,#16496,#16520,#16544,#16561,#16573,#16590));
#14876 = ADVANCED_FACE('',(#14877),#14911,.T.);
#14877 = FACE_BOUND('',#14878,.T.);
#14878 = EDGE_LOOP('',(#14879,#14889,#14897,#14905));
#14879 = ORIENTED_EDGE('',*,*,#14880,.T.);
#14880 = EDGE_CURVE('',#14881,#14883,#14885,.T.);
#14881 = VERTEX_POINT('',#14882);
#14882 = CARTESIAN_POINT('',(-3.95,5.1,2.2));
#14883 = VERTEX_POINT('',#14884);
#14884 = CARTESIAN_POINT('',(-3.95,5.1,0.60236887));
#14885 = LINE('',#14886,#14887);
#14886 = CARTESIAN_POINT('',(-3.95,5.1,2.2));
#14887 = VECTOR('',#14888,1.);
#14888 = DIRECTION('',(0.,0.,-1.));
#14889 = ORIENTED_EDGE('',*,*,#14890,.T.);
#14890 = EDGE_CURVE('',#14883,#14891,#14893,.T.);
#14891 = VERTEX_POINT('',#14892);
#14892 = CARTESIAN_POINT('',(-5.,5.1,0.602368869667));
#14893 = LINE('',#14894,#14895);
#14894 = CARTESIAN_POINT('',(-3.95,5.1,0.60236887));
#14895 = VECTOR('',#14896,1.);
#14896 = DIRECTION('',(-1.,0.,-3.1746034E-10));
#14897 = ORIENTED_EDGE('',*,*,#14898,.F.);
#14898 = EDGE_CURVE('',#14899,#14891,#14901,.T.);
#14899 = VERTEX_POINT('',#14900);
#14900 = CARTESIAN_POINT('',(-5.,5.1,2.2));
#14901 = LINE('',#14902,#14903);
#14902 = CARTESIAN_POINT('',(-5.,5.1,2.2));
#14903 = VECTOR('',#14904,1.);
#14904 = DIRECTION('',(0.,0.,-1.));
#14905 = ORIENTED_EDGE('',*,*,#14906,.F.);
#14906 = EDGE_CURVE('',#14881,#14899,#14907,.T.);
#14907 = LINE('',#14908,#14909);
#14908 = CARTESIAN_POINT('',(-3.95,5.1,2.2));
#14909 = VECTOR('',#14910,1.);
#14910 = DIRECTION('',(-1.,0.,0.));
#14911 = PLANE('',#14912);
#14912 = AXIS2_PLACEMENT_3D('',#14913,#14914,#14915);
#14913 = CARTESIAN_POINT('',(-4.475,5.1,1.401184435));
#14914 = DIRECTION('',(0.,1.,0.));
#14915 = DIRECTION('',(0.,0.,-1.));
#14916 = ADVANCED_FACE('',(#14917),#14958,.T.);
#14917 = FACE_BOUND('',#14918,.T.);
#14918 = EDGE_LOOP('',(#14919,#14929,#14937,#14943,#14944,#14952));
#14919 = ORIENTED_EDGE('',*,*,#14920,.T.);
#14920 = EDGE_CURVE('',#14921,#14923,#14925,.T.);
#14921 = VERTEX_POINT('',#14922);
#14922 = CARTESIAN_POINT('',(-3.95,1.5,0.900000000562));
#14923 = VERTEX_POINT('',#14924);
#14924 = CARTESIAN_POINT('',(-3.95,4.2,0.900000000237));
#14925 = LINE('',#14926,#14927);
#14926 = CARTESIAN_POINT('',(-3.95,1.5,0.900000000562));
#14927 = VECTOR('',#14928,1.);
#14928 = DIRECTION('',(0.,1.,-1.2025298E-10));
#14929 = ORIENTED_EDGE('',*,*,#14930,.T.);
#14930 = EDGE_CURVE('',#14923,#14931,#14933,.T.);
#14931 = VERTEX_POINT('',#14932);
#14932 = CARTESIAN_POINT('',(-3.95,4.2,0.60236887));
#14933 = LINE('',#14934,#14935);
#14934 = CARTESIAN_POINT('',(-3.95,4.2,0.900000000237));
#14935 = VECTOR('',#14936,1.);
#14936 = DIRECTION('',(0.,0.,-1.));
#14937 = ORIENTED_EDGE('',*,*,#14938,.F.);
#14938 = EDGE_CURVE('',#14883,#14931,#14939,.T.);
#14939 = LINE('',#14940,#14941);
#14940 = CARTESIAN_POINT('',(-3.95,5.1,0.60236887));
#14941 = VECTOR('',#14942,1.);
#14942 = DIRECTION('',(0.,-1.,0.));
#14943 = ORIENTED_EDGE('',*,*,#14880,.F.);
#14944 = ORIENTED_EDGE('',*,*,#14945,.F.);
#14945 = EDGE_CURVE('',#14946,#14881,#14948,.T.);
#14946 = VERTEX_POINT('',#14947);
#14947 = CARTESIAN_POINT('',(-3.95,1.4999999999,2.2));
#14948 = LINE('',#14949,#14950);
#14949 = CARTESIAN_POINT('',(-3.95,1.4999999999,2.2));
#14950 = VECTOR('',#14951,1.);
#14951 = DIRECTION('',(0.,1.,0.));
#14952 = ORIENTED_EDGE('',*,*,#14953,.F.);
#14953 = EDGE_CURVE('',#14921,#14946,#14954,.T.);
#14954 = LINE('',#14955,#14956);
#14955 = CARTESIAN_POINT('',(-3.95,1.5,0.900000000562));
#14956 = VECTOR('',#14957,1.);
#14957 = DIRECTION('',(0.,-7.692308E-11,1.));
#14958 = PLANE('',#14959);
#14959 = AXIS2_PLACEMENT_3D('',#14960,#14961,#14962);
#14960 = CARTESIAN_POINT('',(-3.95,3.3,1.401184435));
#14961 = DIRECTION('',(1.,0.,0.));
#14962 = DIRECTION('',(0.,0.,-1.));
#14963 = ADVANCED_FACE('',(#14964),#14989,.F.);
#14964 = FACE_BOUND('',#14965,.T.);
#14965 = EDGE_LOOP('',(#14966,#14976,#14982,#14983));
#14966 = ORIENTED_EDGE('',*,*,#14967,.F.);
#14967 = EDGE_CURVE('',#14968,#14970,#14972,.T.);
#14968 = VERTEX_POINT('',#14969);
#14969 = CARTESIAN_POINT('',(-5.,4.2,0.9000000002));
#14970 = VERTEX_POINT('',#14971);
#14971 = CARTESIAN_POINT('',(-5.,1.5,0.900000000525));
#14972 = LINE('',#14973,#14974);
#14973 = CARTESIAN_POINT('',(-5.,4.2,0.9000000002));
#14974 = VECTOR('',#14975,1.);
#14975 = DIRECTION('',(0.,-1.,1.2025298E-10));
#14976 = ORIENTED_EDGE('',*,*,#14977,.F.);
#14977 = EDGE_CURVE('',#14923,#14968,#14978,.T.);
#14978 = LINE('',#14979,#14980);
#14979 = CARTESIAN_POINT('',(-3.95,4.2,0.900000000237));
#14980 = VECTOR('',#14981,1.);
#14981 = DIRECTION('',(-1.,0.,-3.552714E-11));
#14982 = ORIENTED_EDGE('',*,*,#14920,.F.);
#14983 = ORIENTED_EDGE('',*,*,#14984,.F.);
#14984 = EDGE_CURVE('',#14970,#14921,#14985,.T.);
#14985 = LINE('',#14986,#14987);
#14986 = CARTESIAN_POINT('',(-5.,1.5,0.900000000525));
#14987 = VECTOR('',#14988,1.);
#14988 = DIRECTION('',(1.,0.,3.552714E-11));
#14989 = PLANE('',#14990);
#14990 = AXIS2_PLACEMENT_3D('',#14991,#14992,#14993);
#14991 = CARTESIAN_POINT('',(-4.475,2.85,0.9));
#14992 = DIRECTION('',(0.,0.,1.));
#14993 = DIRECTION('',(-1.,0.,0.));
#14994 = ADVANCED_FACE('',(#14995),#15059,.F.);
#14995 = FACE_BOUND('',#14996,.T.);
#14996 = EDGE_LOOP('',(#14997,#14998,#15006,#15012,#15013,#15021,#15029,
    #15037,#15045,#15053));
#14997 = ORIENTED_EDGE('',*,*,#14898,.T.);
#14998 = ORIENTED_EDGE('',*,*,#14999,.T.);
#14999 = EDGE_CURVE('',#14891,#15000,#15002,.T.);
#15000 = VERTEX_POINT('',#15001);
#15001 = CARTESIAN_POINT('',(-5.,4.2,0.602368869667));
#15002 = LINE('',#15003,#15004);
#15003 = CARTESIAN_POINT('',(-5.,5.1,0.602368869667));
#15004 = VECTOR('',#15005,1.);
#15005 = DIRECTION('',(0.,-1.,0.));
#15006 = ORIENTED_EDGE('',*,*,#15007,.T.);
#15007 = EDGE_CURVE('',#15000,#14968,#15008,.T.);
#15008 = LINE('',#15009,#15010);
#15009 = CARTESIAN_POINT('',(-5.,4.2,0.602368869667));
#15010 = VECTOR('',#15011,1.);
#15011 = DIRECTION('',(0.,0.,1.));
#15012 = ORIENTED_EDGE('',*,*,#14967,.T.);
#15013 = ORIENTED_EDGE('',*,*,#15014,.F.);
#15014 = EDGE_CURVE('',#15015,#14970,#15017,.T.);
#15015 = VERTEX_POINT('',#15016);
#15016 = CARTESIAN_POINT('',(-5.,1.5,0.200000000338));
#15017 = LINE('',#15018,#15019);
#15018 = CARTESIAN_POINT('',(-5.,1.5,0.200000000338));
#15019 = VECTOR('',#15020,1.);
#15020 = DIRECTION('',(0.,0.,1.));
#15021 = ORIENTED_EDGE('',*,*,#15022,.F.);
#15022 = EDGE_CURVE('',#15023,#15015,#15025,.T.);
#15023 = VERTEX_POINT('',#15024);
#15024 = CARTESIAN_POINT('',(-5.,6.,0.2000000006));
#15025 = LINE('',#15026,#15027);
#15026 = CARTESIAN_POINT('',(-5.,6.,0.2000000006));
#15027 = VECTOR('',#15028,1.);
#15028 = DIRECTION('',(0.,-1.,-5.810661E-11));
#15029 = ORIENTED_EDGE('',*,*,#15030,.F.);
#15030 = EDGE_CURVE('',#15031,#15023,#15033,.T.);
#15031 = VERTEX_POINT('',#15032);
#15032 = CARTESIAN_POINT('',(-5.,6.,-1.6));
#15033 = LINE('',#15034,#15035);
#15034 = CARTESIAN_POINT('',(-5.,6.,-1.6));
#15035 = VECTOR('',#15036,1.);
#15036 = DIRECTION('',(0.,0.,1.));
#15037 = ORIENTED_EDGE('',*,*,#15038,.F.);
#15038 = EDGE_CURVE('',#15039,#15031,#15041,.T.);
#15039 = VERTEX_POINT('',#15040);
#15040 = CARTESIAN_POINT('',(-5.,0.,-1.6));
#15041 = LINE('',#15042,#15043);
#15042 = CARTESIAN_POINT('',(-5.,0.,-1.6));
#15043 = VECTOR('',#15044,1.);
#15044 = DIRECTION('',(0.,1.,0.));
#15045 = ORIENTED_EDGE('',*,*,#15046,.F.);
#15046 = EDGE_CURVE('',#15047,#15039,#15049,.T.);
#15047 = VERTEX_POINT('',#15048);
#15048 = CARTESIAN_POINT('',(-5.,0.,2.2));
#15049 = LINE('',#15050,#15051);
#15050 = CARTESIAN_POINT('',(-5.,0.,2.2));
#15051 = VECTOR('',#15052,1.);
#15052 = DIRECTION('',(0.,0.,-1.));
#15053 = ORIENTED_EDGE('',*,*,#15054,.F.);
#15054 = EDGE_CURVE('',#14899,#15047,#15055,.T.);
#15055 = LINE('',#15056,#15057);
#15056 = CARTESIAN_POINT('',(-5.,5.1,2.2));
#15057 = VECTOR('',#15058,1.);
#15058 = DIRECTION('',(0.,-1.,0.));
#15059 = PLANE('',#15060);
#15060 = AXIS2_PLACEMENT_3D('',#15061,#15062,#15063);
#15061 = CARTESIAN_POINT('',(-5.,3.,0.3));
#15062 = DIRECTION('',(1.,0.,0.));
#15063 = DIRECTION('',(0.,0.,-1.));
#15064 = ADVANCED_FACE('',(#15065),#15108,.T.);
#15065 = FACE_BOUND('',#15066,.T.);
#15066 = EDGE_LOOP('',(#15067,#15077,#15085,#15091,#15092,#15093,#15094,
    #15102));
#15067 = ORIENTED_EDGE('',*,*,#15068,.T.);
#15068 = EDGE_CURVE('',#15069,#15071,#15073,.T.);
#15069 = VERTEX_POINT('',#15070);
#15070 = CARTESIAN_POINT('',(5.,5.1,2.2));
#15071 = VERTEX_POINT('',#15072);
#15072 = CARTESIAN_POINT('',(3.95,5.1,2.2));
#15073 = LINE('',#15074,#15075);
#15074 = CARTESIAN_POINT('',(5.,5.1,2.2));
#15075 = VECTOR('',#15076,1.);
#15076 = DIRECTION('',(-1.,0.,0.));
#15077 = ORIENTED_EDGE('',*,*,#15078,.T.);
#15078 = EDGE_CURVE('',#15071,#15079,#15081,.T.);
#15079 = VERTEX_POINT('',#15080);
#15080 = CARTESIAN_POINT('',(3.95,1.4999999999,2.2));
#15081 = LINE('',#15082,#15083);
#15082 = CARTESIAN_POINT('',(3.95,5.1,2.2));
#15083 = VECTOR('',#15084,1.);
#15084 = DIRECTION('',(0.,-1.,0.));
#15085 = ORIENTED_EDGE('',*,*,#15086,.T.);
#15086 = EDGE_CURVE('',#15079,#14946,#15087,.T.);
#15087 = LINE('',#15088,#15089);
#15088 = CARTESIAN_POINT('',(3.95,1.4999999999,2.2));
#15089 = VECTOR('',#15090,1.);
#15090 = DIRECTION('',(-1.,0.,0.));
#15091 = ORIENTED_EDGE('',*,*,#14945,.T.);
#15092 = ORIENTED_EDGE('',*,*,#14906,.T.);
#15093 = ORIENTED_EDGE('',*,*,#15054,.T.);
#15094 = ORIENTED_EDGE('',*,*,#15095,.F.);
#15095 = EDGE_CURVE('',#15096,#15047,#15098,.T.);
#15096 = VERTEX_POINT('',#15097);
#15097 = CARTESIAN_POINT('',(5.,0.,2.2));
#15098 = LINE('',#15099,#15100);
#15099 = CARTESIAN_POINT('',(5.,0.,2.2));
#15100 = VECTOR('',#15101,1.);
#15101 = DIRECTION('',(-1.,0.,0.));
#15102 = ORIENTED_EDGE('',*,*,#15103,.T.);
#15103 = EDGE_CURVE('',#15096,#15069,#15104,.T.);
#15104 = LINE('',#15105,#15106);
#15105 = CARTESIAN_POINT('',(5.,0.,2.2));
#15106 = VECTOR('',#15107,1.);
#15107 = DIRECTION('',(0.,1.,0.));
#15108 = PLANE('',#15109);
#15109 = AXIS2_PLACEMENT_3D('',#15110,#15111,#15112);
#15110 = CARTESIAN_POINT('',(0.,2.55,2.2));
#15111 = DIRECTION('',(0.,0.,1.));
#15112 = DIRECTION('',(0.,1.,0.));
#15113 = ADVANCED_FACE('',(#15114),#15139,.T.);
#15114 = FACE_BOUND('',#15115,.T.);
#15115 = EDGE_LOOP('',(#15116,#15117,#15125,#15133));
#15116 = ORIENTED_EDGE('',*,*,#15068,.F.);
#15117 = ORIENTED_EDGE('',*,*,#15118,.T.);
#15118 = EDGE_CURVE('',#15069,#15119,#15121,.T.);
#15119 = VERTEX_POINT('',#15120);
#15120 = CARTESIAN_POINT('',(5.,5.1,0.602368869667));
#15121 = LINE('',#15122,#15123);
#15122 = CARTESIAN_POINT('',(5.,5.1,2.2));
#15123 = VECTOR('',#15124,1.);
#15124 = DIRECTION('',(0.,0.,-1.));
#15125 = ORIENTED_EDGE('',*,*,#15126,.T.);
#15126 = EDGE_CURVE('',#15119,#15127,#15129,.T.);
#15127 = VERTEX_POINT('',#15128);
#15128 = CARTESIAN_POINT('',(3.95,5.1,0.60236887));
#15129 = LINE('',#15130,#15131);
#15130 = CARTESIAN_POINT('',(5.,5.1,0.602368869667));
#15131 = VECTOR('',#15132,1.);
#15132 = DIRECTION('',(-1.,0.,3.1746034E-10));
#15133 = ORIENTED_EDGE('',*,*,#15134,.T.);
#15134 = EDGE_CURVE('',#15127,#15071,#15135,.T.);
#15135 = LINE('',#15136,#15137);
#15136 = CARTESIAN_POINT('',(3.95,5.1,0.60236887));
#15137 = VECTOR('',#15138,1.);
#15138 = DIRECTION('',(0.,0.,1.));
#15139 = PLANE('',#15140);
#15140 = AXIS2_PLACEMENT_3D('',#15141,#15142,#15143);
#15141 = CARTESIAN_POINT('',(4.475,5.1,1.401184435));
#15142 = DIRECTION('',(0.,1.,0.));
#15143 = DIRECTION('',(0.,0.,-1.));
#15144 = ADVANCED_FACE('',(#15145),#15179,.F.);
#15145 = FACE_BOUND('',#15146,.T.);
#15146 = EDGE_LOOP('',(#15147,#15157,#15163,#15164,#15165,#15173));
#15147 = ORIENTED_EDGE('',*,*,#15148,.F.);
#15148 = EDGE_CURVE('',#15149,#15151,#15153,.T.);
#15149 = VERTEX_POINT('',#15150);
#15150 = CARTESIAN_POINT('',(3.95,1.5,0.900000000562));
#15151 = VERTEX_POINT('',#15152);
#15152 = CARTESIAN_POINT('',(3.95,4.2,0.900000000237));
#15153 = LINE('',#15154,#15155);
#15154 = CARTESIAN_POINT('',(3.95,1.5,0.900000000562));
#15155 = VECTOR('',#15156,1.);
#15156 = DIRECTION('',(0.,1.,-1.2025307E-10));
#15157 = ORIENTED_EDGE('',*,*,#15158,.F.);
#15158 = EDGE_CURVE('',#15079,#15149,#15159,.T.);
#15159 = LINE('',#15160,#15161);
#15160 = CARTESIAN_POINT('',(3.95,1.4999999999,2.2));
#15161 = VECTOR('',#15162,1.);
#15162 = DIRECTION('',(0.,7.692308E-11,-1.));
#15163 = ORIENTED_EDGE('',*,*,#15078,.F.);
#15164 = ORIENTED_EDGE('',*,*,#15134,.F.);
#15165 = ORIENTED_EDGE('',*,*,#15166,.F.);
#15166 = EDGE_CURVE('',#15167,#15127,#15169,.T.);
#15167 = VERTEX_POINT('',#15168);
#15168 = CARTESIAN_POINT('',(3.95,4.2,0.60236887));
#15169 = LINE('',#15170,#15171);
#15170 = CARTESIAN_POINT('',(3.95,4.2,0.60236887));
#15171 = VECTOR('',#15172,1.);
#15172 = DIRECTION('',(0.,1.,0.));
#15173 = ORIENTED_EDGE('',*,*,#15174,.F.);
#15174 = EDGE_CURVE('',#15151,#15167,#15175,.T.);
#15175 = LINE('',#15176,#15177);
#15176 = CARTESIAN_POINT('',(3.95,4.2,0.900000000237));
#15177 = VECTOR('',#15178,1.);
#15178 = DIRECTION('',(0.,0.,-1.));
#15179 = PLANE('',#15180);
#15180 = AXIS2_PLACEMENT_3D('',#15181,#15182,#15183);
#15181 = CARTESIAN_POINT('',(3.95,3.3,1.401184435));
#15182 = DIRECTION('',(1.,0.,0.));
#15183 = DIRECTION('',(0.,0.,1.));
#15184 = ADVANCED_FACE('',(#15185),#15210,.F.);
#15185 = FACE_BOUND('',#15186,.T.);
#15186 = EDGE_LOOP('',(#15187,#15195,#15203,#15209));
#15187 = ORIENTED_EDGE('',*,*,#15188,.F.);
#15188 = EDGE_CURVE('',#15189,#15151,#15191,.T.);
#15189 = VERTEX_POINT('',#15190);
#15190 = CARTESIAN_POINT('',(5.,4.2,0.9000000002));
#15191 = LINE('',#15192,#15193);
#15192 = CARTESIAN_POINT('',(5.,4.2,0.9000000002));
#15193 = VECTOR('',#15194,1.);
#15194 = DIRECTION('',(-1.,0.,3.552714E-11));
#15195 = ORIENTED_EDGE('',*,*,#15196,.T.);
#15196 = EDGE_CURVE('',#15189,#15197,#15199,.T.);
#15197 = VERTEX_POINT('',#15198);
#15198 = CARTESIAN_POINT('',(5.,1.5,0.900000000525));
#15199 = LINE('',#15200,#15201);
#15200 = CARTESIAN_POINT('',(5.,4.2,0.9000000002));
#15201 = VECTOR('',#15202,1.);
#15202 = DIRECTION('',(0.,-1.,1.2025298E-10));
#15203 = ORIENTED_EDGE('',*,*,#15204,.T.);
#15204 = EDGE_CURVE('',#15197,#15149,#15205,.T.);
#15205 = LINE('',#15206,#15207);
#15206 = CARTESIAN_POINT('',(5.,1.5,0.900000000525));
#15207 = VECTOR('',#15208,1.);
#15208 = DIRECTION('',(-1.,0.,3.552693E-11));
#15209 = ORIENTED_EDGE('',*,*,#15148,.T.);
#15210 = PLANE('',#15211);
#15211 = AXIS2_PLACEMENT_3D('',#15212,#15213,#15214);
#15212 = CARTESIAN_POINT('',(4.475,2.85,0.9));
#15213 = DIRECTION('',(0.,0.,1.));
#15214 = DIRECTION('',(1.,0.,-0.));
#15215 = ADVANCED_FACE('',(#15216),#15234,.F.);
#15216 = FACE_BOUND('',#15217,.T.);
#15217 = EDGE_LOOP('',(#15218,#15226,#15232,#15233));
#15218 = ORIENTED_EDGE('',*,*,#15219,.T.);
#15219 = EDGE_CURVE('',#15167,#15220,#15222,.T.);
#15220 = VERTEX_POINT('',#15221);
#15221 = CARTESIAN_POINT('',(5.,4.2,0.602368869667));
#15222 = LINE('',#15223,#15224);
#15223 = CARTESIAN_POINT('',(3.95,4.2,0.60236887));
#15224 = VECTOR('',#15225,1.);
#15225 = DIRECTION('',(1.,0.,-3.1746056E-10));
#15226 = ORIENTED_EDGE('',*,*,#15227,.T.);
#15227 = EDGE_CURVE('',#15220,#15189,#15228,.T.);
#15228 = LINE('',#15229,#15230);
#15229 = CARTESIAN_POINT('',(5.,4.2,0.602368869667));
#15230 = VECTOR('',#15231,1.);
#15231 = DIRECTION('',(0.,0.,1.));
#15232 = ORIENTED_EDGE('',*,*,#15188,.T.);
#15233 = ORIENTED_EDGE('',*,*,#15174,.T.);
#15234 = PLANE('',#15235);
#15235 = AXIS2_PLACEMENT_3D('',#15236,#15237,#15238);
#15236 = CARTESIAN_POINT('',(4.475,4.2,0.751184435));
#15237 = DIRECTION('',(0.,1.,0.));
#15238 = DIRECTION('',(0.,-0.,1.));
#15239 = ADVANCED_FACE('',(#15240),#15251,.F.);
#15240 = FACE_BOUND('',#15241,.T.);
#15241 = EDGE_LOOP('',(#15242,#15243,#15244,#15245));
#15242 = ORIENTED_EDGE('',*,*,#15219,.F.);
#15243 = ORIENTED_EDGE('',*,*,#15166,.T.);
#15244 = ORIENTED_EDGE('',*,*,#15126,.F.);
#15245 = ORIENTED_EDGE('',*,*,#15246,.T.);
#15246 = EDGE_CURVE('',#15119,#15220,#15247,.T.);
#15247 = LINE('',#15248,#15249);
#15248 = CARTESIAN_POINT('',(5.,5.1,0.602368869667));
#15249 = VECTOR('',#15250,1.);
#15250 = DIRECTION('',(0.,-1.,0.));
#15251 = PLANE('',#15252);
#15252 = AXIS2_PLACEMENT_3D('',#15253,#15254,#15255);
#15253 = CARTESIAN_POINT('',(4.475,4.65,0.60236887));
#15254 = DIRECTION('',(0.,0.,1.));
#15255 = DIRECTION('',(-1.,0.,0.));
#15256 = ADVANCED_FACE('',(#15257),#15302,.T.);
#15257 = FACE_BOUND('',#15258,.T.);
#15258 = EDGE_LOOP('',(#15259,#15269,#15275,#15276,#15277,#15278,#15279,
    #15280,#15288,#15296));
#15259 = ORIENTED_EDGE('',*,*,#15260,.F.);
#15260 = EDGE_CURVE('',#15261,#15263,#15265,.T.);
#15261 = VERTEX_POINT('',#15262);
#15262 = CARTESIAN_POINT('',(5.,1.5,0.200000000338));
#15263 = VERTEX_POINT('',#15264);
#15264 = CARTESIAN_POINT('',(5.,6.,0.2000000006));
#15265 = LINE('',#15266,#15267);
#15266 = CARTESIAN_POINT('',(5.,1.5,0.200000000338));
#15267 = VECTOR('',#15268,1.);
#15268 = DIRECTION('',(0.,1.,5.810661E-11));
#15269 = ORIENTED_EDGE('',*,*,#15270,.F.);
#15270 = EDGE_CURVE('',#15197,#15261,#15271,.T.);
#15271 = LINE('',#15272,#15273);
#15272 = CARTESIAN_POINT('',(5.,1.5,0.900000000525));
#15273 = VECTOR('',#15274,1.);
#15274 = DIRECTION('',(0.,0.,-1.));
#15275 = ORIENTED_EDGE('',*,*,#15196,.F.);
#15276 = ORIENTED_EDGE('',*,*,#15227,.F.);
#15277 = ORIENTED_EDGE('',*,*,#15246,.F.);
#15278 = ORIENTED_EDGE('',*,*,#15118,.F.);
#15279 = ORIENTED_EDGE('',*,*,#15103,.F.);
#15280 = ORIENTED_EDGE('',*,*,#15281,.F.);
#15281 = EDGE_CURVE('',#15282,#15096,#15284,.T.);
#15282 = VERTEX_POINT('',#15283);
#15283 = CARTESIAN_POINT('',(5.,0.,-1.6));
#15284 = LINE('',#15285,#15286);
#15285 = CARTESIAN_POINT('',(5.,0.,-1.6));
#15286 = VECTOR('',#15287,1.);
#15287 = DIRECTION('',(0.,0.,1.));
#15288 = ORIENTED_EDGE('',*,*,#15289,.F.);
#15289 = EDGE_CURVE('',#15290,#15282,#15292,.T.);
#15290 = VERTEX_POINT('',#15291);
#15291 = CARTESIAN_POINT('',(5.,6.,-1.6));
#15292 = LINE('',#15293,#15294);
#15293 = CARTESIAN_POINT('',(5.,6.,-1.6));
#15294 = VECTOR('',#15295,1.);
#15295 = DIRECTION('',(0.,-1.,0.));
#15296 = ORIENTED_EDGE('',*,*,#15297,.F.);
#15297 = EDGE_CURVE('',#15263,#15290,#15298,.T.);
#15298 = LINE('',#15299,#15300);
#15299 = CARTESIAN_POINT('',(5.,6.,0.2000000006));
#15300 = VECTOR('',#15301,1.);
#15301 = DIRECTION('',(0.,0.,-1.));
#15302 = PLANE('',#15303);
#15303 = AXIS2_PLACEMENT_3D('',#15304,#15305,#15306);
#15304 = CARTESIAN_POINT('',(5.,3.,0.3));
#15305 = DIRECTION('',(1.,0.,0.));
#15306 = DIRECTION('',(0.,0.,-1.));
#15307 = ADVANCED_FACE('',(#15308),#15349,.T.);
#15308 = FACE_BOUND('',#15309,.T.);
#15309 = EDGE_LOOP('',(#15310,#15318,#15326,#15334,#15342,#15348));
#15310 = ORIENTED_EDGE('',*,*,#15311,.T.);
#15311 = EDGE_CURVE('',#15263,#15312,#15314,.T.);
#15312 = VERTEX_POINT('',#15313);
#15313 = CARTESIAN_POINT('',(4.54999999985,6.,0.2));
#15314 = LINE('',#15315,#15316);
#15315 = CARTESIAN_POINT('',(5.,6.,0.2000000006));
#15316 = VECTOR('',#15317,1.);
#15317 = DIRECTION('',(-1.,0.,-1.3333332E-09));
#15318 = ORIENTED_EDGE('',*,*,#15319,.T.);
#15319 = EDGE_CURVE('',#15312,#15320,#15322,.T.);
#15320 = VERTEX_POINT('',#15321);
#15321 = CARTESIAN_POINT('',(4.54999999985,5.000000000667,0.2));
#15322 = LINE('',#15323,#15324);
#15323 = CARTESIAN_POINT('',(4.54999999985,6.,0.2));
#15324 = VECTOR('',#15325,1.);
#15325 = DIRECTION('',(0.,-1.,0.));
#15326 = ORIENTED_EDGE('',*,*,#15327,.F.);
#15327 = EDGE_CURVE('',#15328,#15320,#15330,.T.);
#15328 = VERTEX_POINT('',#15329);
#15329 = CARTESIAN_POINT('',(3.95,5.000000000333,0.2));
#15330 = LINE('',#15331,#15332);
#15331 = CARTESIAN_POINT('',(3.95,5.000000000333,0.2));
#15332 = VECTOR('',#15333,1.);
#15333 = DIRECTION('',(1.,5.555556E-10,0.));
#15334 = ORIENTED_EDGE('',*,*,#15335,.F.);
#15335 = EDGE_CURVE('',#15336,#15328,#15338,.T.);
#15336 = VERTEX_POINT('',#15337);
#15337 = CARTESIAN_POINT('',(3.95,1.5,0.199999999738));
#15338 = LINE('',#15339,#15340);
#15339 = CARTESIAN_POINT('',(3.95,1.5,0.199999999738));
#15340 = VECTOR('',#15341,1.);
#15341 = DIRECTION('',(0.,1.,7.47085E-11));
#15342 = ORIENTED_EDGE('',*,*,#15343,.T.);
#15343 = EDGE_CURVE('',#15336,#15261,#15344,.T.);
#15344 = LINE('',#15345,#15346);
#15345 = CARTESIAN_POINT('',(3.95,1.5,0.199999999738));
#15346 = VECTOR('',#15347,1.);
#15347 = DIRECTION('',(1.,0.,5.7142854E-10));
#15348 = ORIENTED_EDGE('',*,*,#15260,.T.);
#15349 = PLANE('',#15350);
#15350 = AXIS2_PLACEMENT_3D('',#15351,#15352,#15353);
#15351 = CARTESIAN_POINT('',(4.475,3.75,0.2));
#15352 = DIRECTION('',(0.,0.,1.));
#15353 = DIRECTION('',(-1.,0.,0.));
#15354 = ADVANCED_FACE('',(#15355),#15396,.T.);
#15355 = FACE_BOUND('',#15356,.T.);
#15356 = EDGE_LOOP('',(#15357,#15367,#15373,#15374,#15375,#15381,#15382,
    #15390));
#15357 = ORIENTED_EDGE('',*,*,#15358,.T.);
#15358 = EDGE_CURVE('',#15359,#15361,#15363,.T.);
#15359 = VERTEX_POINT('',#15360);
#15360 = CARTESIAN_POINT('',(-4.55,6.,-1.0976311298));
#15361 = VERTEX_POINT('',#15362);
#15362 = CARTESIAN_POINT('',(4.55,6.,-1.0976311298));
#15363 = LINE('',#15364,#15365);
#15364 = CARTESIAN_POINT('',(-4.55,6.,-1.0976311298));
#15365 = VECTOR('',#15366,1.);
#15366 = DIRECTION('',(1.,0.,0.));
#15367 = ORIENTED_EDGE('',*,*,#15368,.T.);
#15368 = EDGE_CURVE('',#15361,#15312,#15369,.T.);
#15369 = LINE('',#15370,#15371);
#15370 = CARTESIAN_POINT('',(4.55,6.,-1.0976311298));
#15371 = VECTOR('',#15372,1.);
#15372 = DIRECTION('',(-1.1559526E-10,0.,1.));
#15373 = ORIENTED_EDGE('',*,*,#15311,.F.);
#15374 = ORIENTED_EDGE('',*,*,#15297,.T.);
#15375 = ORIENTED_EDGE('',*,*,#15376,.F.);
#15376 = EDGE_CURVE('',#15031,#15290,#15377,.T.);
#15377 = LINE('',#15378,#15379);
#15378 = CARTESIAN_POINT('',(-5.,6.,-1.6));
#15379 = VECTOR('',#15380,1.);
#15380 = DIRECTION('',(1.,0.,0.));
#15381 = ORIENTED_EDGE('',*,*,#15030,.T.);
#15382 = ORIENTED_EDGE('',*,*,#15383,.F.);
#15383 = EDGE_CURVE('',#15384,#15023,#15386,.T.);
#15384 = VERTEX_POINT('',#15385);
#15385 = CARTESIAN_POINT('',(-4.54999999985,6.,0.2));
#15386 = LINE('',#15387,#15388);
#15387 = CARTESIAN_POINT('',(-4.54999999985,6.,0.2));
#15388 = VECTOR('',#15389,1.);
#15389 = DIRECTION('',(-1.,0.,1.3333332E-09));
#15390 = ORIENTED_EDGE('',*,*,#15391,.T.);
#15391 = EDGE_CURVE('',#15384,#15359,#15392,.T.);
#15392 = LINE('',#15393,#15394);
#15393 = CARTESIAN_POINT('',(-4.54999999985,6.,0.2));
#15394 = VECTOR('',#15395,1.);
#15395 = DIRECTION('',(-1.1559526E-10,0.,-1.));
#15396 = PLANE('',#15397);
#15397 = AXIS2_PLACEMENT_3D('',#15398,#15399,#15400);
#15398 = CARTESIAN_POINT('',(0.,6.,-0.7));
#15399 = DIRECTION('',(0.,1.,0.));
#15400 = DIRECTION('',(0.,0.,-1.));
#15401 = ADVANCED_FACE('',(#15402),#15427,.T.);
#15402 = FACE_BOUND('',#15403,.T.);
#15403 = EDGE_LOOP('',(#15404,#15405,#15413,#15421));
#15404 = ORIENTED_EDGE('',*,*,#15358,.F.);
#15405 = ORIENTED_EDGE('',*,*,#15406,.F.);
#15406 = EDGE_CURVE('',#15407,#15359,#15409,.T.);
#15407 = VERTEX_POINT('',#15408);
#15408 = CARTESIAN_POINT('',(-4.55,1.5,-1.09763113));
#15409 = LINE('',#15410,#15411);
#15410 = CARTESIAN_POINT('',(-4.55,1.5,-1.09763113));
#15411 = VECTOR('',#15412,1.);
#15412 = DIRECTION('',(0.,1.,4.444445E-11));
#15413 = ORIENTED_EDGE('',*,*,#15414,.F.);
#15414 = EDGE_CURVE('',#15415,#15407,#15417,.T.);
#15415 = VERTEX_POINT('',#15416);
#15416 = CARTESIAN_POINT('',(4.55,1.5,-1.09763113));
#15417 = LINE('',#15418,#15419);
#15418 = CARTESIAN_POINT('',(4.55,1.5,-1.09763113));
#15419 = VECTOR('',#15420,1.);
#15420 = DIRECTION('',(-1.,0.,0.));
#15421 = ORIENTED_EDGE('',*,*,#15422,.F.);
#15422 = EDGE_CURVE('',#15361,#15415,#15423,.T.);
#15423 = LINE('',#15424,#15425);
#15424 = CARTESIAN_POINT('',(4.55,6.,-1.0976311298));
#15425 = VECTOR('',#15426,1.);
#15426 = DIRECTION('',(0.,-1.,-4.444445E-11));
#15427 = PLANE('',#15428);
#15428 = AXIS2_PLACEMENT_3D('',#15429,#15430,#15431);
#15429 = CARTESIAN_POINT('',(0.,3.75,-1.09763113));
#15430 = DIRECTION('',(0.,0.,1.));
#15431 = DIRECTION('',(1.,0.,-0.));
#15432 = ADVANCED_FACE('',(#15433),#15460,.F.);
#15433 = FACE_BOUND('',#15434,.T.);
#15434 = EDGE_LOOP('',(#15435,#15445,#15451,#15452,#15453,#15454));
#15435 = ORIENTED_EDGE('',*,*,#15436,.F.);
#15436 = EDGE_CURVE('',#15437,#15439,#15441,.T.);
#15437 = VERTEX_POINT('',#15438);
#15438 = CARTESIAN_POINT('',(4.55,5.000000000333,-0.497631129906));
#15439 = VERTEX_POINT('',#15440);
#15440 = CARTESIAN_POINT('',(4.55,1.5,-0.497631129717));
#15441 = LINE('',#15442,#15443);
#15442 = CARTESIAN_POINT('',(4.55,5.000000000333,-0.497631129906));
#15443 = VECTOR('',#15444,1.);
#15444 = DIRECTION('',(0.,-1.,5.381858E-11));
#15445 = ORIENTED_EDGE('',*,*,#15446,.F.);
#15446 = EDGE_CURVE('',#15320,#15437,#15447,.T.);
#15447 = LINE('',#15448,#15449);
#15448 = CARTESIAN_POINT('',(4.54999999985,5.000000000667,0.2));
#15449 = VECTOR('',#15450,1.);
#15450 = DIRECTION('',(2.1501336E-10,-4.7780746E-10,-1.));
#15451 = ORIENTED_EDGE('',*,*,#15319,.F.);
#15452 = ORIENTED_EDGE('',*,*,#15368,.F.);
#15453 = ORIENTED_EDGE('',*,*,#15422,.T.);
#15454 = ORIENTED_EDGE('',*,*,#15455,.F.);
#15455 = EDGE_CURVE('',#15439,#15415,#15456,.T.);
#15456 = LINE('',#15457,#15458);
#15457 = CARTESIAN_POINT('',(4.55,1.5,-0.497631129717));
#15458 = VECTOR('',#15459,1.);
#15459 = DIRECTION('',(0.,0.,-1.));
#15460 = PLANE('',#15461);
#15461 = AXIS2_PLACEMENT_3D('',#15462,#15463,#15464);
#15462 = CARTESIAN_POINT('',(4.55,3.75,-0.448815565));
#15463 = DIRECTION('',(1.,0.,0.));
#15464 = DIRECTION('',(0.,0.,1.));
#15465 = ADVANCED_FACE('',(#15466),#15491,.F.);
#15466 = FACE_BOUND('',#15467,.T.);
#15467 = EDGE_LOOP('',(#15468,#15476,#15477,#15485));
#15468 = ORIENTED_EDGE('',*,*,#15469,.T.);
#15469 = EDGE_CURVE('',#15470,#15437,#15472,.T.);
#15470 = VERTEX_POINT('',#15471);
#15471 = CARTESIAN_POINT('',(3.95,5.,-0.49763113));
#15472 = LINE('',#15473,#15474);
#15473 = CARTESIAN_POINT('',(3.95,5.,-0.49763113));
#15474 = VECTOR('',#15475,1.);
#15475 = DIRECTION('',(1.,5.555556E-10,1.5701551E-10));
#15476 = ORIENTED_EDGE('',*,*,#15436,.T.);
#15477 = ORIENTED_EDGE('',*,*,#15478,.T.);
#15478 = EDGE_CURVE('',#15439,#15479,#15481,.T.);
#15479 = VERTEX_POINT('',#15480);
#15480 = CARTESIAN_POINT('',(3.95,1.5,-0.497631129812));
#15481 = LINE('',#15482,#15483);
#15482 = CARTESIAN_POINT('',(4.55,1.5,-0.497631129717));
#15483 = VECTOR('',#15484,1.);
#15484 = DIRECTION('',(-1.,0.,-1.5701551E-10));
#15485 = ORIENTED_EDGE('',*,*,#15486,.F.);
#15486 = EDGE_CURVE('',#15470,#15479,#15487,.T.);
#15487 = LINE('',#15488,#15489);
#15488 = CARTESIAN_POINT('',(3.95,5.,-0.49763113));
#15489 = VECTOR('',#15490,1.);
#15490 = DIRECTION('',(0.,-1.,5.381857E-11));
#15491 = PLANE('',#15492);
#15492 = AXIS2_PLACEMENT_3D('',#15493,#15494,#15495);
#15493 = CARTESIAN_POINT('',(4.25,3.25,-0.49763113));
#15494 = DIRECTION('',(0.,0.,1.));
#15495 = DIRECTION('',(0.,-1.,0.));
#15496 = ADVANCED_FACE('',(#15497),#15508,.T.);
#15497 = FACE_BOUND('',#15498,.T.);
#15498 = EDGE_LOOP('',(#15499,#15500,#15501,#15502));
#15499 = ORIENTED_EDGE('',*,*,#15327,.T.);
#15500 = ORIENTED_EDGE('',*,*,#15446,.T.);
#15501 = ORIENTED_EDGE('',*,*,#15469,.F.);
#15502 = ORIENTED_EDGE('',*,*,#15503,.F.);
#15503 = EDGE_CURVE('',#15328,#15470,#15504,.T.);
#15504 = LINE('',#15505,#15506);
#15505 = CARTESIAN_POINT('',(3.95,5.000000000333,0.2));
#15506 = VECTOR('',#15507,1.);
#15507 = DIRECTION('',(0.,-4.7780746E-10,-1.));
#15508 = PLANE('',#15509);
#15509 = AXIS2_PLACEMENT_3D('',#15510,#15511,#15512);
#15510 = CARTESIAN_POINT('',(4.25,5.,-0.148815565));
#15511 = DIRECTION('',(0.,1.,0.));
#15512 = DIRECTION('',(0.,0.,-1.));
#15513 = ADVANCED_FACE('',(#15514),#15525,.F.);
#15514 = FACE_BOUND('',#15515,.T.);
#15515 = EDGE_LOOP('',(#15516,#15522,#15523,#15524));
#15516 = ORIENTED_EDGE('',*,*,#15517,.T.);
#15517 = EDGE_CURVE('',#15479,#15336,#15518,.T.);
#15518 = LINE('',#15519,#15520);
#15519 = CARTESIAN_POINT('',(3.95,1.5,-0.497631129812));
#15520 = VECTOR('',#15521,1.);
#15521 = DIRECTION('',(0.,0.,1.));
#15522 = ORIENTED_EDGE('',*,*,#15335,.T.);
#15523 = ORIENTED_EDGE('',*,*,#15503,.T.);
#15524 = ORIENTED_EDGE('',*,*,#15486,.T.);
#15525 = PLANE('',#15526);
#15526 = AXIS2_PLACEMENT_3D('',#15527,#15528,#15529);
#15527 = CARTESIAN_POINT('',(3.95,3.25,-0.148815565));
#15528 = DIRECTION('',(1.,0.,0.));
#15529 = DIRECTION('',(0.,0.,-1.));
#15530 = ADVANCED_FACE('',(#15531,#15575,#15609,#15643),#15677,.T.);
#15531 = FACE_BOUND('',#15532,.T.);
#15532 = EDGE_LOOP('',(#15533,#15543,#15551,#15557,#15558,#15559,#15560,
    #15561,#15562,#15563,#15564,#15565,#15566,#15567,#15568,#15569));
#15533 = ORIENTED_EDGE('',*,*,#15534,.T.);
#15534 = EDGE_CURVE('',#15535,#15537,#15539,.T.);
#15535 = VERTEX_POINT('',#15536);
#15536 = CARTESIAN_POINT('',(-4.55,1.5,-0.497631129717));
#15537 = VERTEX_POINT('',#15538);
#15538 = CARTESIAN_POINT('',(-3.95,1.5,-0.497631129812));
#15539 = LINE('',#15540,#15541);
#15540 = CARTESIAN_POINT('',(-4.55,1.5,-0.497631129717));
#15541 = VECTOR('',#15542,1.);
#15542 = DIRECTION('',(1.,0.,-1.5701551E-10));
#15543 = ORIENTED_EDGE('',*,*,#15544,.F.);
#15544 = EDGE_CURVE('',#15545,#15537,#15547,.T.);
#15545 = VERTEX_POINT('',#15546);
#15546 = CARTESIAN_POINT('',(-3.95,1.5,0.199999999738));
#15547 = LINE('',#15548,#15549);
#15548 = CARTESIAN_POINT('',(-3.95,1.5,0.199999999738));
#15549 = VECTOR('',#15550,1.);
#15550 = DIRECTION('',(0.,0.,-1.));
#15551 = ORIENTED_EDGE('',*,*,#15552,.F.);
#15552 = EDGE_CURVE('',#15015,#15545,#15553,.T.);
#15553 = LINE('',#15554,#15555);
#15554 = CARTESIAN_POINT('',(-5.,1.5,0.200000000338));
#15555 = VECTOR('',#15556,1.);
#15556 = DIRECTION('',(1.,0.,-5.7142851E-10));
#15557 = ORIENTED_EDGE('',*,*,#15014,.T.);
#15558 = ORIENTED_EDGE('',*,*,#14984,.T.);
#15559 = ORIENTED_EDGE('',*,*,#14953,.T.);
#15560 = ORIENTED_EDGE('',*,*,#15086,.F.);
#15561 = ORIENTED_EDGE('',*,*,#15158,.T.);
#15562 = ORIENTED_EDGE('',*,*,#15204,.F.);
#15563 = ORIENTED_EDGE('',*,*,#15270,.T.);
#15564 = ORIENTED_EDGE('',*,*,#15343,.F.);
#15565 = ORIENTED_EDGE('',*,*,#15517,.F.);
#15566 = ORIENTED_EDGE('',*,*,#15478,.F.);
#15567 = ORIENTED_EDGE('',*,*,#15455,.T.);
#15568 = ORIENTED_EDGE('',*,*,#15414,.T.);
#15569 = ORIENTED_EDGE('',*,*,#15570,.T.);
#15570 = EDGE_CURVE('',#15407,#15535,#15571,.T.);
#15571 = LINE('',#15572,#15573);
#15572 = CARTESIAN_POINT('',(-4.55,1.5,-1.09763113));
#15573 = VECTOR('',#15574,1.);
#15574 = DIRECTION('',(0.,0.,1.));
#15575 = FACE_BOUND('',#15576,.T.);
#15576 = EDGE_LOOP('',(#15577,#15587,#15595,#15603));
#15577 = ORIENTED_EDGE('',*,*,#15578,.T.);
#15578 = EDGE_CURVE('',#15579,#15581,#15583,.T.);
#15579 = VERTEX_POINT('',#15580);
#15580 = CARTESIAN_POINT('',(2.82,1.5,-0.320000000351));
#15581 = VERTEX_POINT('',#15582);
#15582 = CARTESIAN_POINT('',(2.82,1.5,0.320000000436));
#15583 = LINE('',#15584,#15585);
#15584 = CARTESIAN_POINT('',(2.82,1.5,-0.320000000351));
#15585 = VECTOR('',#15586,1.);
#15586 = DIRECTION('',(0.,0.,1.));
#15587 = ORIENTED_EDGE('',*,*,#15588,.T.);
#15588 = EDGE_CURVE('',#15581,#15589,#15591,.T.);
#15589 = VERTEX_POINT('',#15590);
#15590 = CARTESIAN_POINT('',(2.18,1.5,0.320000000436));
#15591 = LINE('',#15592,#15593);
#15592 = CARTESIAN_POINT('',(2.82,1.5,0.320000000436));
#15593 = VECTOR('',#15594,1.);
#15594 = DIRECTION('',(-1.,0.,0.));
#15595 = ORIENTED_EDGE('',*,*,#15596,.T.);
#15596 = EDGE_CURVE('',#15589,#15597,#15599,.T.);
#15597 = VERTEX_POINT('',#15598);
#15598 = CARTESIAN_POINT('',(2.18,1.5,-0.320000000351));
#15599 = LINE('',#15600,#15601);
#15600 = CARTESIAN_POINT('',(2.18,1.5,0.320000000436));
#15601 = VECTOR('',#15602,1.);
#15602 = DIRECTION('',(0.,0.,-1.));
#15603 = ORIENTED_EDGE('',*,*,#15604,.T.);
#15604 = EDGE_CURVE('',#15597,#15579,#15605,.T.);
#15605 = LINE('',#15606,#15607);
#15606 = CARTESIAN_POINT('',(2.18,1.5,-0.320000000351));
#15607 = VECTOR('',#15608,1.);
#15608 = DIRECTION('',(1.,0.,0.));
#15609 = FACE_BOUND('',#15610,.T.);
#15610 = EDGE_LOOP('',(#15611,#15621,#15629,#15637));
#15611 = ORIENTED_EDGE('',*,*,#15612,.T.);
#15612 = EDGE_CURVE('',#15613,#15615,#15617,.T.);
#15613 = VERTEX_POINT('',#15614);
#15614 = CARTESIAN_POINT('',(0.32,1.5,-0.320000000351));
#15615 = VERTEX_POINT('',#15616);
#15616 = CARTESIAN_POINT('',(0.32,1.5,0.320000000436));
#15617 = LINE('',#15618,#15619);
#15618 = CARTESIAN_POINT('',(0.32,1.5,-0.320000000351));
#15619 = VECTOR('',#15620,1.);
#15620 = DIRECTION('',(0.,0.,1.));
#15621 = ORIENTED_EDGE('',*,*,#15622,.T.);
#15622 = EDGE_CURVE('',#15615,#15623,#15625,.T.);
#15623 = VERTEX_POINT('',#15624);
#15624 = CARTESIAN_POINT('',(-0.32,1.5,0.320000000436));
#15625 = LINE('',#15626,#15627);
#15626 = CARTESIAN_POINT('',(0.32,1.5,0.320000000436));
#15627 = VECTOR('',#15628,1.);
#15628 = DIRECTION('',(-1.,0.,0.));
#15629 = ORIENTED_EDGE('',*,*,#15630,.T.);
#15630 = EDGE_CURVE('',#15623,#15631,#15633,.T.);
#15631 = VERTEX_POINT('',#15632);
#15632 = CARTESIAN_POINT('',(-0.32,1.5,-0.320000000351));
#15633 = LINE('',#15634,#15635);
#15634 = CARTESIAN_POINT('',(-0.32,1.5,0.320000000436));
#15635 = VECTOR('',#15636,1.);
#15636 = DIRECTION('',(0.,0.,-1.));
#15637 = ORIENTED_EDGE('',*,*,#15638,.T.);
#15638 = EDGE_CURVE('',#15631,#15613,#15639,.T.);
#15639 = LINE('',#15640,#15641);
#15640 = CARTESIAN_POINT('',(-0.32,1.5,-0.320000000351));
#15641 = VECTOR('',#15642,1.);
#15642 = DIRECTION('',(1.,0.,0.));
#15643 = FACE_BOUND('',#15644,.T.);
#15644 = EDGE_LOOP('',(#15645,#15655,#15663,#15671));
#15645 = ORIENTED_EDGE('',*,*,#15646,.T.);
#15646 = EDGE_CURVE('',#15647,#15649,#15651,.T.);
#15647 = VERTEX_POINT('',#15648);
#15648 = CARTESIAN_POINT('',(-2.18,1.5,-0.320000000351));
#15649 = VERTEX_POINT('',#15650);
#15650 = CARTESIAN_POINT('',(-2.18,1.5,0.320000000436));
#15651 = LINE('',#15652,#15653);
#15652 = CARTESIAN_POINT('',(-2.18,1.5,-0.320000000351));
#15653 = VECTOR('',#15654,1.);
#15654 = DIRECTION('',(0.,0.,1.));
#15655 = ORIENTED_EDGE('',*,*,#15656,.T.);
#15656 = EDGE_CURVE('',#15649,#15657,#15659,.T.);
#15657 = VERTEX_POINT('',#15658);
#15658 = CARTESIAN_POINT('',(-2.82,1.5,0.320000000436));
#15659 = LINE('',#15660,#15661);
#15660 = CARTESIAN_POINT('',(-2.18,1.5,0.320000000436));
#15661 = VECTOR('',#15662,1.);
#15662 = DIRECTION('',(-1.,0.,0.));
#15663 = ORIENTED_EDGE('',*,*,#15664,.T.);
#15664 = EDGE_CURVE('',#15657,#15665,#15667,.T.);
#15665 = VERTEX_POINT('',#15666);
#15666 = CARTESIAN_POINT('',(-2.82,1.5,-0.320000000351));
#15667 = LINE('',#15668,#15669);
#15668 = CARTESIAN_POINT('',(-2.82,1.5,0.320000000436));
#15669 = VECTOR('',#15670,1.);
#15670 = DIRECTION('',(0.,0.,-1.));
#15671 = ORIENTED_EDGE('',*,*,#15672,.T.);
#15672 = EDGE_CURVE('',#15665,#15647,#15673,.T.);
#15673 = LINE('',#15674,#15675);
#15674 = CARTESIAN_POINT('',(-2.82,1.5,-0.320000000351));
#15675 = VECTOR('',#15676,1.);
#15676 = DIRECTION('',(1.,0.,0.));
#15677 = PLANE('',#15678);
#15678 = AXIS2_PLACEMENT_3D('',#15679,#15680,#15681);
#15679 = CARTESIAN_POINT('',(0.,1.5,0.551184435));
#15680 = DIRECTION('',(0.,1.,0.));
#15681 = DIRECTION('',(0.,0.,-1.));
#15682 = ADVANCED_FACE('',(#15683),#15708,.F.);
#15683 = FACE_BOUND('',#15684,.T.);
#15684 = EDGE_LOOP('',(#15685,#15693,#15701,#15707));
#15685 = ORIENTED_EDGE('',*,*,#15686,.F.);
#15686 = EDGE_CURVE('',#15687,#15535,#15689,.T.);
#15687 = VERTEX_POINT('',#15688);
#15688 = CARTESIAN_POINT('',(-4.55,5.000000000333,-0.497631129906));
#15689 = LINE('',#15690,#15691);
#15690 = CARTESIAN_POINT('',(-4.55,5.000000000333,-0.497631129906));
#15691 = VECTOR('',#15692,1.);
#15692 = DIRECTION('',(0.,-1.,5.381854E-11));
#15693 = ORIENTED_EDGE('',*,*,#15694,.T.);
#15694 = EDGE_CURVE('',#15687,#15695,#15697,.T.);
#15695 = VERTEX_POINT('',#15696);
#15696 = CARTESIAN_POINT('',(-3.95,5.,-0.49763113));
#15697 = LINE('',#15698,#15699);
#15698 = CARTESIAN_POINT('',(-4.55,5.000000000333,-0.497631129906));
#15699 = VECTOR('',#15700,1.);
#15700 = DIRECTION('',(1.,-5.555556E-10,-1.5701551E-10));
#15701 = ORIENTED_EDGE('',*,*,#15702,.F.);
#15702 = EDGE_CURVE('',#15537,#15695,#15703,.T.);
#15703 = LINE('',#15704,#15705);
#15704 = CARTESIAN_POINT('',(-3.95,1.5,-0.497631129812));
#15705 = VECTOR('',#15706,1.);
#15706 = DIRECTION('',(0.,1.,-5.38186E-11));
#15707 = ORIENTED_EDGE('',*,*,#15534,.F.);
#15708 = PLANE('',#15709);
#15709 = AXIS2_PLACEMENT_3D('',#15710,#15711,#15712);
#15710 = CARTESIAN_POINT('',(-4.25,3.25,-0.49763113));
#15711 = DIRECTION('',(0.,0.,1.));
#15712 = DIRECTION('',(0.,1.,0.));
#15713 = ADVANCED_FACE('',(#15714),#15734,.T.);
#15714 = FACE_BOUND('',#15715,.T.);
#15715 = EDGE_LOOP('',(#15716,#15717,#15718,#15719,#15720,#15728));
#15716 = ORIENTED_EDGE('',*,*,#15686,.T.);
#15717 = ORIENTED_EDGE('',*,*,#15570,.F.);
#15718 = ORIENTED_EDGE('',*,*,#15406,.T.);
#15719 = ORIENTED_EDGE('',*,*,#15391,.F.);
#15720 = ORIENTED_EDGE('',*,*,#15721,.F.);
#15721 = EDGE_CURVE('',#15722,#15384,#15724,.T.);
#15722 = VERTEX_POINT('',#15723);
#15723 = CARTESIAN_POINT('',(-4.54999999985,5.000000000667,0.2));
#15724 = LINE('',#15725,#15726);
#15725 = CARTESIAN_POINT('',(-4.54999999985,5.000000000667,0.2));
#15726 = VECTOR('',#15727,1.);
#15727 = DIRECTION('',(0.,1.,0.));
#15728 = ORIENTED_EDGE('',*,*,#15729,.T.);
#15729 = EDGE_CURVE('',#15722,#15687,#15730,.T.);
#15730 = LINE('',#15731,#15732);
#15731 = CARTESIAN_POINT('',(-4.54999999985,5.000000000667,0.2));
#15732 = VECTOR('',#15733,1.);
#15733 = DIRECTION('',(-2.1501336E-10,-4.7780746E-10,-1.));
#15734 = PLANE('',#15735);
#15735 = AXIS2_PLACEMENT_3D('',#15736,#15737,#15738);
#15736 = CARTESIAN_POINT('',(-4.55,3.75,-0.448815565));
#15737 = DIRECTION('',(1.,0.,0.));
#15738 = DIRECTION('',(0.,0.,-1.));
#15739 = ADVANCED_FACE('',(#15740),#15758,.T.);
#15740 = FACE_BOUND('',#15741,.T.);
#15741 = EDGE_LOOP('',(#15742,#15743,#15751,#15757));
#15742 = ORIENTED_EDGE('',*,*,#15729,.F.);
#15743 = ORIENTED_EDGE('',*,*,#15744,.F.);
#15744 = EDGE_CURVE('',#15745,#15722,#15747,.T.);
#15745 = VERTEX_POINT('',#15746);
#15746 = CARTESIAN_POINT('',(-3.95,5.000000000333,0.2));
#15747 = LINE('',#15748,#15749);
#15748 = CARTESIAN_POINT('',(-3.95,5.000000000333,0.2));
#15749 = VECTOR('',#15750,1.);
#15750 = DIRECTION('',(-1.,5.555556E-10,0.));
#15751 = ORIENTED_EDGE('',*,*,#15752,.F.);
#15752 = EDGE_CURVE('',#15695,#15745,#15753,.T.);
#15753 = LINE('',#15754,#15755);
#15754 = CARTESIAN_POINT('',(-3.95,5.,-0.49763113));
#15755 = VECTOR('',#15756,1.);
#15756 = DIRECTION('',(0.,4.7780746E-10,1.));
#15757 = ORIENTED_EDGE('',*,*,#15694,.F.);
#15758 = PLANE('',#15759);
#15759 = AXIS2_PLACEMENT_3D('',#15760,#15761,#15762);
#15760 = CARTESIAN_POINT('',(-4.25,5.,-0.148815565));
#15761 = DIRECTION('',(0.,1.,0.));
#15762 = DIRECTION('',(0.,-0.,1.));
#15763 = ADVANCED_FACE('',(#15764),#15775,.T.);
#15764 = FACE_BOUND('',#15765,.T.);
#15765 = EDGE_LOOP('',(#15766,#15767,#15773,#15774));
#15766 = ORIENTED_EDGE('',*,*,#15752,.T.);
#15767 = ORIENTED_EDGE('',*,*,#15768,.T.);
#15768 = EDGE_CURVE('',#15745,#15545,#15769,.T.);
#15769 = LINE('',#15770,#15771);
#15770 = CARTESIAN_POINT('',(-3.95,5.000000000333,0.2));
#15771 = VECTOR('',#15772,1.);
#15772 = DIRECTION('',(0.,-1.,-7.470852E-11));
#15773 = ORIENTED_EDGE('',*,*,#15544,.T.);
#15774 = ORIENTED_EDGE('',*,*,#15702,.T.);
#15775 = PLANE('',#15776);
#15776 = AXIS2_PLACEMENT_3D('',#15777,#15778,#15779);
#15777 = CARTESIAN_POINT('',(-3.95,3.25,-0.148815565));
#15778 = DIRECTION('',(1.,0.,0.));
#15779 = DIRECTION('',(0.,0.,-1.));
#15780 = ADVANCED_FACE('',(#15781),#15789,.T.);
#15781 = FACE_BOUND('',#15782,.T.);
#15782 = EDGE_LOOP('',(#15783,#15784,#15785,#15786,#15787,#15788));
#15783 = ORIENTED_EDGE('',*,*,#15744,.T.);
#15784 = ORIENTED_EDGE('',*,*,#15721,.T.);
#15785 = ORIENTED_EDGE('',*,*,#15383,.T.);
#15786 = ORIENTED_EDGE('',*,*,#15022,.T.);
#15787 = ORIENTED_EDGE('',*,*,#15552,.T.);
#15788 = ORIENTED_EDGE('',*,*,#15768,.F.);
#15789 = PLANE('',#15790);
#15790 = AXIS2_PLACEMENT_3D('',#15791,#15792,#15793);
#15791 = CARTESIAN_POINT('',(-4.475,3.75,0.2));
#15792 = DIRECTION('',(0.,0.,1.));
#15793 = DIRECTION('',(-1.,0.,0.));
#15794 = ADVANCED_FACE('',(#15795),#15820,.T.);
#15795 = FACE_BOUND('',#15796,.T.);
#15796 = EDGE_LOOP('',(#15797,#15798,#15806,#15814));
#15797 = ORIENTED_EDGE('',*,*,#15578,.F.);
#15798 = ORIENTED_EDGE('',*,*,#15799,.T.);
#15799 = EDGE_CURVE('',#15579,#15800,#15802,.T.);
#15800 = VERTEX_POINT('',#15801);
#15801 = CARTESIAN_POINT('',(2.82,5.5,-0.32));
#15802 = LINE('',#15803,#15804);
#15803 = CARTESIAN_POINT('',(2.82,1.5,-0.320000000351));
#15804 = VECTOR('',#15805,1.);
#15805 = DIRECTION('',(0.,1.,8.786218E-11));
#15806 = ORIENTED_EDGE('',*,*,#15807,.F.);
#15807 = EDGE_CURVE('',#15808,#15800,#15810,.T.);
#15808 = VERTEX_POINT('',#15809);
#15809 = CARTESIAN_POINT('',(2.82,5.5,0.32));
#15810 = LINE('',#15811,#15812);
#15811 = CARTESIAN_POINT('',(2.82,5.5,0.32));
#15812 = VECTOR('',#15813,1.);
#15813 = DIRECTION('',(0.,0.,-1.));
#15814 = ORIENTED_EDGE('',*,*,#15815,.F.);
#15815 = EDGE_CURVE('',#15581,#15808,#15816,.T.);
#15816 = LINE('',#15817,#15818);
#15817 = CARTESIAN_POINT('',(2.82,1.5,0.320000000436));
#15818 = VECTOR('',#15819,1.);
#15819 = DIRECTION('',(0.,1.,-1.0892987E-10));
#15820 = PLANE('',#15821);
#15821 = AXIS2_PLACEMENT_3D('',#15822,#15823,#15824);
#15822 = CARTESIAN_POINT('',(2.82,3.5,0.));
#15823 = DIRECTION('',(1.,0.,0.));
#15824 = DIRECTION('',(0.,0.,-1.));
#15825 = ADVANCED_FACE('',(#15826),#15844,.T.);
#15826 = FACE_BOUND('',#15827,.T.);
#15827 = EDGE_LOOP('',(#15828,#15829,#15830,#15838));
#15828 = ORIENTED_EDGE('',*,*,#15588,.F.);
#15829 = ORIENTED_EDGE('',*,*,#15815,.T.);
#15830 = ORIENTED_EDGE('',*,*,#15831,.F.);
#15831 = EDGE_CURVE('',#15832,#15808,#15834,.T.);
#15832 = VERTEX_POINT('',#15833);
#15833 = CARTESIAN_POINT('',(2.18,5.5,0.32));
#15834 = LINE('',#15835,#15836);
#15835 = CARTESIAN_POINT('',(2.18,5.5,0.32));
#15836 = VECTOR('',#15837,1.);
#15837 = DIRECTION('',(1.,0.,0.));
#15838 = ORIENTED_EDGE('',*,*,#15839,.F.);
#15839 = EDGE_CURVE('',#15589,#15832,#15840,.T.);
#15840 = LINE('',#15841,#15842);
#15841 = CARTESIAN_POINT('',(2.18,1.5,0.320000000436));
#15842 = VECTOR('',#15843,1.);
#15843 = DIRECTION('',(0.,1.,-1.0892987E-10));
#15844 = PLANE('',#15845);
#15845 = AXIS2_PLACEMENT_3D('',#15846,#15847,#15848);
#15846 = CARTESIAN_POINT('',(2.5,3.5,0.32));
#15847 = DIRECTION('',(0.,0.,1.));
#15848 = DIRECTION('',(1.,0.,-0.));
#15849 = ADVANCED_FACE('',(#15850),#15868,.F.);
#15850 = FACE_BOUND('',#15851,.T.);
#15851 = EDGE_LOOP('',(#15852,#15853,#15854,#15862));
#15852 = ORIENTED_EDGE('',*,*,#15596,.F.);
#15853 = ORIENTED_EDGE('',*,*,#15839,.T.);
#15854 = ORIENTED_EDGE('',*,*,#15855,.F.);
#15855 = EDGE_CURVE('',#15856,#15832,#15858,.T.);
#15856 = VERTEX_POINT('',#15857);
#15857 = CARTESIAN_POINT('',(2.18,5.5,-0.32));
#15858 = LINE('',#15859,#15860);
#15859 = CARTESIAN_POINT('',(2.18,5.5,-0.32));
#15860 = VECTOR('',#15861,1.);
#15861 = DIRECTION('',(0.,0.,1.));
#15862 = ORIENTED_EDGE('',*,*,#15863,.T.);
#15863 = EDGE_CURVE('',#15856,#15597,#15864,.T.);
#15864 = LINE('',#15865,#15866);
#15865 = CARTESIAN_POINT('',(2.18,5.5,-0.32));
#15866 = VECTOR('',#15867,1.);
#15867 = DIRECTION('',(0.,-1.,-8.786218E-11));
#15868 = PLANE('',#15869);
#15869 = AXIS2_PLACEMENT_3D('',#15870,#15871,#15872);
#15870 = CARTESIAN_POINT('',(2.18,3.5,0.));
#15871 = DIRECTION('',(1.,0.,0.));
#15872 = DIRECTION('',(0.,0.,1.));
#15873 = ADVANCED_FACE('',(#15874),#15885,.F.);
#15874 = FACE_BOUND('',#15875,.T.);
#15875 = EDGE_LOOP('',(#15876,#15877,#15878,#15884));
#15876 = ORIENTED_EDGE('',*,*,#15604,.F.);
#15877 = ORIENTED_EDGE('',*,*,#15863,.F.);
#15878 = ORIENTED_EDGE('',*,*,#15879,.F.);
#15879 = EDGE_CURVE('',#15800,#15856,#15880,.T.);
#15880 = LINE('',#15881,#15882);
#15881 = CARTESIAN_POINT('',(2.82,5.5,-0.32));
#15882 = VECTOR('',#15883,1.);
#15883 = DIRECTION('',(-1.,0.,0.));
#15884 = ORIENTED_EDGE('',*,*,#15799,.F.);
#15885 = PLANE('',#15886);
#15886 = AXIS2_PLACEMENT_3D('',#15887,#15888,#15889);
#15887 = CARTESIAN_POINT('',(2.5,3.5,-0.32));
#15888 = DIRECTION('',(0.,0.,1.));
#15889 = DIRECTION('',(-1.,0.,0.));
#15890 = ADVANCED_FACE('',(#15891),#15897,.T.);
#15891 = FACE_BOUND('',#15892,.T.);
#15892 = EDGE_LOOP('',(#15893,#15894,#15895,#15896));
#15893 = ORIENTED_EDGE('',*,*,#15879,.T.);
#15894 = ORIENTED_EDGE('',*,*,#15855,.T.);
#15895 = ORIENTED_EDGE('',*,*,#15831,.T.);
#15896 = ORIENTED_EDGE('',*,*,#15807,.T.);
#15897 = PLANE('',#15898);
#15898 = AXIS2_PLACEMENT_3D('',#15899,#15900,#15901);
#15899 = CARTESIAN_POINT('',(2.5,5.5,0.));
#15900 = DIRECTION('',(0.,1.,0.));
#15901 = DIRECTION('',(0.,0.,-1.));
#15902 = ADVANCED_FACE('',(#15903),#15928,.T.);
#15903 = FACE_BOUND('',#15904,.T.);
#15904 = EDGE_LOOP('',(#15905,#15906,#15914,#15922));
#15905 = ORIENTED_EDGE('',*,*,#15612,.F.);
#15906 = ORIENTED_EDGE('',*,*,#15907,.T.);
#15907 = EDGE_CURVE('',#15613,#15908,#15910,.T.);
#15908 = VERTEX_POINT('',#15909);
#15909 = CARTESIAN_POINT('',(0.32,5.5,-0.32));
#15910 = LINE('',#15911,#15912);
#15911 = CARTESIAN_POINT('',(0.32,1.5,-0.320000000351));
#15912 = VECTOR('',#15913,1.);
#15913 = DIRECTION('',(0.,1.,8.786216E-11));
#15914 = ORIENTED_EDGE('',*,*,#15915,.F.);
#15915 = EDGE_CURVE('',#15916,#15908,#15918,.T.);
#15916 = VERTEX_POINT('',#15917);
#15917 = CARTESIAN_POINT('',(0.32,5.5,0.32));
#15918 = LINE('',#15919,#15920);
#15919 = CARTESIAN_POINT('',(0.32,5.5,0.32));
#15920 = VECTOR('',#15921,1.);
#15921 = DIRECTION('',(0.,0.,-1.));
#15922 = ORIENTED_EDGE('',*,*,#15923,.F.);
#15923 = EDGE_CURVE('',#15615,#15916,#15924,.T.);
#15924 = LINE('',#15925,#15926);
#15925 = CARTESIAN_POINT('',(0.32,1.5,0.320000000436));
#15926 = VECTOR('',#15927,1.);
#15927 = DIRECTION('',(0.,1.,-1.0892987E-10));
#15928 = PLANE('',#15929);
#15929 = AXIS2_PLACEMENT_3D('',#15930,#15931,#15932);
#15930 = CARTESIAN_POINT('',(0.32,3.5,0.));
#15931 = DIRECTION('',(1.,0.,0.));
#15932 = DIRECTION('',(0.,0.,-1.));
#15933 = ADVANCED_FACE('',(#15934),#15952,.T.);
#15934 = FACE_BOUND('',#15935,.T.);
#15935 = EDGE_LOOP('',(#15936,#15937,#15938,#15946));
#15936 = ORIENTED_EDGE('',*,*,#15622,.F.);
#15937 = ORIENTED_EDGE('',*,*,#15923,.T.);
#15938 = ORIENTED_EDGE('',*,*,#15939,.F.);
#15939 = EDGE_CURVE('',#15940,#15916,#15942,.T.);
#15940 = VERTEX_POINT('',#15941);
#15941 = CARTESIAN_POINT('',(-0.32,5.5,0.32));
#15942 = LINE('',#15943,#15944);
#15943 = CARTESIAN_POINT('',(-0.32,5.5,0.32));
#15944 = VECTOR('',#15945,1.);
#15945 = DIRECTION('',(1.,0.,0.));
#15946 = ORIENTED_EDGE('',*,*,#15947,.F.);
#15947 = EDGE_CURVE('',#15623,#15940,#15948,.T.);
#15948 = LINE('',#15949,#15950);
#15949 = CARTESIAN_POINT('',(-0.32,1.5,0.320000000436));
#15950 = VECTOR('',#15951,1.);
#15951 = DIRECTION('',(0.,1.,-1.0892987E-10));
#15952 = PLANE('',#15953);
#15953 = AXIS2_PLACEMENT_3D('',#15954,#15955,#15956);
#15954 = CARTESIAN_POINT('',(0.,3.5,0.32));
#15955 = DIRECTION('',(0.,0.,1.));
#15956 = DIRECTION('',(1.,0.,-0.));
#15957 = ADVANCED_FACE('',(#15958),#15976,.F.);
#15958 = FACE_BOUND('',#15959,.T.);
#15959 = EDGE_LOOP('',(#15960,#15961,#15962,#15970));
#15960 = ORIENTED_EDGE('',*,*,#15630,.F.);
#15961 = ORIENTED_EDGE('',*,*,#15947,.T.);
#15962 = ORIENTED_EDGE('',*,*,#15963,.F.);
#15963 = EDGE_CURVE('',#15964,#15940,#15966,.T.);
#15964 = VERTEX_POINT('',#15965);
#15965 = CARTESIAN_POINT('',(-0.32,5.5,-0.32));
#15966 = LINE('',#15967,#15968);
#15967 = CARTESIAN_POINT('',(-0.32,5.5,-0.32));
#15968 = VECTOR('',#15969,1.);
#15969 = DIRECTION('',(0.,0.,1.));
#15970 = ORIENTED_EDGE('',*,*,#15971,.T.);
#15971 = EDGE_CURVE('',#15964,#15631,#15972,.T.);
#15972 = LINE('',#15973,#15974);
#15973 = CARTESIAN_POINT('',(-0.32,5.5,-0.32));
#15974 = VECTOR('',#15975,1.);
#15975 = DIRECTION('',(0.,-1.,-8.786216E-11));
#15976 = PLANE('',#15977);
#15977 = AXIS2_PLACEMENT_3D('',#15978,#15979,#15980);
#15978 = CARTESIAN_POINT('',(-0.32,3.5,0.));
#15979 = DIRECTION('',(1.,0.,0.));
#15980 = DIRECTION('',(0.,0.,1.));
#15981 = ADVANCED_FACE('',(#15982),#15993,.F.);
#15982 = FACE_BOUND('',#15983,.T.);
#15983 = EDGE_LOOP('',(#15984,#15985,#15986,#15992));
#15984 = ORIENTED_EDGE('',*,*,#15638,.F.);
#15985 = ORIENTED_EDGE('',*,*,#15971,.F.);
#15986 = ORIENTED_EDGE('',*,*,#15987,.F.);
#15987 = EDGE_CURVE('',#15908,#15964,#15988,.T.);
#15988 = LINE('',#15989,#15990);
#15989 = CARTESIAN_POINT('',(0.32,5.5,-0.32));
#15990 = VECTOR('',#15991,1.);
#15991 = DIRECTION('',(-1.,0.,0.));
#15992 = ORIENTED_EDGE('',*,*,#15907,.F.);
#15993 = PLANE('',#15994);
#15994 = AXIS2_PLACEMENT_3D('',#15995,#15996,#15997);
#15995 = CARTESIAN_POINT('',(0.,3.5,-0.32));
#15996 = DIRECTION('',(0.,0.,1.));
#15997 = DIRECTION('',(-1.,0.,0.));
#15998 = ADVANCED_FACE('',(#15999),#16005,.T.);
#15999 = FACE_BOUND('',#16000,.T.);
#16000 = EDGE_LOOP('',(#16001,#16002,#16003,#16004));
#16001 = ORIENTED_EDGE('',*,*,#15987,.T.);
#16002 = ORIENTED_EDGE('',*,*,#15963,.T.);
#16003 = ORIENTED_EDGE('',*,*,#15939,.T.);
#16004 = ORIENTED_EDGE('',*,*,#15915,.T.);
#16005 = PLANE('',#16006);
#16006 = AXIS2_PLACEMENT_3D('',#16007,#16008,#16009);
#16007 = CARTESIAN_POINT('',(0.,5.5,0.));
#16008 = DIRECTION('',(0.,1.,0.));
#16009 = DIRECTION('',(0.,0.,-1.));
#16010 = ADVANCED_FACE('',(#16011),#16036,.T.);
#16011 = FACE_BOUND('',#16012,.T.);
#16012 = EDGE_LOOP('',(#16013,#16014,#16022,#16030));
#16013 = ORIENTED_EDGE('',*,*,#15646,.F.);
#16014 = ORIENTED_EDGE('',*,*,#16015,.T.);
#16015 = EDGE_CURVE('',#15647,#16016,#16018,.T.);
#16016 = VERTEX_POINT('',#16017);
#16017 = CARTESIAN_POINT('',(-2.18,5.5,-0.32));
#16018 = LINE('',#16019,#16020);
#16019 = CARTESIAN_POINT('',(-2.18,1.5,-0.320000000351));
#16020 = VECTOR('',#16021,1.);
#16021 = DIRECTION('',(0.,1.,8.786218E-11));
#16022 = ORIENTED_EDGE('',*,*,#16023,.F.);
#16023 = EDGE_CURVE('',#16024,#16016,#16026,.T.);
#16024 = VERTEX_POINT('',#16025);
#16025 = CARTESIAN_POINT('',(-2.18,5.5,0.32));
#16026 = LINE('',#16027,#16028);
#16027 = CARTESIAN_POINT('',(-2.18,5.5,0.32));
#16028 = VECTOR('',#16029,1.);
#16029 = DIRECTION('',(0.,0.,-1.));
#16030 = ORIENTED_EDGE('',*,*,#16031,.F.);
#16031 = EDGE_CURVE('',#15649,#16024,#16032,.T.);
#16032 = LINE('',#16033,#16034);
#16033 = CARTESIAN_POINT('',(-2.18,1.5,0.320000000436));
#16034 = VECTOR('',#16035,1.);
#16035 = DIRECTION('',(0.,1.,-1.0892987E-10));
#16036 = PLANE('',#16037);
#16037 = AXIS2_PLACEMENT_3D('',#16038,#16039,#16040);
#16038 = CARTESIAN_POINT('',(-2.18,3.5,0.));
#16039 = DIRECTION('',(1.,0.,0.));
#16040 = DIRECTION('',(0.,0.,-1.));
#16041 = ADVANCED_FACE('',(#16042),#16060,.T.);
#16042 = FACE_BOUND('',#16043,.T.);
#16043 = EDGE_LOOP('',(#16044,#16045,#16046,#16054));
#16044 = ORIENTED_EDGE('',*,*,#15656,.F.);
#16045 = ORIENTED_EDGE('',*,*,#16031,.T.);
#16046 = ORIENTED_EDGE('',*,*,#16047,.F.);
#16047 = EDGE_CURVE('',#16048,#16024,#16050,.T.);
#16048 = VERTEX_POINT('',#16049);
#16049 = CARTESIAN_POINT('',(-2.82,5.5,0.32));
#16050 = LINE('',#16051,#16052);
#16051 = CARTESIAN_POINT('',(-2.82,5.5,0.32));
#16052 = VECTOR('',#16053,1.);
#16053 = DIRECTION('',(1.,0.,0.));
#16054 = ORIENTED_EDGE('',*,*,#16055,.F.);
#16055 = EDGE_CURVE('',#15657,#16048,#16056,.T.);
#16056 = LINE('',#16057,#16058);
#16057 = CARTESIAN_POINT('',(-2.82,1.5,0.320000000436));
#16058 = VECTOR('',#16059,1.);
#16059 = DIRECTION('',(0.,1.,-1.0892987E-10));
#16060 = PLANE('',#16061);
#16061 = AXIS2_PLACEMENT_3D('',#16062,#16063,#16064);
#16062 = CARTESIAN_POINT('',(-2.5,3.5,0.32));
#16063 = DIRECTION('',(0.,0.,1.));
#16064 = DIRECTION('',(1.,0.,-0.));
#16065 = ADVANCED_FACE('',(#16066),#16084,.F.);
#16066 = FACE_BOUND('',#16067,.T.);
#16067 = EDGE_LOOP('',(#16068,#16069,#16070,#16078));
#16068 = ORIENTED_EDGE('',*,*,#15664,.F.);
#16069 = ORIENTED_EDGE('',*,*,#16055,.T.);
#16070 = ORIENTED_EDGE('',*,*,#16071,.F.);
#16071 = EDGE_CURVE('',#16072,#16048,#16074,.T.);
#16072 = VERTEX_POINT('',#16073);
#16073 = CARTESIAN_POINT('',(-2.82,5.5,-0.32));
#16074 = LINE('',#16075,#16076);
#16075 = CARTESIAN_POINT('',(-2.82,5.5,-0.32));
#16076 = VECTOR('',#16077,1.);
#16077 = DIRECTION('',(0.,0.,1.));
#16078 = ORIENTED_EDGE('',*,*,#16079,.T.);
#16079 = EDGE_CURVE('',#16072,#15665,#16080,.T.);
#16080 = LINE('',#16081,#16082);
#16081 = CARTESIAN_POINT('',(-2.82,5.5,-0.32));
#16082 = VECTOR('',#16083,1.);
#16083 = DIRECTION('',(0.,-1.,-8.786218E-11));
#16084 = PLANE('',#16085);
#16085 = AXIS2_PLACEMENT_3D('',#16086,#16087,#16088);
#16086 = CARTESIAN_POINT('',(-2.82,3.5,0.));
#16087 = DIRECTION('',(1.,0.,0.));
#16088 = DIRECTION('',(0.,0.,1.));
#16089 = ADVANCED_FACE('',(#16090),#16101,.F.);
#16090 = FACE_BOUND('',#16091,.T.);
#16091 = EDGE_LOOP('',(#16092,#16093,#16094,#16100));
#16092 = ORIENTED_EDGE('',*,*,#15672,.F.);
#16093 = ORIENTED_EDGE('',*,*,#16079,.F.);
#16094 = ORIENTED_EDGE('',*,*,#16095,.F.);
#16095 = EDGE_CURVE('',#16016,#16072,#16096,.T.);
#16096 = LINE('',#16097,#16098);
#16097 = CARTESIAN_POINT('',(-2.18,5.5,-0.32));
#16098 = VECTOR('',#16099,1.);
#16099 = DIRECTION('',(-1.,0.,0.));
#16100 = ORIENTED_EDGE('',*,*,#16015,.F.);
#16101 = PLANE('',#16102);
#16102 = AXIS2_PLACEMENT_3D('',#16103,#16104,#16105);
#16103 = CARTESIAN_POINT('',(-2.5,3.5,-0.32));
#16104 = DIRECTION('',(0.,0.,1.));
#16105 = DIRECTION('',(-1.,0.,0.));
#16106 = ADVANCED_FACE('',(#16107),#16113,.T.);
#16107 = FACE_BOUND('',#16108,.T.);
#16108 = EDGE_LOOP('',(#16109,#16110,#16111,#16112));
#16109 = ORIENTED_EDGE('',*,*,#16095,.T.);
#16110 = ORIENTED_EDGE('',*,*,#16071,.T.);
#16111 = ORIENTED_EDGE('',*,*,#16047,.T.);
#16112 = ORIENTED_EDGE('',*,*,#16023,.T.);
#16113 = PLANE('',#16114);
#16114 = AXIS2_PLACEMENT_3D('',#16115,#16116,#16117);
#16115 = CARTESIAN_POINT('',(-2.5,5.5,0.));
#16116 = DIRECTION('',(0.,1.,0.));
#16117 = DIRECTION('',(0.,0.,-1.));
#16118 = ADVANCED_FACE('',(#16119),#16130,.F.);
#16119 = FACE_BOUND('',#16120,.T.);
#16120 = EDGE_LOOP('',(#16121,#16127,#16128,#16129));
#16121 = ORIENTED_EDGE('',*,*,#16122,.T.);
#16122 = EDGE_CURVE('',#15282,#15039,#16123,.T.);
#16123 = LINE('',#16124,#16125);
#16124 = CARTESIAN_POINT('',(5.,0.,-1.6));
#16125 = VECTOR('',#16126,1.);
#16126 = DIRECTION('',(-1.,0.,0.));
#16127 = ORIENTED_EDGE('',*,*,#15038,.T.);
#16128 = ORIENTED_EDGE('',*,*,#15376,.T.);
#16129 = ORIENTED_EDGE('',*,*,#15289,.T.);
#16130 = PLANE('',#16131);
#16131 = AXIS2_PLACEMENT_3D('',#16132,#16133,#16134);
#16132 = CARTESIAN_POINT('',(0.,3.,-1.6));
#16133 = DIRECTION('',(0.,0.,1.));
#16134 = DIRECTION('',(0.,-1.,0.));
#16135 = ADVANCED_FACE('',(#16136,#16142,#16176,#16210),#16244,.F.);
#16136 = FACE_BOUND('',#16137,.T.);
#16137 = EDGE_LOOP('',(#16138,#16139,#16140,#16141));
#16138 = ORIENTED_EDGE('',*,*,#15095,.T.);
#16139 = ORIENTED_EDGE('',*,*,#15046,.T.);
#16140 = ORIENTED_EDGE('',*,*,#16122,.F.);
#16141 = ORIENTED_EDGE('',*,*,#15281,.T.);
#16142 = FACE_BOUND('',#16143,.T.);
#16143 = EDGE_LOOP('',(#16144,#16154,#16162,#16170));
#16144 = ORIENTED_EDGE('',*,*,#16145,.T.);
#16145 = EDGE_CURVE('',#16146,#16148,#16150,.T.);
#16146 = VERTEX_POINT('',#16147);
#16147 = CARTESIAN_POINT('',(2.82,0.,0.320000000133));
#16148 = VERTEX_POINT('',#16149);
#16149 = CARTESIAN_POINT('',(2.82,0.,-0.320000000333));
#16150 = LINE('',#16151,#16152);
#16151 = CARTESIAN_POINT('',(2.82,0.,0.320000000133));
#16152 = VECTOR('',#16153,1.);
#16153 = DIRECTION('',(0.,0.,-1.));
#16154 = ORIENTED_EDGE('',*,*,#16155,.T.);
#16155 = EDGE_CURVE('',#16148,#16156,#16158,.T.);
#16156 = VERTEX_POINT('',#16157);
#16157 = CARTESIAN_POINT('',(2.18,0.,-0.320000000333));
#16158 = LINE('',#16159,#16160);
#16159 = CARTESIAN_POINT('',(2.82,0.,-0.320000000333));
#16160 = VECTOR('',#16161,1.);
#16161 = DIRECTION('',(-1.,0.,0.));
#16162 = ORIENTED_EDGE('',*,*,#16163,.T.);
#16163 = EDGE_CURVE('',#16156,#16164,#16166,.T.);
#16164 = VERTEX_POINT('',#16165);
#16165 = CARTESIAN_POINT('',(2.18,0.,0.320000000133));
#16166 = LINE('',#16167,#16168);
#16167 = CARTESIAN_POINT('',(2.18,0.,-0.320000000333));
#16168 = VECTOR('',#16169,1.);
#16169 = DIRECTION('',(0.,0.,1.));
#16170 = ORIENTED_EDGE('',*,*,#16171,.T.);
#16171 = EDGE_CURVE('',#16164,#16146,#16172,.T.);
#16172 = LINE('',#16173,#16174);
#16173 = CARTESIAN_POINT('',(2.18,0.,0.320000000133));
#16174 = VECTOR('',#16175,1.);
#16175 = DIRECTION('',(1.,0.,0.));
#16176 = FACE_BOUND('',#16177,.T.);
#16177 = EDGE_LOOP('',(#16178,#16188,#16196,#16204));
#16178 = ORIENTED_EDGE('',*,*,#16179,.T.);
#16179 = EDGE_CURVE('',#16180,#16182,#16184,.T.);
#16180 = VERTEX_POINT('',#16181);
#16181 = CARTESIAN_POINT('',(0.32,0.,0.320000000133));
#16182 = VERTEX_POINT('',#16183);
#16183 = CARTESIAN_POINT('',(0.32,0.,-0.320000000333));
#16184 = LINE('',#16185,#16186);
#16185 = CARTESIAN_POINT('',(0.32,0.,0.320000000133));
#16186 = VECTOR('',#16187,1.);
#16187 = DIRECTION('',(0.,0.,-1.));
#16188 = ORIENTED_EDGE('',*,*,#16189,.T.);
#16189 = EDGE_CURVE('',#16182,#16190,#16192,.T.);
#16190 = VERTEX_POINT('',#16191);
#16191 = CARTESIAN_POINT('',(-0.32,0.,-0.320000000333));
#16192 = LINE('',#16193,#16194);
#16193 = CARTESIAN_POINT('',(0.32,0.,-0.320000000333));
#16194 = VECTOR('',#16195,1.);
#16195 = DIRECTION('',(-1.,0.,0.));
#16196 = ORIENTED_EDGE('',*,*,#16197,.T.);
#16197 = EDGE_CURVE('',#16190,#16198,#16200,.T.);
#16198 = VERTEX_POINT('',#16199);
#16199 = CARTESIAN_POINT('',(-0.32,0.,0.320000000133));
#16200 = LINE('',#16201,#16202);
#16201 = CARTESIAN_POINT('',(-0.32,0.,-0.320000000333));
#16202 = VECTOR('',#16203,1.);
#16203 = DIRECTION('',(0.,0.,1.));
#16204 = ORIENTED_EDGE('',*,*,#16205,.T.);
#16205 = EDGE_CURVE('',#16198,#16180,#16206,.T.);
#16206 = LINE('',#16207,#16208);
#16207 = CARTESIAN_POINT('',(-0.32,0.,0.320000000133));
#16208 = VECTOR('',#16209,1.);
#16209 = DIRECTION('',(1.,0.,0.));
#16210 = FACE_BOUND('',#16211,.T.);
#16211 = EDGE_LOOP('',(#16212,#16222,#16230,#16238));
#16212 = ORIENTED_EDGE('',*,*,#16213,.T.);
#16213 = EDGE_CURVE('',#16214,#16216,#16218,.T.);
#16214 = VERTEX_POINT('',#16215);
#16215 = CARTESIAN_POINT('',(-2.18,0.,0.320000000133));
#16216 = VERTEX_POINT('',#16217);
#16217 = CARTESIAN_POINT('',(-2.18,0.,-0.320000000333));
#16218 = LINE('',#16219,#16220);
#16219 = CARTESIAN_POINT('',(-2.18,0.,0.320000000133));
#16220 = VECTOR('',#16221,1.);
#16221 = DIRECTION('',(0.,0.,-1.));
#16222 = ORIENTED_EDGE('',*,*,#16223,.T.);
#16223 = EDGE_CURVE('',#16216,#16224,#16226,.T.);
#16224 = VERTEX_POINT('',#16225);
#16225 = CARTESIAN_POINT('',(-2.82,0.,-0.320000000333));
#16226 = LINE('',#16227,#16228);
#16227 = CARTESIAN_POINT('',(-2.18,0.,-0.320000000333));
#16228 = VECTOR('',#16229,1.);
#16229 = DIRECTION('',(-1.,0.,0.));
#16230 = ORIENTED_EDGE('',*,*,#16231,.T.);
#16231 = EDGE_CURVE('',#16224,#16232,#16234,.T.);
#16232 = VERTEX_POINT('',#16233);
#16233 = CARTESIAN_POINT('',(-2.82,0.,0.320000000133));
#16234 = LINE('',#16235,#16236);
#16235 = CARTESIAN_POINT('',(-2.82,0.,-0.320000000333));
#16236 = VECTOR('',#16237,1.);
#16237 = DIRECTION('',(0.,0.,1.));
#16238 = ORIENTED_EDGE('',*,*,#16239,.T.);
#16239 = EDGE_CURVE('',#16232,#16214,#16240,.T.);
#16240 = LINE('',#16241,#16242);
#16241 = CARTESIAN_POINT('',(-2.82,0.,0.320000000133));
#16242 = VECTOR('',#16243,1.);
#16243 = DIRECTION('',(1.,0.,0.));
#16244 = PLANE('',#16245);
#16245 = AXIS2_PLACEMENT_3D('',#16246,#16247,#16248);
#16246 = CARTESIAN_POINT('',(0.,0.,0.3));
#16247 = DIRECTION('',(0.,1.,0.));
#16248 = DIRECTION('',(0.,-0.,1.));
#16249 = ADVANCED_FACE('',(#16250),#16275,.T.);
#16250 = FACE_BOUND('',#16251,.T.);
#16251 = EDGE_LOOP('',(#16252,#16253,#16261,#16269));
#16252 = ORIENTED_EDGE('',*,*,#16145,.F.);
#16253 = ORIENTED_EDGE('',*,*,#16254,.T.);
#16254 = EDGE_CURVE('',#16146,#16255,#16257,.T.);
#16255 = VERTEX_POINT('',#16256);
#16256 = CARTESIAN_POINT('',(2.82,-3.2,0.32));
#16257 = LINE('',#16258,#16259);
#16258 = CARTESIAN_POINT('',(2.82,0.,0.320000000133));
#16259 = VECTOR('',#16260,1.);
#16260 = DIRECTION('',(0.,-1.,-4.166662E-11));
#16261 = ORIENTED_EDGE('',*,*,#16262,.F.);
#16262 = EDGE_CURVE('',#16263,#16255,#16265,.T.);
#16263 = VERTEX_POINT('',#16264);
#16264 = CARTESIAN_POINT('',(2.82,-3.2,-0.32));
#16265 = LINE('',#16266,#16267);
#16266 = CARTESIAN_POINT('',(2.82,-3.2,-0.32));
#16267 = VECTOR('',#16268,1.);
#16268 = DIRECTION('',(0.,0.,1.));
#16269 = ORIENTED_EDGE('',*,*,#16270,.F.);
#16270 = EDGE_CURVE('',#16148,#16263,#16271,.T.);
#16271 = LINE('',#16272,#16273);
#16272 = CARTESIAN_POINT('',(2.82,0.,-0.320000000333));
#16273 = VECTOR('',#16274,1.);
#16274 = DIRECTION('',(0.,-1.,1.0416662E-10));
#16275 = PLANE('',#16276);
#16276 = AXIS2_PLACEMENT_3D('',#16277,#16278,#16279);
#16277 = CARTESIAN_POINT('',(2.82,-1.6,0.));
#16278 = DIRECTION('',(1.,0.,0.));
#16279 = DIRECTION('',(0.,0.,-1.));
#16280 = ADVANCED_FACE('',(#16281),#16299,.F.);
#16281 = FACE_BOUND('',#16282,.T.);
#16282 = EDGE_LOOP('',(#16283,#16284,#16285,#16293));
#16283 = ORIENTED_EDGE('',*,*,#16155,.F.);
#16284 = ORIENTED_EDGE('',*,*,#16270,.T.);
#16285 = ORIENTED_EDGE('',*,*,#16286,.F.);
#16286 = EDGE_CURVE('',#16287,#16263,#16289,.T.);
#16287 = VERTEX_POINT('',#16288);
#16288 = CARTESIAN_POINT('',(2.18,-3.2,-0.32));
#16289 = LINE('',#16290,#16291);
#16290 = CARTESIAN_POINT('',(2.18,-3.2,-0.32));
#16291 = VECTOR('',#16292,1.);
#16292 = DIRECTION('',(1.,0.,0.));
#16293 = ORIENTED_EDGE('',*,*,#16294,.T.);
#16294 = EDGE_CURVE('',#16287,#16156,#16295,.T.);
#16295 = LINE('',#16296,#16297);
#16296 = CARTESIAN_POINT('',(2.18,-3.2,-0.32));
#16297 = VECTOR('',#16298,1.);
#16298 = DIRECTION('',(0.,1.,-1.0416662E-10));
#16299 = PLANE('',#16300);
#16300 = AXIS2_PLACEMENT_3D('',#16301,#16302,#16303);
#16301 = CARTESIAN_POINT('',(2.5,-1.6,-0.32));
#16302 = DIRECTION('',(0.,0.,1.));
#16303 = DIRECTION('',(-1.,0.,0.));
#16304 = ADVANCED_FACE('',(#16305),#16323,.F.);
#16305 = FACE_BOUND('',#16306,.T.);
#16306 = EDGE_LOOP('',(#16307,#16308,#16309,#16317));
#16307 = ORIENTED_EDGE('',*,*,#16163,.F.);
#16308 = ORIENTED_EDGE('',*,*,#16294,.F.);
#16309 = ORIENTED_EDGE('',*,*,#16310,.F.);
#16310 = EDGE_CURVE('',#16311,#16287,#16313,.T.);
#16311 = VERTEX_POINT('',#16312);
#16312 = CARTESIAN_POINT('',(2.18,-3.2,0.32));
#16313 = LINE('',#16314,#16315);
#16314 = CARTESIAN_POINT('',(2.18,-3.2,0.32));
#16315 = VECTOR('',#16316,1.);
#16316 = DIRECTION('',(0.,0.,-1.));
#16317 = ORIENTED_EDGE('',*,*,#16318,.F.);
#16318 = EDGE_CURVE('',#16164,#16311,#16319,.T.);
#16319 = LINE('',#16320,#16321);
#16320 = CARTESIAN_POINT('',(2.18,0.,0.320000000133));
#16321 = VECTOR('',#16322,1.);
#16322 = DIRECTION('',(0.,-1.,-4.166662E-11));
#16323 = PLANE('',#16324);
#16324 = AXIS2_PLACEMENT_3D('',#16325,#16326,#16327);
#16325 = CARTESIAN_POINT('',(2.18,-1.6,0.));
#16326 = DIRECTION('',(1.,0.,0.));
#16327 = DIRECTION('',(0.,0.,1.));
#16328 = ADVANCED_FACE('',(#16329),#16340,.T.);
#16329 = FACE_BOUND('',#16330,.T.);
#16330 = EDGE_LOOP('',(#16331,#16332,#16333,#16339));
#16331 = ORIENTED_EDGE('',*,*,#16171,.F.);
#16332 = ORIENTED_EDGE('',*,*,#16318,.T.);
#16333 = ORIENTED_EDGE('',*,*,#16334,.F.);
#16334 = EDGE_CURVE('',#16255,#16311,#16335,.T.);
#16335 = LINE('',#16336,#16337);
#16336 = CARTESIAN_POINT('',(2.82,-3.2,0.32));
#16337 = VECTOR('',#16338,1.);
#16338 = DIRECTION('',(-1.,0.,0.));
#16339 = ORIENTED_EDGE('',*,*,#16254,.F.);
#16340 = PLANE('',#16341);
#16341 = AXIS2_PLACEMENT_3D('',#16342,#16343,#16344);
#16342 = CARTESIAN_POINT('',(2.5,-1.6,0.32));
#16343 = DIRECTION('',(0.,0.,1.));
#16344 = DIRECTION('',(1.,0.,-0.));
#16345 = ADVANCED_FACE('',(#16346),#16352,.F.);
#16346 = FACE_BOUND('',#16347,.T.);
#16347 = EDGE_LOOP('',(#16348,#16349,#16350,#16351));
#16348 = ORIENTED_EDGE('',*,*,#16310,.T.);
#16349 = ORIENTED_EDGE('',*,*,#16286,.T.);
#16350 = ORIENTED_EDGE('',*,*,#16262,.T.);
#16351 = ORIENTED_EDGE('',*,*,#16334,.T.);
#16352 = PLANE('',#16353);
#16353 = AXIS2_PLACEMENT_3D('',#16354,#16355,#16356);
#16354 = CARTESIAN_POINT('',(2.5,-3.2,0.));
#16355 = DIRECTION('',(0.,1.,0.));
#16356 = DIRECTION('',(0.,0.,-1.));
#16357 = ADVANCED_FACE('',(#16358),#16383,.T.);
#16358 = FACE_BOUND('',#16359,.T.);
#16359 = EDGE_LOOP('',(#16360,#16361,#16369,#16377));
#16360 = ORIENTED_EDGE('',*,*,#16179,.F.);
#16361 = ORIENTED_EDGE('',*,*,#16362,.T.);
#16362 = EDGE_CURVE('',#16180,#16363,#16365,.T.);
#16363 = VERTEX_POINT('',#16364);
#16364 = CARTESIAN_POINT('',(0.32,-3.2,0.32));
#16365 = LINE('',#16366,#16367);
#16366 = CARTESIAN_POINT('',(0.32,0.,0.320000000133));
#16367 = VECTOR('',#16368,1.);
#16368 = DIRECTION('',(0.,-1.,-4.166662E-11));
#16369 = ORIENTED_EDGE('',*,*,#16370,.F.);
#16370 = EDGE_CURVE('',#16371,#16363,#16373,.T.);
#16371 = VERTEX_POINT('',#16372);
#16372 = CARTESIAN_POINT('',(0.32,-3.2,-0.32));
#16373 = LINE('',#16374,#16375);
#16374 = CARTESIAN_POINT('',(0.32,-3.2,-0.32));
#16375 = VECTOR('',#16376,1.);
#16376 = DIRECTION('',(0.,0.,1.));
#16377 = ORIENTED_EDGE('',*,*,#16378,.F.);
#16378 = EDGE_CURVE('',#16182,#16371,#16379,.T.);
#16379 = LINE('',#16380,#16381);
#16380 = CARTESIAN_POINT('',(0.32,0.,-0.320000000333));
#16381 = VECTOR('',#16382,1.);
#16382 = DIRECTION('',(0.,-1.,1.0416662E-10));
#16383 = PLANE('',#16384);
#16384 = AXIS2_PLACEMENT_3D('',#16385,#16386,#16387);
#16385 = CARTESIAN_POINT('',(0.32,-1.6,0.));
#16386 = DIRECTION('',(1.,0.,0.));
#16387 = DIRECTION('',(0.,0.,-1.));
#16388 = ADVANCED_FACE('',(#16389),#16407,.F.);
#16389 = FACE_BOUND('',#16390,.T.);
#16390 = EDGE_LOOP('',(#16391,#16392,#16393,#16401));
#16391 = ORIENTED_EDGE('',*,*,#16189,.F.);
#16392 = ORIENTED_EDGE('',*,*,#16378,.T.);
#16393 = ORIENTED_EDGE('',*,*,#16394,.F.);
#16394 = EDGE_CURVE('',#16395,#16371,#16397,.T.);
#16395 = VERTEX_POINT('',#16396);
#16396 = CARTESIAN_POINT('',(-0.32,-3.2,-0.32));
#16397 = LINE('',#16398,#16399);
#16398 = CARTESIAN_POINT('',(-0.32,-3.2,-0.32));
#16399 = VECTOR('',#16400,1.);
#16400 = DIRECTION('',(1.,0.,0.));
#16401 = ORIENTED_EDGE('',*,*,#16402,.T.);
#16402 = EDGE_CURVE('',#16395,#16190,#16403,.T.);
#16403 = LINE('',#16404,#16405);
#16404 = CARTESIAN_POINT('',(-0.32,-3.2,-0.32));
#16405 = VECTOR('',#16406,1.);
#16406 = DIRECTION('',(0.,1.,-1.0416662E-10));
#16407 = PLANE('',#16408);
#16408 = AXIS2_PLACEMENT_3D('',#16409,#16410,#16411);
#16409 = CARTESIAN_POINT('',(0.,-1.6,-0.32));
#16410 = DIRECTION('',(0.,0.,1.));
#16411 = DIRECTION('',(-1.,0.,0.));
#16412 = ADVANCED_FACE('',(#16413),#16431,.F.);
#16413 = FACE_BOUND('',#16414,.T.);
#16414 = EDGE_LOOP('',(#16415,#16416,#16417,#16425));
#16415 = ORIENTED_EDGE('',*,*,#16197,.F.);
#16416 = ORIENTED_EDGE('',*,*,#16402,.F.);
#16417 = ORIENTED_EDGE('',*,*,#16418,.F.);
#16418 = EDGE_CURVE('',#16419,#16395,#16421,.T.);
#16419 = VERTEX_POINT('',#16420);
#16420 = CARTESIAN_POINT('',(-0.32,-3.2,0.32));
#16421 = LINE('',#16422,#16423);
#16422 = CARTESIAN_POINT('',(-0.32,-3.2,0.32));
#16423 = VECTOR('',#16424,1.);
#16424 = DIRECTION('',(0.,0.,-1.));
#16425 = ORIENTED_EDGE('',*,*,#16426,.F.);
#16426 = EDGE_CURVE('',#16198,#16419,#16427,.T.);
#16427 = LINE('',#16428,#16429);
#16428 = CARTESIAN_POINT('',(-0.32,0.,0.320000000133));
#16429 = VECTOR('',#16430,1.);
#16430 = DIRECTION('',(0.,-1.,-4.166662E-11));
#16431 = PLANE('',#16432);
#16432 = AXIS2_PLACEMENT_3D('',#16433,#16434,#16435);
#16433 = CARTESIAN_POINT('',(-0.32,-1.6,0.));
#16434 = DIRECTION('',(1.,0.,0.));
#16435 = DIRECTION('',(0.,0.,1.));
#16436 = ADVANCED_FACE('',(#16437),#16448,.T.);
#16437 = FACE_BOUND('',#16438,.T.);
#16438 = EDGE_LOOP('',(#16439,#16440,#16441,#16447));
#16439 = ORIENTED_EDGE('',*,*,#16205,.F.);
#16440 = ORIENTED_EDGE('',*,*,#16426,.T.);
#16441 = ORIENTED_EDGE('',*,*,#16442,.F.);
#16442 = EDGE_CURVE('',#16363,#16419,#16443,.T.);
#16443 = LINE('',#16444,#16445);
#16444 = CARTESIAN_POINT('',(0.32,-3.2,0.32));
#16445 = VECTOR('',#16446,1.);
#16446 = DIRECTION('',(-1.,0.,0.));
#16447 = ORIENTED_EDGE('',*,*,#16362,.F.);
#16448 = PLANE('',#16449);
#16449 = AXIS2_PLACEMENT_3D('',#16450,#16451,#16452);
#16450 = CARTESIAN_POINT('',(0.,-1.6,0.32));
#16451 = DIRECTION('',(0.,0.,1.));
#16452 = DIRECTION('',(1.,0.,-0.));
#16453 = ADVANCED_FACE('',(#16454),#16460,.F.);
#16454 = FACE_BOUND('',#16455,.T.);
#16455 = EDGE_LOOP('',(#16456,#16457,#16458,#16459));
#16456 = ORIENTED_EDGE('',*,*,#16418,.T.);
#16457 = ORIENTED_EDGE('',*,*,#16394,.T.);
#16458 = ORIENTED_EDGE('',*,*,#16370,.T.);
#16459 = ORIENTED_EDGE('',*,*,#16442,.T.);
#16460 = PLANE('',#16461);
#16461 = AXIS2_PLACEMENT_3D('',#16462,#16463,#16464);
#16462 = CARTESIAN_POINT('',(0.,-3.2,0.));
#16463 = DIRECTION('',(0.,1.,0.));
#16464 = DIRECTION('',(0.,0.,-1.));
#16465 = ADVANCED_FACE('',(#16466),#16491,.T.);
#16466 = FACE_BOUND('',#16467,.T.);
#16467 = EDGE_LOOP('',(#16468,#16469,#16477,#16485));
#16468 = ORIENTED_EDGE('',*,*,#16213,.F.);
#16469 = ORIENTED_EDGE('',*,*,#16470,.T.);
#16470 = EDGE_CURVE('',#16214,#16471,#16473,.T.);
#16471 = VERTEX_POINT('',#16472);
#16472 = CARTESIAN_POINT('',(-2.18,-3.2,0.32));
#16473 = LINE('',#16474,#16475);
#16474 = CARTESIAN_POINT('',(-2.18,0.,0.320000000133));
#16475 = VECTOR('',#16476,1.);
#16476 = DIRECTION('',(0.,-1.,-4.166662E-11));
#16477 = ORIENTED_EDGE('',*,*,#16478,.F.);
#16478 = EDGE_CURVE('',#16479,#16471,#16481,.T.);
#16479 = VERTEX_POINT('',#16480);
#16480 = CARTESIAN_POINT('',(-2.18,-3.2,-0.32));
#16481 = LINE('',#16482,#16483);
#16482 = CARTESIAN_POINT('',(-2.18,-3.2,-0.32));
#16483 = VECTOR('',#16484,1.);
#16484 = DIRECTION('',(0.,0.,1.));
#16485 = ORIENTED_EDGE('',*,*,#16486,.F.);
#16486 = EDGE_CURVE('',#16216,#16479,#16487,.T.);
#16487 = LINE('',#16488,#16489);
#16488 = CARTESIAN_POINT('',(-2.18,0.,-0.320000000333));
#16489 = VECTOR('',#16490,1.);
#16490 = DIRECTION('',(0.,-1.,1.0416662E-10));
#16491 = PLANE('',#16492);
#16492 = AXIS2_PLACEMENT_3D('',#16493,#16494,#16495);
#16493 = CARTESIAN_POINT('',(-2.18,-1.6,0.));
#16494 = DIRECTION('',(1.,0.,0.));
#16495 = DIRECTION('',(0.,0.,-1.));
#16496 = ADVANCED_FACE('',(#16497),#16515,.F.);
#16497 = FACE_BOUND('',#16498,.T.);
#16498 = EDGE_LOOP('',(#16499,#16500,#16501,#16509));
#16499 = ORIENTED_EDGE('',*,*,#16223,.F.);
#16500 = ORIENTED_EDGE('',*,*,#16486,.T.);
#16501 = ORIENTED_EDGE('',*,*,#16502,.F.);
#16502 = EDGE_CURVE('',#16503,#16479,#16505,.T.);
#16503 = VERTEX_POINT('',#16504);
#16504 = CARTESIAN_POINT('',(-2.82,-3.2,-0.32));
#16505 = LINE('',#16506,#16507);
#16506 = CARTESIAN_POINT('',(-2.82,-3.2,-0.32));
#16507 = VECTOR('',#16508,1.);
#16508 = DIRECTION('',(1.,0.,0.));
#16509 = ORIENTED_EDGE('',*,*,#16510,.T.);
#16510 = EDGE_CURVE('',#16503,#16224,#16511,.T.);
#16511 = LINE('',#16512,#16513);
#16512 = CARTESIAN_POINT('',(-2.82,-3.2,-0.32));
#16513 = VECTOR('',#16514,1.);
#16514 = DIRECTION('',(0.,1.,-1.0416662E-10));
#16515 = PLANE('',#16516);
#16516 = AXIS2_PLACEMENT_3D('',#16517,#16518,#16519);
#16517 = CARTESIAN_POINT('',(-2.5,-1.6,-0.32));
#16518 = DIRECTION('',(0.,0.,1.));
#16519 = DIRECTION('',(-1.,0.,0.));
#16520 = ADVANCED_FACE('',(#16521),#16539,.F.);
#16521 = FACE_BOUND('',#16522,.T.);
#16522 = EDGE_LOOP('',(#16523,#16524,#16525,#16533));
#16523 = ORIENTED_EDGE('',*,*,#16231,.F.);
#16524 = ORIENTED_EDGE('',*,*,#16510,.F.);
#16525 = ORIENTED_EDGE('',*,*,#16526,.F.);
#16526 = EDGE_CURVE('',#16527,#16503,#16529,.T.);
#16527 = VERTEX_POINT('',#16528);
#16528 = CARTESIAN_POINT('',(-2.82,-3.2,0.32));
#16529 = LINE('',#16530,#16531);
#16530 = CARTESIAN_POINT('',(-2.82,-3.2,0.32));
#16531 = VECTOR('',#16532,1.);
#16532 = DIRECTION('',(0.,0.,-1.));
#16533 = ORIENTED_EDGE('',*,*,#16534,.F.);
#16534 = EDGE_CURVE('',#16232,#16527,#16535,.T.);
#16535 = LINE('',#16536,#16537);
#16536 = CARTESIAN_POINT('',(-2.82,0.,0.320000000133));
#16537 = VECTOR('',#16538,1.);
#16538 = DIRECTION('',(0.,-1.,-4.166662E-11));
#16539 = PLANE('',#16540);
#16540 = AXIS2_PLACEMENT_3D('',#16541,#16542,#16543);
#16541 = CARTESIAN_POINT('',(-2.82,-1.6,0.));
#16542 = DIRECTION('',(1.,0.,0.));
#16543 = DIRECTION('',(0.,0.,1.));
#16544 = ADVANCED_FACE('',(#16545),#16556,.T.);
#16545 = FACE_BOUND('',#16546,.T.);
#16546 = EDGE_LOOP('',(#16547,#16548,#16549,#16555));
#16547 = ORIENTED_EDGE('',*,*,#16239,.F.);
#16548 = ORIENTED_EDGE('',*,*,#16534,.T.);
#16549 = ORIENTED_EDGE('',*,*,#16550,.F.);
#16550 = EDGE_CURVE('',#16471,#16527,#16551,.T.);
#16551 = LINE('',#16552,#16553);
#16552 = CARTESIAN_POINT('',(-2.18,-3.2,0.32));
#16553 = VECTOR('',#16554,1.);
#16554 = DIRECTION('',(-1.,0.,0.));
#16555 = ORIENTED_EDGE('',*,*,#16470,.F.);
#16556 = PLANE('',#16557);
#16557 = AXIS2_PLACEMENT_3D('',#16558,#16559,#16560);
#16558 = CARTESIAN_POINT('',(-2.5,-1.6,0.32));
#16559 = DIRECTION('',(0.,0.,1.));
#16560 = DIRECTION('',(1.,0.,-0.));
#16561 = ADVANCED_FACE('',(#16562),#16568,.F.);
#16562 = FACE_BOUND('',#16563,.T.);
#16563 = EDGE_LOOP('',(#16564,#16565,#16566,#16567));
#16564 = ORIENTED_EDGE('',*,*,#16526,.T.);
#16565 = ORIENTED_EDGE('',*,*,#16502,.T.);
#16566 = ORIENTED_EDGE('',*,*,#16478,.T.);
#16567 = ORIENTED_EDGE('',*,*,#16550,.T.);
#16568 = PLANE('',#16569);
#16569 = AXIS2_PLACEMENT_3D('',#16570,#16571,#16572);
#16570 = CARTESIAN_POINT('',(-2.5,-3.2,0.));
#16571 = DIRECTION('',(0.,1.,0.));
#16572 = DIRECTION('',(0.,0.,-1.));
#16573 = ADVANCED_FACE('',(#16574),#16585,.F.);
#16574 = FACE_BOUND('',#16575,.T.);
#16575 = EDGE_LOOP('',(#16576,#16577,#16583,#16584));
#16576 = ORIENTED_EDGE('',*,*,#15007,.F.);
#16577 = ORIENTED_EDGE('',*,*,#16578,.F.);
#16578 = EDGE_CURVE('',#14931,#15000,#16579,.T.);
#16579 = LINE('',#16580,#16581);
#16580 = CARTESIAN_POINT('',(-3.95,4.2,0.60236887));
#16581 = VECTOR('',#16582,1.);
#16582 = DIRECTION('',(-1.,0.,-3.1746045E-10));
#16583 = ORIENTED_EDGE('',*,*,#14930,.F.);
#16584 = ORIENTED_EDGE('',*,*,#14977,.T.);
#16585 = PLANE('',#16586);
#16586 = AXIS2_PLACEMENT_3D('',#16587,#16588,#16589);
#16587 = CARTESIAN_POINT('',(-4.475,4.2,0.751184435));
#16588 = DIRECTION('',(0.,1.,0.));
#16589 = DIRECTION('',(0.,0.,-1.));
#16590 = ADVANCED_FACE('',(#16591),#16597,.F.);
#16591 = FACE_BOUND('',#16592,.T.);
#16592 = EDGE_LOOP('',(#16593,#16594,#16595,#16596));
#16593 = ORIENTED_EDGE('',*,*,#14938,.T.);
#16594 = ORIENTED_EDGE('',*,*,#16578,.T.);
#16595 = ORIENTED_EDGE('',*,*,#14999,.F.);
#16596 = ORIENTED_EDGE('',*,*,#14890,.F.);
#16597 = PLANE('',#16598);
#16598 = AXIS2_PLACEMENT_3D('',#16599,#16600,#16601);
#16599 = CARTESIAN_POINT('',(-4.475,4.65,0.60236887));
#16600 = DIRECTION('',(0.,0.,1.));
#16601 = DIRECTION('',(-1.,0.,0.));
#16602 = ( GEOMETRIC_REPRESENTATION_CONTEXT(3) 
GLOBAL_UNCERTAINTY_ASSIGNED_CONTEXT((#16606)) 
GLOBAL_UNIT_ASSIGNED_CONTEXT((#16603,#16604,#16605)) 
REPRESENTATION_CONTEXT('Context #1',
  '3D Context with UNIT and UNCERTAINTY') );
#16603 = ( LENGTH_UNIT() NAMED_UNIT(*) SI_UNIT(.MILLI.,.METRE.) );
#16604 = ( NAMED_UNIT(*) PLANE_ANGLE_UNIT() SI_UNIT($,.RADIAN.) );
#16605 = ( NAMED_UNIT(*) SI_UNIT($,.STERADIAN.) SOLID_ANGLE_UNIT() );
#16606 = UNCERTAINTY_MEASURE_WITH_UNIT(LENGTH_MEASURE(1.E-07),#16603,
  'distance_accuracy_value','confusion accuracy');
#16607 = CONTEXT_DEPENDENT_SHAPE_REPRESENTATION(#16608,#16610);
#16608 = ( REPRESENTATION_RELATIONSHIP('','',#14873,#10) 
REPRESENTATION_RELATIONSHIP_WITH_TRANSFORMATION(#16609) 
SHAPE_REPRESENTATION_RELATIONSHIP() );
#16609 = ITEM_DEFINED_TRANSFORMATION('','',#11,#55);
#16610 = PRODUCT_DEFINITION_SHAPE('Placement','Placement of an item',
  #16611);
#16611 = NEXT_ASSEMBLY_USAGE_OCCURRENCE('21','B3B-EH024','',#5,#14868,$
  );
#16612 = PRODUCT_RELATED_PRODUCT_CATEGORY('part',$,(#14870));
#16613 = SHAPE_DEFINITION_REPRESENTATION(#16614,#16620);
#16614 = PRODUCT_DEFINITION_SHAPE('','',#16615);
#16615 = PRODUCT_DEFINITION('design','',#16616,#16619);
#16616 = PRODUCT_DEFINITION_FORMATION('','',#16617);
#16617 = PRODUCT('B3B-EH025','B3B-EH025','',(#16618));
#16618 = PRODUCT_CONTEXT('',#2,'mechanical');
#16619 = PRODUCT_DEFINITION_CONTEXT('part definition',#2,'design');
#16620 = ADVANCED_BREP_SHAPE_REPRESENTATION('',(#11,#16621),#18349);
#16621 = MANIFOLD_SOLID_BREP('',#16622);
#16622 = CLOSED_SHELL('',(#16623,#16663,#16710,#16741,#16811,#16860,
    #16891,#16931,#16962,#16986,#17003,#17054,#17101,#17148,#17179,
    #17212,#17243,#17260,#17277,#17429,#17460,#17486,#17510,#17527,
    #17541,#17572,#17596,#17620,#17637,#17649,#17680,#17704,#17728,
    #17745,#17757,#17788,#17812,#17836,#17853,#17865,#17882,#17996,
    #18027,#18051,#18075,#18092,#18104,#18135,#18159,#18183,#18200,
    #18212,#18243,#18267,#18291,#18308,#18320,#18337));
#16623 = ADVANCED_FACE('',(#16624),#16658,.T.);
#16624 = FACE_BOUND('',#16625,.T.);
#16625 = EDGE_LOOP('',(#16626,#16636,#16644,#16652));
#16626 = ORIENTED_EDGE('',*,*,#16627,.T.);
#16627 = EDGE_CURVE('',#16628,#16630,#16632,.T.);
#16628 = VERTEX_POINT('',#16629);
#16629 = CARTESIAN_POINT('',(-3.95,5.1,2.2));
#16630 = VERTEX_POINT('',#16631);
#16631 = CARTESIAN_POINT('',(-3.95,5.1,0.60236887));
#16632 = LINE('',#16633,#16634);
#16633 = CARTESIAN_POINT('',(-3.95,5.1,2.2));
#16634 = VECTOR('',#16635,1.);
#16635 = DIRECTION('',(0.,0.,-1.));
#16636 = ORIENTED_EDGE('',*,*,#16637,.T.);
#16637 = EDGE_CURVE('',#16630,#16638,#16640,.T.);
#16638 = VERTEX_POINT('',#16639);
#16639 = CARTESIAN_POINT('',(-5.,5.1,0.602368869667));
#16640 = LINE('',#16641,#16642);
#16641 = CARTESIAN_POINT('',(-3.95,5.1,0.60236887));
#16642 = VECTOR('',#16643,1.);
#16643 = DIRECTION('',(-1.,0.,-3.1746034E-10));
#16644 = ORIENTED_EDGE('',*,*,#16645,.F.);
#16645 = EDGE_CURVE('',#16646,#16638,#16648,.T.);
#16646 = VERTEX_POINT('',#16647);
#16647 = CARTESIAN_POINT('',(-5.,5.1,2.2));
#16648 = LINE('',#16649,#16650);
#16649 = CARTESIAN_POINT('',(-5.,5.1,2.2));
#16650 = VECTOR('',#16651,1.);
#16651 = DIRECTION('',(0.,0.,-1.));
#16652 = ORIENTED_EDGE('',*,*,#16653,.F.);
#16653 = EDGE_CURVE('',#16628,#16646,#16654,.T.);
#16654 = LINE('',#16655,#16656);
#16655 = CARTESIAN_POINT('',(-3.95,5.1,2.2));
#16656 = VECTOR('',#16657,1.);
#16657 = DIRECTION('',(-1.,0.,0.));
#16658 = PLANE('',#16659);
#16659 = AXIS2_PLACEMENT_3D('',#16660,#16661,#16662);
#16660 = CARTESIAN_POINT('',(-4.475,5.1,1.401184435));
#16661 = DIRECTION('',(0.,1.,0.));
#16662 = DIRECTION('',(0.,0.,-1.));
#16663 = ADVANCED_FACE('',(#16664),#16705,.T.);
#16664 = FACE_BOUND('',#16665,.T.);
#16665 = EDGE_LOOP('',(#16666,#16676,#16684,#16690,#16691,#16699));
#16666 = ORIENTED_EDGE('',*,*,#16667,.T.);
#16667 = EDGE_CURVE('',#16668,#16670,#16672,.T.);
#16668 = VERTEX_POINT('',#16669);
#16669 = CARTESIAN_POINT('',(-3.95,1.5,0.900000000562));
#16670 = VERTEX_POINT('',#16671);
#16671 = CARTESIAN_POINT('',(-3.95,4.2,0.900000000237));
#16672 = LINE('',#16673,#16674);
#16673 = CARTESIAN_POINT('',(-3.95,1.5,0.900000000562));
#16674 = VECTOR('',#16675,1.);
#16675 = DIRECTION('',(0.,1.,-1.2025298E-10));
#16676 = ORIENTED_EDGE('',*,*,#16677,.T.);
#16677 = EDGE_CURVE('',#16670,#16678,#16680,.T.);
#16678 = VERTEX_POINT('',#16679);
#16679 = CARTESIAN_POINT('',(-3.95,4.2,0.60236887));
#16680 = LINE('',#16681,#16682);
#16681 = CARTESIAN_POINT('',(-3.95,4.2,0.900000000237));
#16682 = VECTOR('',#16683,1.);
#16683 = DIRECTION('',(0.,0.,-1.));
#16684 = ORIENTED_EDGE('',*,*,#16685,.F.);
#16685 = EDGE_CURVE('',#16630,#16678,#16686,.T.);
#16686 = LINE('',#16687,#16688);
#16687 = CARTESIAN_POINT('',(-3.95,5.1,0.60236887));
#16688 = VECTOR('',#16689,1.);
#16689 = DIRECTION('',(0.,-1.,0.));
#16690 = ORIENTED_EDGE('',*,*,#16627,.F.);
#16691 = ORIENTED_EDGE('',*,*,#16692,.F.);
#16692 = EDGE_CURVE('',#16693,#16628,#16695,.T.);
#16693 = VERTEX_POINT('',#16694);
#16694 = CARTESIAN_POINT('',(-3.95,1.4999999999,2.2));
#16695 = LINE('',#16696,#16697);
#16696 = CARTESIAN_POINT('',(-3.95,1.4999999999,2.2));
#16697 = VECTOR('',#16698,1.);
#16698 = DIRECTION('',(0.,1.,0.));
#16699 = ORIENTED_EDGE('',*,*,#16700,.F.);
#16700 = EDGE_CURVE('',#16668,#16693,#16701,.T.);
#16701 = LINE('',#16702,#16703);
#16702 = CARTESIAN_POINT('',(-3.95,1.5,0.900000000562));
#16703 = VECTOR('',#16704,1.);
#16704 = DIRECTION('',(0.,-7.692308E-11,1.));
#16705 = PLANE('',#16706);
#16706 = AXIS2_PLACEMENT_3D('',#16707,#16708,#16709);
#16707 = CARTESIAN_POINT('',(-3.95,3.3,1.401184435));
#16708 = DIRECTION('',(1.,0.,0.));
#16709 = DIRECTION('',(0.,0.,-1.));
#16710 = ADVANCED_FACE('',(#16711),#16736,.F.);
#16711 = FACE_BOUND('',#16712,.T.);
#16712 = EDGE_LOOP('',(#16713,#16723,#16729,#16730));
#16713 = ORIENTED_EDGE('',*,*,#16714,.F.);
#16714 = EDGE_CURVE('',#16715,#16717,#16719,.T.);
#16715 = VERTEX_POINT('',#16716);
#16716 = CARTESIAN_POINT('',(-5.,4.2,0.9000000002));
#16717 = VERTEX_POINT('',#16718);
#16718 = CARTESIAN_POINT('',(-5.,1.5,0.900000000525));
#16719 = LINE('',#16720,#16721);
#16720 = CARTESIAN_POINT('',(-5.,4.2,0.9000000002));
#16721 = VECTOR('',#16722,1.);
#16722 = DIRECTION('',(0.,-1.,1.2025298E-10));
#16723 = ORIENTED_EDGE('',*,*,#16724,.F.);
#16724 = EDGE_CURVE('',#16670,#16715,#16725,.T.);
#16725 = LINE('',#16726,#16727);
#16726 = CARTESIAN_POINT('',(-3.95,4.2,0.900000000237));
#16727 = VECTOR('',#16728,1.);
#16728 = DIRECTION('',(-1.,0.,-3.552714E-11));
#16729 = ORIENTED_EDGE('',*,*,#16667,.F.);
#16730 = ORIENTED_EDGE('',*,*,#16731,.F.);
#16731 = EDGE_CURVE('',#16717,#16668,#16732,.T.);
#16732 = LINE('',#16733,#16734);
#16733 = CARTESIAN_POINT('',(-5.,1.5,0.900000000525));
#16734 = VECTOR('',#16735,1.);
#16735 = DIRECTION('',(1.,0.,3.552714E-11));
#16736 = PLANE('',#16737);
#16737 = AXIS2_PLACEMENT_3D('',#16738,#16739,#16740);
#16738 = CARTESIAN_POINT('',(-4.475,2.85,0.9));
#16739 = DIRECTION('',(0.,0.,1.));
#16740 = DIRECTION('',(-1.,0.,0.));
#16741 = ADVANCED_FACE('',(#16742),#16806,.F.);
#16742 = FACE_BOUND('',#16743,.T.);
#16743 = EDGE_LOOP('',(#16744,#16745,#16753,#16759,#16760,#16768,#16776,
    #16784,#16792,#16800));
#16744 = ORIENTED_EDGE('',*,*,#16645,.T.);
#16745 = ORIENTED_EDGE('',*,*,#16746,.T.);
#16746 = EDGE_CURVE('',#16638,#16747,#16749,.T.);
#16747 = VERTEX_POINT('',#16748);
#16748 = CARTESIAN_POINT('',(-5.,4.2,0.602368869667));
#16749 = LINE('',#16750,#16751);
#16750 = CARTESIAN_POINT('',(-5.,5.1,0.602368869667));
#16751 = VECTOR('',#16752,1.);
#16752 = DIRECTION('',(0.,-1.,0.));
#16753 = ORIENTED_EDGE('',*,*,#16754,.T.);
#16754 = EDGE_CURVE('',#16747,#16715,#16755,.T.);
#16755 = LINE('',#16756,#16757);
#16756 = CARTESIAN_POINT('',(-5.,4.2,0.602368869667));
#16757 = VECTOR('',#16758,1.);
#16758 = DIRECTION('',(0.,0.,1.));
#16759 = ORIENTED_EDGE('',*,*,#16714,.T.);
#16760 = ORIENTED_EDGE('',*,*,#16761,.F.);
#16761 = EDGE_CURVE('',#16762,#16717,#16764,.T.);
#16762 = VERTEX_POINT('',#16763);
#16763 = CARTESIAN_POINT('',(-5.,1.5,0.200000000338));
#16764 = LINE('',#16765,#16766);
#16765 = CARTESIAN_POINT('',(-5.,1.5,0.200000000338));
#16766 = VECTOR('',#16767,1.);
#16767 = DIRECTION('',(0.,0.,1.));
#16768 = ORIENTED_EDGE('',*,*,#16769,.F.);
#16769 = EDGE_CURVE('',#16770,#16762,#16772,.T.);
#16770 = VERTEX_POINT('',#16771);
#16771 = CARTESIAN_POINT('',(-5.,6.,0.2000000006));
#16772 = LINE('',#16773,#16774);
#16773 = CARTESIAN_POINT('',(-5.,6.,0.2000000006));
#16774 = VECTOR('',#16775,1.);
#16775 = DIRECTION('',(0.,-1.,-5.810661E-11));
#16776 = ORIENTED_EDGE('',*,*,#16777,.F.);
#16777 = EDGE_CURVE('',#16778,#16770,#16780,.T.);
#16778 = VERTEX_POINT('',#16779);
#16779 = CARTESIAN_POINT('',(-5.,6.,-1.6));
#16780 = LINE('',#16781,#16782);
#16781 = CARTESIAN_POINT('',(-5.,6.,-1.6));
#16782 = VECTOR('',#16783,1.);
#16783 = DIRECTION('',(0.,0.,1.));
#16784 = ORIENTED_EDGE('',*,*,#16785,.F.);
#16785 = EDGE_CURVE('',#16786,#16778,#16788,.T.);
#16786 = VERTEX_POINT('',#16787);
#16787 = CARTESIAN_POINT('',(-5.,0.,-1.6));
#16788 = LINE('',#16789,#16790);
#16789 = CARTESIAN_POINT('',(-5.,0.,-1.6));
#16790 = VECTOR('',#16791,1.);
#16791 = DIRECTION('',(0.,1.,0.));
#16792 = ORIENTED_EDGE('',*,*,#16793,.F.);
#16793 = EDGE_CURVE('',#16794,#16786,#16796,.T.);
#16794 = VERTEX_POINT('',#16795);
#16795 = CARTESIAN_POINT('',(-5.,0.,2.2));
#16796 = LINE('',#16797,#16798);
#16797 = CARTESIAN_POINT('',(-5.,0.,2.2));
#16798 = VECTOR('',#16799,1.);
#16799 = DIRECTION('',(0.,0.,-1.));
#16800 = ORIENTED_EDGE('',*,*,#16801,.F.);
#16801 = EDGE_CURVE('',#16646,#16794,#16802,.T.);
#16802 = LINE('',#16803,#16804);
#16803 = CARTESIAN_POINT('',(-5.,5.1,2.2));
#16804 = VECTOR('',#16805,1.);
#16805 = DIRECTION('',(0.,-1.,0.));
#16806 = PLANE('',#16807);
#16807 = AXIS2_PLACEMENT_3D('',#16808,#16809,#16810);
#16808 = CARTESIAN_POINT('',(-5.,3.,0.3));
#16809 = DIRECTION('',(1.,0.,0.));
#16810 = DIRECTION('',(0.,0.,-1.));
#16811 = ADVANCED_FACE('',(#16812),#16855,.T.);
#16812 = FACE_BOUND('',#16813,.T.);
#16813 = EDGE_LOOP('',(#16814,#16824,#16832,#16838,#16839,#16840,#16841,
    #16849));
#16814 = ORIENTED_EDGE('',*,*,#16815,.T.);
#16815 = EDGE_CURVE('',#16816,#16818,#16820,.T.);
#16816 = VERTEX_POINT('',#16817);
#16817 = CARTESIAN_POINT('',(5.,5.1,2.2));
#16818 = VERTEX_POINT('',#16819);
#16819 = CARTESIAN_POINT('',(3.95,5.1,2.2));
#16820 = LINE('',#16821,#16822);
#16821 = CARTESIAN_POINT('',(5.,5.1,2.2));
#16822 = VECTOR('',#16823,1.);
#16823 = DIRECTION('',(-1.,0.,0.));
#16824 = ORIENTED_EDGE('',*,*,#16825,.T.);
#16825 = EDGE_CURVE('',#16818,#16826,#16828,.T.);
#16826 = VERTEX_POINT('',#16827);
#16827 = CARTESIAN_POINT('',(3.95,1.4999999999,2.2));
#16828 = LINE('',#16829,#16830);
#16829 = CARTESIAN_POINT('',(3.95,5.1,2.2));
#16830 = VECTOR('',#16831,1.);
#16831 = DIRECTION('',(0.,-1.,0.));
#16832 = ORIENTED_EDGE('',*,*,#16833,.T.);
#16833 = EDGE_CURVE('',#16826,#16693,#16834,.T.);
#16834 = LINE('',#16835,#16836);
#16835 = CARTESIAN_POINT('',(3.95,1.4999999999,2.2));
#16836 = VECTOR('',#16837,1.);
#16837 = DIRECTION('',(-1.,0.,0.));
#16838 = ORIENTED_EDGE('',*,*,#16692,.T.);
#16839 = ORIENTED_EDGE('',*,*,#16653,.T.);
#16840 = ORIENTED_EDGE('',*,*,#16801,.T.);
#16841 = ORIENTED_EDGE('',*,*,#16842,.F.);
#16842 = EDGE_CURVE('',#16843,#16794,#16845,.T.);
#16843 = VERTEX_POINT('',#16844);
#16844 = CARTESIAN_POINT('',(5.,0.,2.2));
#16845 = LINE('',#16846,#16847);
#16846 = CARTESIAN_POINT('',(5.,0.,2.2));
#16847 = VECTOR('',#16848,1.);
#16848 = DIRECTION('',(-1.,0.,0.));
#16849 = ORIENTED_EDGE('',*,*,#16850,.T.);
#16850 = EDGE_CURVE('',#16843,#16816,#16851,.T.);
#16851 = LINE('',#16852,#16853);
#16852 = CARTESIAN_POINT('',(5.,0.,2.2));
#16853 = VECTOR('',#16854,1.);
#16854 = DIRECTION('',(0.,1.,0.));
#16855 = PLANE('',#16856);
#16856 = AXIS2_PLACEMENT_3D('',#16857,#16858,#16859);
#16857 = CARTESIAN_POINT('',(0.,2.55,2.2));
#16858 = DIRECTION('',(0.,0.,1.));
#16859 = DIRECTION('',(0.,1.,0.));
#16860 = ADVANCED_FACE('',(#16861),#16886,.T.);
#16861 = FACE_BOUND('',#16862,.T.);
#16862 = EDGE_LOOP('',(#16863,#16864,#16872,#16880));
#16863 = ORIENTED_EDGE('',*,*,#16815,.F.);
#16864 = ORIENTED_EDGE('',*,*,#16865,.T.);
#16865 = EDGE_CURVE('',#16816,#16866,#16868,.T.);
#16866 = VERTEX_POINT('',#16867);
#16867 = CARTESIAN_POINT('',(5.,5.1,0.602368869667));
#16868 = LINE('',#16869,#16870);
#16869 = CARTESIAN_POINT('',(5.,5.1,2.2));
#16870 = VECTOR('',#16871,1.);
#16871 = DIRECTION('',(0.,0.,-1.));
#16872 = ORIENTED_EDGE('',*,*,#16873,.T.);
#16873 = EDGE_CURVE('',#16866,#16874,#16876,.T.);
#16874 = VERTEX_POINT('',#16875);
#16875 = CARTESIAN_POINT('',(3.95,5.1,0.60236887));
#16876 = LINE('',#16877,#16878);
#16877 = CARTESIAN_POINT('',(5.,5.1,0.602368869667));
#16878 = VECTOR('',#16879,1.);
#16879 = DIRECTION('',(-1.,0.,3.1746034E-10));
#16880 = ORIENTED_EDGE('',*,*,#16881,.T.);
#16881 = EDGE_CURVE('',#16874,#16818,#16882,.T.);
#16882 = LINE('',#16883,#16884);
#16883 = CARTESIAN_POINT('',(3.95,5.1,0.60236887));
#16884 = VECTOR('',#16885,1.);
#16885 = DIRECTION('',(0.,0.,1.));
#16886 = PLANE('',#16887);
#16887 = AXIS2_PLACEMENT_3D('',#16888,#16889,#16890);
#16888 = CARTESIAN_POINT('',(4.475,5.1,1.401184435));
#16889 = DIRECTION('',(0.,1.,0.));
#16890 = DIRECTION('',(0.,0.,-1.));
#16891 = ADVANCED_FACE('',(#16892),#16926,.F.);
#16892 = FACE_BOUND('',#16893,.T.);
#16893 = EDGE_LOOP('',(#16894,#16904,#16910,#16911,#16912,#16920));
#16894 = ORIENTED_EDGE('',*,*,#16895,.F.);
#16895 = EDGE_CURVE('',#16896,#16898,#16900,.T.);
#16896 = VERTEX_POINT('',#16897);
#16897 = CARTESIAN_POINT('',(3.95,1.5,0.900000000562));
#16898 = VERTEX_POINT('',#16899);
#16899 = CARTESIAN_POINT('',(3.95,4.2,0.900000000237));
#16900 = LINE('',#16901,#16902);
#16901 = CARTESIAN_POINT('',(3.95,1.5,0.900000000562));
#16902 = VECTOR('',#16903,1.);
#16903 = DIRECTION('',(0.,1.,-1.2025307E-10));
#16904 = ORIENTED_EDGE('',*,*,#16905,.F.);
#16905 = EDGE_CURVE('',#16826,#16896,#16906,.T.);
#16906 = LINE('',#16907,#16908);
#16907 = CARTESIAN_POINT('',(3.95,1.4999999999,2.2));
#16908 = VECTOR('',#16909,1.);
#16909 = DIRECTION('',(0.,7.692308E-11,-1.));
#16910 = ORIENTED_EDGE('',*,*,#16825,.F.);
#16911 = ORIENTED_EDGE('',*,*,#16881,.F.);
#16912 = ORIENTED_EDGE('',*,*,#16913,.F.);
#16913 = EDGE_CURVE('',#16914,#16874,#16916,.T.);
#16914 = VERTEX_POINT('',#16915);
#16915 = CARTESIAN_POINT('',(3.95,4.2,0.60236887));
#16916 = LINE('',#16917,#16918);
#16917 = CARTESIAN_POINT('',(3.95,4.2,0.60236887));
#16918 = VECTOR('',#16919,1.);
#16919 = DIRECTION('',(0.,1.,0.));
#16920 = ORIENTED_EDGE('',*,*,#16921,.F.);
#16921 = EDGE_CURVE('',#16898,#16914,#16922,.T.);
#16922 = LINE('',#16923,#16924);
#16923 = CARTESIAN_POINT('',(3.95,4.2,0.900000000237));
#16924 = VECTOR('',#16925,1.);
#16925 = DIRECTION('',(0.,0.,-1.));
#16926 = PLANE('',#16927);
#16927 = AXIS2_PLACEMENT_3D('',#16928,#16929,#16930);
#16928 = CARTESIAN_POINT('',(3.95,3.3,1.401184435));
#16929 = DIRECTION('',(1.,0.,0.));
#16930 = DIRECTION('',(0.,0.,1.));
#16931 = ADVANCED_FACE('',(#16932),#16957,.F.);
#16932 = FACE_BOUND('',#16933,.T.);
#16933 = EDGE_LOOP('',(#16934,#16942,#16950,#16956));
#16934 = ORIENTED_EDGE('',*,*,#16935,.F.);
#16935 = EDGE_CURVE('',#16936,#16898,#16938,.T.);
#16936 = VERTEX_POINT('',#16937);
#16937 = CARTESIAN_POINT('',(5.,4.2,0.9000000002));
#16938 = LINE('',#16939,#16940);
#16939 = CARTESIAN_POINT('',(5.,4.2,0.9000000002));
#16940 = VECTOR('',#16941,1.);
#16941 = DIRECTION('',(-1.,0.,3.552714E-11));
#16942 = ORIENTED_EDGE('',*,*,#16943,.T.);
#16943 = EDGE_CURVE('',#16936,#16944,#16946,.T.);
#16944 = VERTEX_POINT('',#16945);
#16945 = CARTESIAN_POINT('',(5.,1.5,0.900000000525));
#16946 = LINE('',#16947,#16948);
#16947 = CARTESIAN_POINT('',(5.,4.2,0.9000000002));
#16948 = VECTOR('',#16949,1.);
#16949 = DIRECTION('',(0.,-1.,1.2025298E-10));
#16950 = ORIENTED_EDGE('',*,*,#16951,.T.);
#16951 = EDGE_CURVE('',#16944,#16896,#16952,.T.);
#16952 = LINE('',#16953,#16954);
#16953 = CARTESIAN_POINT('',(5.,1.5,0.900000000525));
#16954 = VECTOR('',#16955,1.);
#16955 = DIRECTION('',(-1.,0.,3.552693E-11));
#16956 = ORIENTED_EDGE('',*,*,#16895,.T.);
#16957 = PLANE('',#16958);
#16958 = AXIS2_PLACEMENT_3D('',#16959,#16960,#16961);
#16959 = CARTESIAN_POINT('',(4.475,2.85,0.9));
#16960 = DIRECTION('',(0.,0.,1.));
#16961 = DIRECTION('',(1.,0.,-0.));
#16962 = ADVANCED_FACE('',(#16963),#16981,.F.);
#16963 = FACE_BOUND('',#16964,.T.);
#16964 = EDGE_LOOP('',(#16965,#16973,#16979,#16980));
#16965 = ORIENTED_EDGE('',*,*,#16966,.T.);
#16966 = EDGE_CURVE('',#16914,#16967,#16969,.T.);
#16967 = VERTEX_POINT('',#16968);
#16968 = CARTESIAN_POINT('',(5.,4.2,0.602368869667));
#16969 = LINE('',#16970,#16971);
#16970 = CARTESIAN_POINT('',(3.95,4.2,0.60236887));
#16971 = VECTOR('',#16972,1.);
#16972 = DIRECTION('',(1.,0.,-3.1746056E-10));
#16973 = ORIENTED_EDGE('',*,*,#16974,.T.);
#16974 = EDGE_CURVE('',#16967,#16936,#16975,.T.);
#16975 = LINE('',#16976,#16977);
#16976 = CARTESIAN_POINT('',(5.,4.2,0.602368869667));
#16977 = VECTOR('',#16978,1.);
#16978 = DIRECTION('',(0.,0.,1.));
#16979 = ORIENTED_EDGE('',*,*,#16935,.T.);
#16980 = ORIENTED_EDGE('',*,*,#16921,.T.);
#16981 = PLANE('',#16982);
#16982 = AXIS2_PLACEMENT_3D('',#16983,#16984,#16985);
#16983 = CARTESIAN_POINT('',(4.475,4.2,0.751184435));
#16984 = DIRECTION('',(0.,1.,0.));
#16985 = DIRECTION('',(0.,-0.,1.));
#16986 = ADVANCED_FACE('',(#16987),#16998,.F.);
#16987 = FACE_BOUND('',#16988,.T.);
#16988 = EDGE_LOOP('',(#16989,#16990,#16991,#16992));
#16989 = ORIENTED_EDGE('',*,*,#16966,.F.);
#16990 = ORIENTED_EDGE('',*,*,#16913,.T.);
#16991 = ORIENTED_EDGE('',*,*,#16873,.F.);
#16992 = ORIENTED_EDGE('',*,*,#16993,.T.);
#16993 = EDGE_CURVE('',#16866,#16967,#16994,.T.);
#16994 = LINE('',#16995,#16996);
#16995 = CARTESIAN_POINT('',(5.,5.1,0.602368869667));
#16996 = VECTOR('',#16997,1.);
#16997 = DIRECTION('',(0.,-1.,0.));
#16998 = PLANE('',#16999);
#16999 = AXIS2_PLACEMENT_3D('',#17000,#17001,#17002);
#17000 = CARTESIAN_POINT('',(4.475,4.65,0.60236887));
#17001 = DIRECTION('',(0.,0.,1.));
#17002 = DIRECTION('',(-1.,0.,0.));
#17003 = ADVANCED_FACE('',(#17004),#17049,.T.);
#17004 = FACE_BOUND('',#17005,.T.);
#17005 = EDGE_LOOP('',(#17006,#17016,#17022,#17023,#17024,#17025,#17026,
    #17027,#17035,#17043));
#17006 = ORIENTED_EDGE('',*,*,#17007,.F.);
#17007 = EDGE_CURVE('',#17008,#17010,#17012,.T.);
#17008 = VERTEX_POINT('',#17009);
#17009 = CARTESIAN_POINT('',(5.,1.5,0.200000000338));
#17010 = VERTEX_POINT('',#17011);
#17011 = CARTESIAN_POINT('',(5.,6.,0.2000000006));
#17012 = LINE('',#17013,#17014);
#17013 = CARTESIAN_POINT('',(5.,1.5,0.200000000338));
#17014 = VECTOR('',#17015,1.);
#17015 = DIRECTION('',(0.,1.,5.810661E-11));
#17016 = ORIENTED_EDGE('',*,*,#17017,.F.);
#17017 = EDGE_CURVE('',#16944,#17008,#17018,.T.);
#17018 = LINE('',#17019,#17020);
#17019 = CARTESIAN_POINT('',(5.,1.5,0.900000000525));
#17020 = VECTOR('',#17021,1.);
#17021 = DIRECTION('',(0.,0.,-1.));
#17022 = ORIENTED_EDGE('',*,*,#16943,.F.);
#17023 = ORIENTED_EDGE('',*,*,#16974,.F.);
#17024 = ORIENTED_EDGE('',*,*,#16993,.F.);
#17025 = ORIENTED_EDGE('',*,*,#16865,.F.);
#17026 = ORIENTED_EDGE('',*,*,#16850,.F.);
#17027 = ORIENTED_EDGE('',*,*,#17028,.F.);
#17028 = EDGE_CURVE('',#17029,#16843,#17031,.T.);
#17029 = VERTEX_POINT('',#17030);
#17030 = CARTESIAN_POINT('',(5.,0.,-1.6));
#17031 = LINE('',#17032,#17033);
#17032 = CARTESIAN_POINT('',(5.,0.,-1.6));
#17033 = VECTOR('',#17034,1.);
#17034 = DIRECTION('',(0.,0.,1.));
#17035 = ORIENTED_EDGE('',*,*,#17036,.F.);
#17036 = EDGE_CURVE('',#17037,#17029,#17039,.T.);
#17037 = VERTEX_POINT('',#17038);
#17038 = CARTESIAN_POINT('',(5.,6.,-1.6));
#17039 = LINE('',#17040,#17041);
#17040 = CARTESIAN_POINT('',(5.,6.,-1.6));
#17041 = VECTOR('',#17042,1.);
#17042 = DIRECTION('',(0.,-1.,0.));
#17043 = ORIENTED_EDGE('',*,*,#17044,.F.);
#17044 = EDGE_CURVE('',#17010,#17037,#17045,.T.);
#17045 = LINE('',#17046,#17047);
#17046 = CARTESIAN_POINT('',(5.,6.,0.2000000006));
#17047 = VECTOR('',#17048,1.);
#17048 = DIRECTION('',(0.,0.,-1.));
#17049 = PLANE('',#17050);
#17050 = AXIS2_PLACEMENT_3D('',#17051,#17052,#17053);
#17051 = CARTESIAN_POINT('',(5.,3.,0.3));
#17052 = DIRECTION('',(1.,0.,0.));
#17053 = DIRECTION('',(0.,0.,-1.));
#17054 = ADVANCED_FACE('',(#17055),#17096,.T.);
#17055 = FACE_BOUND('',#17056,.T.);
#17056 = EDGE_LOOP('',(#17057,#17065,#17073,#17081,#17089,#17095));
#17057 = ORIENTED_EDGE('',*,*,#17058,.T.);
#17058 = EDGE_CURVE('',#17010,#17059,#17061,.T.);
#17059 = VERTEX_POINT('',#17060);
#17060 = CARTESIAN_POINT('',(4.54999999985,6.,0.2));
#17061 = LINE('',#17062,#17063);
#17062 = CARTESIAN_POINT('',(5.,6.,0.2000000006));
#17063 = VECTOR('',#17064,1.);
#17064 = DIRECTION('',(-1.,0.,-1.3333332E-09));
#17065 = ORIENTED_EDGE('',*,*,#17066,.T.);
#17066 = EDGE_CURVE('',#17059,#17067,#17069,.T.);
#17067 = VERTEX_POINT('',#17068);
#17068 = CARTESIAN_POINT('',(4.54999999985,5.000000000667,0.2));
#17069 = LINE('',#17070,#17071);
#17070 = CARTESIAN_POINT('',(4.54999999985,6.,0.2));
#17071 = VECTOR('',#17072,1.);
#17072 = DIRECTION('',(0.,-1.,0.));
#17073 = ORIENTED_EDGE('',*,*,#17074,.F.);
#17074 = EDGE_CURVE('',#17075,#17067,#17077,.T.);
#17075 = VERTEX_POINT('',#17076);
#17076 = CARTESIAN_POINT('',(3.95,5.000000000333,0.2));
#17077 = LINE('',#17078,#17079);
#17078 = CARTESIAN_POINT('',(3.95,5.000000000333,0.2));
#17079 = VECTOR('',#17080,1.);
#17080 = DIRECTION('',(1.,5.555556E-10,0.));
#17081 = ORIENTED_EDGE('',*,*,#17082,.F.);
#17082 = EDGE_CURVE('',#17083,#17075,#17085,.T.);
#17083 = VERTEX_POINT('',#17084);
#17084 = CARTESIAN_POINT('',(3.95,1.5,0.199999999738));
#17085 = LINE('',#17086,#17087);
#17086 = CARTESIAN_POINT('',(3.95,1.5,0.199999999738));
#17087 = VECTOR('',#17088,1.);
#17088 = DIRECTION('',(0.,1.,7.47085E-11));
#17089 = ORIENTED_EDGE('',*,*,#17090,.T.);
#17090 = EDGE_CURVE('',#17083,#17008,#17091,.T.);
#17091 = LINE('',#17092,#17093);
#17092 = CARTESIAN_POINT('',(3.95,1.5,0.199999999738));
#17093 = VECTOR('',#17094,1.);
#17094 = DIRECTION('',(1.,0.,5.7142854E-10));
#17095 = ORIENTED_EDGE('',*,*,#17007,.T.);
#17096 = PLANE('',#17097);
#17097 = AXIS2_PLACEMENT_3D('',#17098,#17099,#17100);
#17098 = CARTESIAN_POINT('',(4.475,3.75,0.2));
#17099 = DIRECTION('',(0.,0.,1.));
#17100 = DIRECTION('',(-1.,0.,0.));
#17101 = ADVANCED_FACE('',(#17102),#17143,.T.);
#17102 = FACE_BOUND('',#17103,.T.);
#17103 = EDGE_LOOP('',(#17104,#17114,#17120,#17121,#17122,#17128,#17129,
    #17137));
#17104 = ORIENTED_EDGE('',*,*,#17105,.T.);
#17105 = EDGE_CURVE('',#17106,#17108,#17110,.T.);
#17106 = VERTEX_POINT('',#17107);
#17107 = CARTESIAN_POINT('',(-4.55,6.,-1.0976311298));
#17108 = VERTEX_POINT('',#17109);
#17109 = CARTESIAN_POINT('',(4.55,6.,-1.0976311298));
#17110 = LINE('',#17111,#17112);
#17111 = CARTESIAN_POINT('',(-4.55,6.,-1.0976311298));
#17112 = VECTOR('',#17113,1.);
#17113 = DIRECTION('',(1.,0.,0.));
#17114 = ORIENTED_EDGE('',*,*,#17115,.T.);
#17115 = EDGE_CURVE('',#17108,#17059,#17116,.T.);
#17116 = LINE('',#17117,#17118);
#17117 = CARTESIAN_POINT('',(4.55,6.,-1.0976311298));
#17118 = VECTOR('',#17119,1.);
#17119 = DIRECTION('',(-1.1559526E-10,0.,1.));
#17120 = ORIENTED_EDGE('',*,*,#17058,.F.);
#17121 = ORIENTED_EDGE('',*,*,#17044,.T.);
#17122 = ORIENTED_EDGE('',*,*,#17123,.F.);
#17123 = EDGE_CURVE('',#16778,#17037,#17124,.T.);
#17124 = LINE('',#17125,#17126);
#17125 = CARTESIAN_POINT('',(-5.,6.,-1.6));
#17126 = VECTOR('',#17127,1.);
#17127 = DIRECTION('',(1.,0.,0.));
#17128 = ORIENTED_EDGE('',*,*,#16777,.T.);
#17129 = ORIENTED_EDGE('',*,*,#17130,.F.);
#17130 = EDGE_CURVE('',#17131,#16770,#17133,.T.);
#17131 = VERTEX_POINT('',#17132);
#17132 = CARTESIAN_POINT('',(-4.54999999985,6.,0.2));
#17133 = LINE('',#17134,#17135);
#17134 = CARTESIAN_POINT('',(-4.54999999985,6.,0.2));
#17135 = VECTOR('',#17136,1.);
#17136 = DIRECTION('',(-1.,0.,1.3333332E-09));
#17137 = ORIENTED_EDGE('',*,*,#17138,.T.);
#17138 = EDGE_CURVE('',#17131,#17106,#17139,.T.);
#17139 = LINE('',#17140,#17141);
#17140 = CARTESIAN_POINT('',(-4.54999999985,6.,0.2));
#17141 = VECTOR('',#17142,1.);
#17142 = DIRECTION('',(-1.1559526E-10,0.,-1.));
#17143 = PLANE('',#17144);
#17144 = AXIS2_PLACEMENT_3D('',#17145,#17146,#17147);
#17145 = CARTESIAN_POINT('',(0.,6.,-0.7));
#17146 = DIRECTION('',(0.,1.,0.));
#17147 = DIRECTION('',(0.,0.,-1.));
#17148 = ADVANCED_FACE('',(#17149),#17174,.T.);
#17149 = FACE_BOUND('',#17150,.T.);
#17150 = EDGE_LOOP('',(#17151,#17152,#17160,#17168));
#17151 = ORIENTED_EDGE('',*,*,#17105,.F.);
#17152 = ORIENTED_EDGE('',*,*,#17153,.F.);
#17153 = EDGE_CURVE('',#17154,#17106,#17156,.T.);
#17154 = VERTEX_POINT('',#17155);
#17155 = CARTESIAN_POINT('',(-4.55,1.5,-1.09763113));
#17156 = LINE('',#17157,#17158);
#17157 = CARTESIAN_POINT('',(-4.55,1.5,-1.09763113));
#17158 = VECTOR('',#17159,1.);
#17159 = DIRECTION('',(0.,1.,4.444445E-11));
#17160 = ORIENTED_EDGE('',*,*,#17161,.F.);
#17161 = EDGE_CURVE('',#17162,#17154,#17164,.T.);
#17162 = VERTEX_POINT('',#17163);
#17163 = CARTESIAN_POINT('',(4.55,1.5,-1.09763113));
#17164 = LINE('',#17165,#17166);
#17165 = CARTESIAN_POINT('',(4.55,1.5,-1.09763113));
#17166 = VECTOR('',#17167,1.);
#17167 = DIRECTION('',(-1.,0.,0.));
#17168 = ORIENTED_EDGE('',*,*,#17169,.F.);
#17169 = EDGE_CURVE('',#17108,#17162,#17170,.T.);
#17170 = LINE('',#17171,#17172);
#17171 = CARTESIAN_POINT('',(4.55,6.,-1.0976311298));
#17172 = VECTOR('',#17173,1.);
#17173 = DIRECTION('',(0.,-1.,-4.444445E-11));
#17174 = PLANE('',#17175);
#17175 = AXIS2_PLACEMENT_3D('',#17176,#17177,#17178);
#17176 = CARTESIAN_POINT('',(0.,3.75,-1.09763113));
#17177 = DIRECTION('',(0.,0.,1.));
#17178 = DIRECTION('',(1.,0.,-0.));
#17179 = ADVANCED_FACE('',(#17180),#17207,.F.);
#17180 = FACE_BOUND('',#17181,.T.);
#17181 = EDGE_LOOP('',(#17182,#17192,#17198,#17199,#17200,#17201));
#17182 = ORIENTED_EDGE('',*,*,#17183,.F.);
#17183 = EDGE_CURVE('',#17184,#17186,#17188,.T.);
#17184 = VERTEX_POINT('',#17185);
#17185 = CARTESIAN_POINT('',(4.55,5.000000000333,-0.497631129906));
#17186 = VERTEX_POINT('',#17187);
#17187 = CARTESIAN_POINT('',(4.55,1.5,-0.497631129717));
#17188 = LINE('',#17189,#17190);
#17189 = CARTESIAN_POINT('',(4.55,5.000000000333,-0.497631129906));
#17190 = VECTOR('',#17191,1.);
#17191 = DIRECTION('',(0.,-1.,5.381858E-11));
#17192 = ORIENTED_EDGE('',*,*,#17193,.F.);
#17193 = EDGE_CURVE('',#17067,#17184,#17194,.T.);
#17194 = LINE('',#17195,#17196);
#17195 = CARTESIAN_POINT('',(4.54999999985,5.000000000667,0.2));
#17196 = VECTOR('',#17197,1.);
#17197 = DIRECTION('',(2.1501336E-10,-4.7780746E-10,-1.));
#17198 = ORIENTED_EDGE('',*,*,#17066,.F.);
#17199 = ORIENTED_EDGE('',*,*,#17115,.F.);
#17200 = ORIENTED_EDGE('',*,*,#17169,.T.);
#17201 = ORIENTED_EDGE('',*,*,#17202,.F.);
#17202 = EDGE_CURVE('',#17186,#17162,#17203,.T.);
#17203 = LINE('',#17204,#17205);
#17204 = CARTESIAN_POINT('',(4.55,1.5,-0.497631129717));
#17205 = VECTOR('',#17206,1.);
#17206 = DIRECTION('',(0.,0.,-1.));
#17207 = PLANE('',#17208);
#17208 = AXIS2_PLACEMENT_3D('',#17209,#17210,#17211);
#17209 = CARTESIAN_POINT('',(4.55,3.75,-0.448815565));
#17210 = DIRECTION('',(1.,0.,0.));
#17211 = DIRECTION('',(0.,0.,1.));
#17212 = ADVANCED_FACE('',(#17213),#17238,.F.);
#17213 = FACE_BOUND('',#17214,.T.);
#17214 = EDGE_LOOP('',(#17215,#17223,#17224,#17232));
#17215 = ORIENTED_EDGE('',*,*,#17216,.T.);
#17216 = EDGE_CURVE('',#17217,#17184,#17219,.T.);
#17217 = VERTEX_POINT('',#17218);
#17218 = CARTESIAN_POINT('',(3.95,5.,-0.49763113));
#17219 = LINE('',#17220,#17221);
#17220 = CARTESIAN_POINT('',(3.95,5.,-0.49763113));
#17221 = VECTOR('',#17222,1.);
#17222 = DIRECTION('',(1.,5.555556E-10,1.5701551E-10));
#17223 = ORIENTED_EDGE('',*,*,#17183,.T.);
#17224 = ORIENTED_EDGE('',*,*,#17225,.T.);
#17225 = EDGE_CURVE('',#17186,#17226,#17228,.T.);
#17226 = VERTEX_POINT('',#17227);
#17227 = CARTESIAN_POINT('',(3.95,1.5,-0.497631129812));
#17228 = LINE('',#17229,#17230);
#17229 = CARTESIAN_POINT('',(4.55,1.5,-0.497631129717));
#17230 = VECTOR('',#17231,1.);
#17231 = DIRECTION('',(-1.,0.,-1.5701551E-10));
#17232 = ORIENTED_EDGE('',*,*,#17233,.F.);
#17233 = EDGE_CURVE('',#17217,#17226,#17234,.T.);
#17234 = LINE('',#17235,#17236);
#17235 = CARTESIAN_POINT('',(3.95,5.,-0.49763113));
#17236 = VECTOR('',#17237,1.);
#17237 = DIRECTION('',(0.,-1.,5.381857E-11));
#17238 = PLANE('',#17239);
#17239 = AXIS2_PLACEMENT_3D('',#17240,#17241,#17242);
#17240 = CARTESIAN_POINT('',(4.25,3.25,-0.49763113));
#17241 = DIRECTION('',(0.,0.,1.));
#17242 = DIRECTION('',(0.,-1.,0.));
#17243 = ADVANCED_FACE('',(#17244),#17255,.T.);
#17244 = FACE_BOUND('',#17245,.T.);
#17245 = EDGE_LOOP('',(#17246,#17247,#17248,#17249));
#17246 = ORIENTED_EDGE('',*,*,#17074,.T.);
#17247 = ORIENTED_EDGE('',*,*,#17193,.T.);
#17248 = ORIENTED_EDGE('',*,*,#17216,.F.);
#17249 = ORIENTED_EDGE('',*,*,#17250,.F.);
#17250 = EDGE_CURVE('',#17075,#17217,#17251,.T.);
#17251 = LINE('',#17252,#17253);
#17252 = CARTESIAN_POINT('',(3.95,5.000000000333,0.2));
#17253 = VECTOR('',#17254,1.);
#17254 = DIRECTION('',(0.,-4.7780746E-10,-1.));
#17255 = PLANE('',#17256);
#17256 = AXIS2_PLACEMENT_3D('',#17257,#17258,#17259);
#17257 = CARTESIAN_POINT('',(4.25,5.,-0.148815565));
#17258 = DIRECTION('',(0.,1.,0.));
#17259 = DIRECTION('',(0.,0.,-1.));
#17260 = ADVANCED_FACE('',(#17261),#17272,.F.);
#17261 = FACE_BOUND('',#17262,.T.);
#17262 = EDGE_LOOP('',(#17263,#17269,#17270,#17271));
#17263 = ORIENTED_EDGE('',*,*,#17264,.T.);
#17264 = EDGE_CURVE('',#17226,#17083,#17265,.T.);
#17265 = LINE('',#17266,#17267);
#17266 = CARTESIAN_POINT('',(3.95,1.5,-0.497631129812));
#17267 = VECTOR('',#17268,1.);
#17268 = DIRECTION('',(0.,0.,1.));
#17269 = ORIENTED_EDGE('',*,*,#17082,.T.);
#17270 = ORIENTED_EDGE('',*,*,#17250,.T.);
#17271 = ORIENTED_EDGE('',*,*,#17233,.T.);
#17272 = PLANE('',#17273);
#17273 = AXIS2_PLACEMENT_3D('',#17274,#17275,#17276);
#17274 = CARTESIAN_POINT('',(3.95,3.25,-0.148815565));
#17275 = DIRECTION('',(1.,0.,0.));
#17276 = DIRECTION('',(0.,0.,-1.));
#17277 = ADVANCED_FACE('',(#17278,#17322,#17356,#17390),#17424,.T.);
#17278 = FACE_BOUND('',#17279,.T.);
#17279 = EDGE_LOOP('',(#17280,#17290,#17298,#17304,#17305,#17306,#17307,
    #17308,#17309,#17310,#17311,#17312,#17313,#17314,#17315,#17316));
#17280 = ORIENTED_EDGE('',*,*,#17281,.T.);
#17281 = EDGE_CURVE('',#17282,#17284,#17286,.T.);
#17282 = VERTEX_POINT('',#17283);
#17283 = CARTESIAN_POINT('',(-4.55,1.5,-0.497631129717));
#17284 = VERTEX_POINT('',#17285);
#17285 = CARTESIAN_POINT('',(-3.95,1.5,-0.497631129812));
#17286 = LINE('',#17287,#17288);
#17287 = CARTESIAN_POINT('',(-4.55,1.5,-0.497631129717));
#17288 = VECTOR('',#17289,1.);
#17289 = DIRECTION('',(1.,0.,-1.5701551E-10));
#17290 = ORIENTED_EDGE('',*,*,#17291,.F.);
#17291 = EDGE_CURVE('',#17292,#17284,#17294,.T.);
#17292 = VERTEX_POINT('',#17293);
#17293 = CARTESIAN_POINT('',(-3.95,1.5,0.199999999738));
#17294 = LINE('',#17295,#17296);
#17295 = CARTESIAN_POINT('',(-3.95,1.5,0.199999999738));
#17296 = VECTOR('',#17297,1.);
#17297 = DIRECTION('',(0.,0.,-1.));
#17298 = ORIENTED_EDGE('',*,*,#17299,.F.);
#17299 = EDGE_CURVE('',#16762,#17292,#17300,.T.);
#17300 = LINE('',#17301,#17302);
#17301 = CARTESIAN_POINT('',(-5.,1.5,0.200000000338));
#17302 = VECTOR('',#17303,1.);
#17303 = DIRECTION('',(1.,0.,-5.7142851E-10));
#17304 = ORIENTED_EDGE('',*,*,#16761,.T.);
#17305 = ORIENTED_EDGE('',*,*,#16731,.T.);
#17306 = ORIENTED_EDGE('',*,*,#16700,.T.);
#17307 = ORIENTED_EDGE('',*,*,#16833,.F.);
#17308 = ORIENTED_EDGE('',*,*,#16905,.T.);
#17309 = ORIENTED_EDGE('',*,*,#16951,.F.);
#17310 = ORIENTED_EDGE('',*,*,#17017,.T.);
#17311 = ORIENTED_EDGE('',*,*,#17090,.F.);
#17312 = ORIENTED_EDGE('',*,*,#17264,.F.);
#17313 = ORIENTED_EDGE('',*,*,#17225,.F.);
#17314 = ORIENTED_EDGE('',*,*,#17202,.T.);
#17315 = ORIENTED_EDGE('',*,*,#17161,.T.);
#17316 = ORIENTED_EDGE('',*,*,#17317,.T.);
#17317 = EDGE_CURVE('',#17154,#17282,#17318,.T.);
#17318 = LINE('',#17319,#17320);
#17319 = CARTESIAN_POINT('',(-4.55,1.5,-1.09763113));
#17320 = VECTOR('',#17321,1.);
#17321 = DIRECTION('',(0.,0.,1.));
#17322 = FACE_BOUND('',#17323,.T.);
#17323 = EDGE_LOOP('',(#17324,#17334,#17342,#17350));
#17324 = ORIENTED_EDGE('',*,*,#17325,.T.);
#17325 = EDGE_CURVE('',#17326,#17328,#17330,.T.);
#17326 = VERTEX_POINT('',#17327);
#17327 = CARTESIAN_POINT('',(2.82,1.5,-0.320000000351));
#17328 = VERTEX_POINT('',#17329);
#17329 = CARTESIAN_POINT('',(2.82,1.5,0.320000000436));
#17330 = LINE('',#17331,#17332);
#17331 = CARTESIAN_POINT('',(2.82,1.5,-0.320000000351));
#17332 = VECTOR('',#17333,1.);
#17333 = DIRECTION('',(0.,0.,1.));
#17334 = ORIENTED_EDGE('',*,*,#17335,.T.);
#17335 = EDGE_CURVE('',#17328,#17336,#17338,.T.);
#17336 = VERTEX_POINT('',#17337);
#17337 = CARTESIAN_POINT('',(2.18,1.5,0.320000000436));
#17338 = LINE('',#17339,#17340);
#17339 = CARTESIAN_POINT('',(2.82,1.5,0.320000000436));
#17340 = VECTOR('',#17341,1.);
#17341 = DIRECTION('',(-1.,0.,0.));
#17342 = ORIENTED_EDGE('',*,*,#17343,.T.);
#17343 = EDGE_CURVE('',#17336,#17344,#17346,.T.);
#17344 = VERTEX_POINT('',#17345);
#17345 = CARTESIAN_POINT('',(2.18,1.5,-0.320000000351));
#17346 = LINE('',#17347,#17348);
#17347 = CARTESIAN_POINT('',(2.18,1.5,0.320000000436));
#17348 = VECTOR('',#17349,1.);
#17349 = DIRECTION('',(0.,0.,-1.));
#17350 = ORIENTED_EDGE('',*,*,#17351,.T.);
#17351 = EDGE_CURVE('',#17344,#17326,#17352,.T.);
#17352 = LINE('',#17353,#17354);
#17353 = CARTESIAN_POINT('',(2.18,1.5,-0.320000000351));
#17354 = VECTOR('',#17355,1.);
#17355 = DIRECTION('',(1.,0.,0.));
#17356 = FACE_BOUND('',#17357,.T.);
#17357 = EDGE_LOOP('',(#17358,#17368,#17376,#17384));
#17358 = ORIENTED_EDGE('',*,*,#17359,.T.);
#17359 = EDGE_CURVE('',#17360,#17362,#17364,.T.);
#17360 = VERTEX_POINT('',#17361);
#17361 = CARTESIAN_POINT('',(0.32,1.5,-0.320000000351));
#17362 = VERTEX_POINT('',#17363);
#17363 = CARTESIAN_POINT('',(0.32,1.5,0.320000000436));
#17364 = LINE('',#17365,#17366);
#17365 = CARTESIAN_POINT('',(0.32,1.5,-0.320000000351));
#17366 = VECTOR('',#17367,1.);
#17367 = DIRECTION('',(0.,0.,1.));
#17368 = ORIENTED_EDGE('',*,*,#17369,.T.);
#17369 = EDGE_CURVE('',#17362,#17370,#17372,.T.);
#17370 = VERTEX_POINT('',#17371);
#17371 = CARTESIAN_POINT('',(-0.32,1.5,0.320000000436));
#17372 = LINE('',#17373,#17374);
#17373 = CARTESIAN_POINT('',(0.32,1.5,0.320000000436));
#17374 = VECTOR('',#17375,1.);
#17375 = DIRECTION('',(-1.,0.,0.));
#17376 = ORIENTED_EDGE('',*,*,#17377,.T.);
#17377 = EDGE_CURVE('',#17370,#17378,#17380,.T.);
#17378 = VERTEX_POINT('',#17379);
#17379 = CARTESIAN_POINT('',(-0.32,1.5,-0.320000000351));
#17380 = LINE('',#17381,#17382);
#17381 = CARTESIAN_POINT('',(-0.32,1.5,0.320000000436));
#17382 = VECTOR('',#17383,1.);
#17383 = DIRECTION('',(0.,0.,-1.));
#17384 = ORIENTED_EDGE('',*,*,#17385,.T.);
#17385 = EDGE_CURVE('',#17378,#17360,#17386,.T.);
#17386 = LINE('',#17387,#17388);
#17387 = CARTESIAN_POINT('',(-0.32,1.5,-0.320000000351));
#17388 = VECTOR('',#17389,1.);
#17389 = DIRECTION('',(1.,0.,0.));
#17390 = FACE_BOUND('',#17391,.T.);
#17391 = EDGE_LOOP('',(#17392,#17402,#17410,#17418));
#17392 = ORIENTED_EDGE('',*,*,#17393,.T.);
#17393 = EDGE_CURVE('',#17394,#17396,#17398,.T.);
#17394 = VERTEX_POINT('',#17395);
#17395 = CARTESIAN_POINT('',(-2.18,1.5,-0.320000000351));
#17396 = VERTEX_POINT('',#17397);
#17397 = CARTESIAN_POINT('',(-2.18,1.5,0.320000000436));
#17398 = LINE('',#17399,#17400);
#17399 = CARTESIAN_POINT('',(-2.18,1.5,-0.320000000351));
#17400 = VECTOR('',#17401,1.);
#17401 = DIRECTION('',(0.,0.,1.));
#17402 = ORIENTED_EDGE('',*,*,#17403,.T.);
#17403 = EDGE_CURVE('',#17396,#17404,#17406,.T.);
#17404 = VERTEX_POINT('',#17405);
#17405 = CARTESIAN_POINT('',(-2.82,1.5,0.320000000436));
#17406 = LINE('',#17407,#17408);
#17407 = CARTESIAN_POINT('',(-2.18,1.5,0.320000000436));
#17408 = VECTOR('',#17409,1.);
#17409 = DIRECTION('',(-1.,0.,0.));
#17410 = ORIENTED_EDGE('',*,*,#17411,.T.);
#17411 = EDGE_CURVE('',#17404,#17412,#17414,.T.);
#17412 = VERTEX_POINT('',#17413);
#17413 = CARTESIAN_POINT('',(-2.82,1.5,-0.320000000351));
#17414 = LINE('',#17415,#17416);
#17415 = CARTESIAN_POINT('',(-2.82,1.5,0.320000000436));
#17416 = VECTOR('',#17417,1.);
#17417 = DIRECTION('',(0.,0.,-1.));
#17418 = ORIENTED_EDGE('',*,*,#17419,.T.);
#17419 = EDGE_CURVE('',#17412,#17394,#17420,.T.);
#17420 = LINE('',#17421,#17422);
#17421 = CARTESIAN_POINT('',(-2.82,1.5,-0.320000000351));
#17422 = VECTOR('',#17423,1.);
#17423 = DIRECTION('',(1.,0.,0.));
#17424 = PLANE('',#17425);
#17425 = AXIS2_PLACEMENT_3D('',#17426,#17427,#17428);
#17426 = CARTESIAN_POINT('',(0.,1.5,0.551184435));
#17427 = DIRECTION('',(0.,1.,0.));
#17428 = DIRECTION('',(0.,0.,-1.));
#17429 = ADVANCED_FACE('',(#17430),#17455,.F.);
#17430 = FACE_BOUND('',#17431,.T.);
#17431 = EDGE_LOOP('',(#17432,#17440,#17448,#17454));
#17432 = ORIENTED_EDGE('',*,*,#17433,.F.);
#17433 = EDGE_CURVE('',#17434,#17282,#17436,.T.);
#17434 = VERTEX_POINT('',#17435);
#17435 = CARTESIAN_POINT('',(-4.55,5.000000000333,-0.497631129906));
#17436 = LINE('',#17437,#17438);
#17437 = CARTESIAN_POINT('',(-4.55,5.000000000333,-0.497631129906));
#17438 = VECTOR('',#17439,1.);
#17439 = DIRECTION('',(0.,-1.,5.381854E-11));
#17440 = ORIENTED_EDGE('',*,*,#17441,.T.);
#17441 = EDGE_CURVE('',#17434,#17442,#17444,.T.);
#17442 = VERTEX_POINT('',#17443);
#17443 = CARTESIAN_POINT('',(-3.95,5.,-0.49763113));
#17444 = LINE('',#17445,#17446);
#17445 = CARTESIAN_POINT('',(-4.55,5.000000000333,-0.497631129906));
#17446 = VECTOR('',#17447,1.);
#17447 = DIRECTION('',(1.,-5.555556E-10,-1.5701551E-10));
#17448 = ORIENTED_EDGE('',*,*,#17449,.F.);
#17449 = EDGE_CURVE('',#17284,#17442,#17450,.T.);
#17450 = LINE('',#17451,#17452);
#17451 = CARTESIAN_POINT('',(-3.95,1.5,-0.497631129812));
#17452 = VECTOR('',#17453,1.);
#17453 = DIRECTION('',(0.,1.,-5.38186E-11));
#17454 = ORIENTED_EDGE('',*,*,#17281,.F.);
#17455 = PLANE('',#17456);
#17456 = AXIS2_PLACEMENT_3D('',#17457,#17458,#17459);
#17457 = CARTESIAN_POINT('',(-4.25,3.25,-0.49763113));
#17458 = DIRECTION('',(0.,0.,1.));
#17459 = DIRECTION('',(0.,1.,0.));
#17460 = ADVANCED_FACE('',(#17461),#17481,.T.);
#17461 = FACE_BOUND('',#17462,.T.);
#17462 = EDGE_LOOP('',(#17463,#17464,#17465,#17466,#17467,#17475));
#17463 = ORIENTED_EDGE('',*,*,#17433,.T.);
#17464 = ORIENTED_EDGE('',*,*,#17317,.F.);
#17465 = ORIENTED_EDGE('',*,*,#17153,.T.);
#17466 = ORIENTED_EDGE('',*,*,#17138,.F.);
#17467 = ORIENTED_EDGE('',*,*,#17468,.F.);
#17468 = EDGE_CURVE('',#17469,#17131,#17471,.T.);
#17469 = VERTEX_POINT('',#17470);
#17470 = CARTESIAN_POINT('',(-4.54999999985,5.000000000667,0.2));
#17471 = LINE('',#17472,#17473);
#17472 = CARTESIAN_POINT('',(-4.54999999985,5.000000000667,0.2));
#17473 = VECTOR('',#17474,1.);
#17474 = DIRECTION('',(0.,1.,0.));
#17475 = ORIENTED_EDGE('',*,*,#17476,.T.);
#17476 = EDGE_CURVE('',#17469,#17434,#17477,.T.);
#17477 = LINE('',#17478,#17479);
#17478 = CARTESIAN_POINT('',(-4.54999999985,5.000000000667,0.2));
#17479 = VECTOR('',#17480,1.);
#17480 = DIRECTION('',(-2.1501336E-10,-4.7780746E-10,-1.));
#17481 = PLANE('',#17482);
#17482 = AXIS2_PLACEMENT_3D('',#17483,#17484,#17485);
#17483 = CARTESIAN_POINT('',(-4.55,3.75,-0.448815565));
#17484 = DIRECTION('',(1.,0.,0.));
#17485 = DIRECTION('',(0.,0.,-1.));
#17486 = ADVANCED_FACE('',(#17487),#17505,.T.);
#17487 = FACE_BOUND('',#17488,.T.);
#17488 = EDGE_LOOP('',(#17489,#17490,#17498,#17504));
#17489 = ORIENTED_EDGE('',*,*,#17476,.F.);
#17490 = ORIENTED_EDGE('',*,*,#17491,.F.);
#17491 = EDGE_CURVE('',#17492,#17469,#17494,.T.);
#17492 = VERTEX_POINT('',#17493);
#17493 = CARTESIAN_POINT('',(-3.95,5.000000000333,0.2));
#17494 = LINE('',#17495,#17496);
#17495 = CARTESIAN_POINT('',(-3.95,5.000000000333,0.2));
#17496 = VECTOR('',#17497,1.);
#17497 = DIRECTION('',(-1.,5.555556E-10,0.));
#17498 = ORIENTED_EDGE('',*,*,#17499,.F.);
#17499 = EDGE_CURVE('',#17442,#17492,#17500,.T.);
#17500 = LINE('',#17501,#17502);
#17501 = CARTESIAN_POINT('',(-3.95,5.,-0.49763113));
#17502 = VECTOR('',#17503,1.);
#17503 = DIRECTION('',(0.,4.7780746E-10,1.));
#17504 = ORIENTED_EDGE('',*,*,#17441,.F.);
#17505 = PLANE('',#17506);
#17506 = AXIS2_PLACEMENT_3D('',#17507,#17508,#17509);
#17507 = CARTESIAN_POINT('',(-4.25,5.,-0.148815565));
#17508 = DIRECTION('',(0.,1.,0.));
#17509 = DIRECTION('',(0.,-0.,1.));
#17510 = ADVANCED_FACE('',(#17511),#17522,.T.);
#17511 = FACE_BOUND('',#17512,.T.);
#17512 = EDGE_LOOP('',(#17513,#17514,#17520,#17521));
#17513 = ORIENTED_EDGE('',*,*,#17499,.T.);
#17514 = ORIENTED_EDGE('',*,*,#17515,.T.);
#17515 = EDGE_CURVE('',#17492,#17292,#17516,.T.);
#17516 = LINE('',#17517,#17518);
#17517 = CARTESIAN_POINT('',(-3.95,5.000000000333,0.2));
#17518 = VECTOR('',#17519,1.);
#17519 = DIRECTION('',(0.,-1.,-7.470852E-11));
#17520 = ORIENTED_EDGE('',*,*,#17291,.T.);
#17521 = ORIENTED_EDGE('',*,*,#17449,.T.);
#17522 = PLANE('',#17523);
#17523 = AXIS2_PLACEMENT_3D('',#17524,#17525,#17526);
#17524 = CARTESIAN_POINT('',(-3.95,3.25,-0.148815565));
#17525 = DIRECTION('',(1.,0.,0.));
#17526 = DIRECTION('',(0.,0.,-1.));
#17527 = ADVANCED_FACE('',(#17528),#17536,.T.);
#17528 = FACE_BOUND('',#17529,.T.);
#17529 = EDGE_LOOP('',(#17530,#17531,#17532,#17533,#17534,#17535));
#17530 = ORIENTED_EDGE('',*,*,#17491,.T.);
#17531 = ORIENTED_EDGE('',*,*,#17468,.T.);
#17532 = ORIENTED_EDGE('',*,*,#17130,.T.);
#17533 = ORIENTED_EDGE('',*,*,#16769,.T.);
#17534 = ORIENTED_EDGE('',*,*,#17299,.T.);
#17535 = ORIENTED_EDGE('',*,*,#17515,.F.);
#17536 = PLANE('',#17537);
#17537 = AXIS2_PLACEMENT_3D('',#17538,#17539,#17540);
#17538 = CARTESIAN_POINT('',(-4.475,3.75,0.2));
#17539 = DIRECTION('',(0.,0.,1.));
#17540 = DIRECTION('',(-1.,0.,0.));
#17541 = ADVANCED_FACE('',(#17542),#17567,.T.);
#17542 = FACE_BOUND('',#17543,.T.);
#17543 = EDGE_LOOP('',(#17544,#17545,#17553,#17561));
#17544 = ORIENTED_EDGE('',*,*,#17325,.F.);
#17545 = ORIENTED_EDGE('',*,*,#17546,.T.);
#17546 = EDGE_CURVE('',#17326,#17547,#17549,.T.);
#17547 = VERTEX_POINT('',#17548);
#17548 = CARTESIAN_POINT('',(2.82,5.5,-0.32));
#17549 = LINE('',#17550,#17551);
#17550 = CARTESIAN_POINT('',(2.82,1.5,-0.320000000351));
#17551 = VECTOR('',#17552,1.);
#17552 = DIRECTION('',(0.,1.,8.786218E-11));
#17553 = ORIENTED_EDGE('',*,*,#17554,.F.);
#17554 = EDGE_CURVE('',#17555,#17547,#17557,.T.);
#17555 = VERTEX_POINT('',#17556);
#17556 = CARTESIAN_POINT('',(2.82,5.5,0.32));
#17557 = LINE('',#17558,#17559);
#17558 = CARTESIAN_POINT('',(2.82,5.5,0.32));
#17559 = VECTOR('',#17560,1.);
#17560 = DIRECTION('',(0.,0.,-1.));
#17561 = ORIENTED_EDGE('',*,*,#17562,.F.);
#17562 = EDGE_CURVE('',#17328,#17555,#17563,.T.);
#17563 = LINE('',#17564,#17565);
#17564 = CARTESIAN_POINT('',(2.82,1.5,0.320000000436));
#17565 = VECTOR('',#17566,1.);
#17566 = DIRECTION('',(0.,1.,-1.0892987E-10));
#17567 = PLANE('',#17568);
#17568 = AXIS2_PLACEMENT_3D('',#17569,#17570,#17571);
#17569 = CARTESIAN_POINT('',(2.82,3.5,0.));
#17570 = DIRECTION('',(1.,0.,0.));
#17571 = DIRECTION('',(0.,0.,-1.));
#17572 = ADVANCED_FACE('',(#17573),#17591,.T.);
#17573 = FACE_BOUND('',#17574,.T.);
#17574 = EDGE_LOOP('',(#17575,#17576,#17577,#17585));
#17575 = ORIENTED_EDGE('',*,*,#17335,.F.);
#17576 = ORIENTED_EDGE('',*,*,#17562,.T.);
#17577 = ORIENTED_EDGE('',*,*,#17578,.F.);
#17578 = EDGE_CURVE('',#17579,#17555,#17581,.T.);
#17579 = VERTEX_POINT('',#17580);
#17580 = CARTESIAN_POINT('',(2.18,5.5,0.32));
#17581 = LINE('',#17582,#17583);
#17582 = CARTESIAN_POINT('',(2.18,5.5,0.32));
#17583 = VECTOR('',#17584,1.);
#17584 = DIRECTION('',(1.,0.,0.));
#17585 = ORIENTED_EDGE('',*,*,#17586,.F.);
#17586 = EDGE_CURVE('',#17336,#17579,#17587,.T.);
#17587 = LINE('',#17588,#17589);
#17588 = CARTESIAN_POINT('',(2.18,1.5,0.320000000436));
#17589 = VECTOR('',#17590,1.);
#17590 = DIRECTION('',(0.,1.,-1.0892987E-10));
#17591 = PLANE('',#17592);
#17592 = AXIS2_PLACEMENT_3D('',#17593,#17594,#17595);
#17593 = CARTESIAN_POINT('',(2.5,3.5,0.32));
#17594 = DIRECTION('',(0.,0.,1.));
#17595 = DIRECTION('',(1.,0.,-0.));
#17596 = ADVANCED_FACE('',(#17597),#17615,.F.);
#17597 = FACE_BOUND('',#17598,.T.);
#17598 = EDGE_LOOP('',(#17599,#17600,#17601,#17609));
#17599 = ORIENTED_EDGE('',*,*,#17343,.F.);
#17600 = ORIENTED_EDGE('',*,*,#17586,.T.);
#17601 = ORIENTED_EDGE('',*,*,#17602,.F.);
#17602 = EDGE_CURVE('',#17603,#17579,#17605,.T.);
#17603 = VERTEX_POINT('',#17604);
#17604 = CARTESIAN_POINT('',(2.18,5.5,-0.32));
#17605 = LINE('',#17606,#17607);
#17606 = CARTESIAN_POINT('',(2.18,5.5,-0.32));
#17607 = VECTOR('',#17608,1.);
#17608 = DIRECTION('',(0.,0.,1.));
#17609 = ORIENTED_EDGE('',*,*,#17610,.T.);
#17610 = EDGE_CURVE('',#17603,#17344,#17611,.T.);
#17611 = LINE('',#17612,#17613);
#17612 = CARTESIAN_POINT('',(2.18,5.5,-0.32));
#17613 = VECTOR('',#17614,1.);
#17614 = DIRECTION('',(0.,-1.,-8.786218E-11));
#17615 = PLANE('',#17616);
#17616 = AXIS2_PLACEMENT_3D('',#17617,#17618,#17619);
#17617 = CARTESIAN_POINT('',(2.18,3.5,0.));
#17618 = DIRECTION('',(1.,0.,0.));
#17619 = DIRECTION('',(0.,0.,1.));
#17620 = ADVANCED_FACE('',(#17621),#17632,.F.);
#17621 = FACE_BOUND('',#17622,.T.);
#17622 = EDGE_LOOP('',(#17623,#17624,#17625,#17631));
#17623 = ORIENTED_EDGE('',*,*,#17351,.F.);
#17624 = ORIENTED_EDGE('',*,*,#17610,.F.);
#17625 = ORIENTED_EDGE('',*,*,#17626,.F.);
#17626 = EDGE_CURVE('',#17547,#17603,#17627,.T.);
#17627 = LINE('',#17628,#17629);
#17628 = CARTESIAN_POINT('',(2.82,5.5,-0.32));
#17629 = VECTOR('',#17630,1.);
#17630 = DIRECTION('',(-1.,0.,0.));
#17631 = ORIENTED_EDGE('',*,*,#17546,.F.);
#17632 = PLANE('',#17633);
#17633 = AXIS2_PLACEMENT_3D('',#17634,#17635,#17636);
#17634 = CARTESIAN_POINT('',(2.5,3.5,-0.32));
#17635 = DIRECTION('',(0.,0.,1.));
#17636 = DIRECTION('',(-1.,0.,0.));
#17637 = ADVANCED_FACE('',(#17638),#17644,.T.);
#17638 = FACE_BOUND('',#17639,.T.);
#17639 = EDGE_LOOP('',(#17640,#17641,#17642,#17643));
#17640 = ORIENTED_EDGE('',*,*,#17626,.T.);
#17641 = ORIENTED_EDGE('',*,*,#17602,.T.);
#17642 = ORIENTED_EDGE('',*,*,#17578,.T.);
#17643 = ORIENTED_EDGE('',*,*,#17554,.T.);
#17644 = PLANE('',#17645);
#17645 = AXIS2_PLACEMENT_3D('',#17646,#17647,#17648);
#17646 = CARTESIAN_POINT('',(2.5,5.5,0.));
#17647 = DIRECTION('',(0.,1.,0.));
#17648 = DIRECTION('',(0.,0.,-1.));
#17649 = ADVANCED_FACE('',(#17650),#17675,.T.);
#17650 = FACE_BOUND('',#17651,.T.);
#17651 = EDGE_LOOP('',(#17652,#17653,#17661,#17669));
#17652 = ORIENTED_EDGE('',*,*,#17359,.F.);
#17653 = ORIENTED_EDGE('',*,*,#17654,.T.);
#17654 = EDGE_CURVE('',#17360,#17655,#17657,.T.);
#17655 = VERTEX_POINT('',#17656);
#17656 = CARTESIAN_POINT('',(0.32,5.5,-0.32));
#17657 = LINE('',#17658,#17659);
#17658 = CARTESIAN_POINT('',(0.32,1.5,-0.320000000351));
#17659 = VECTOR('',#17660,1.);
#17660 = DIRECTION('',(0.,1.,8.786216E-11));
#17661 = ORIENTED_EDGE('',*,*,#17662,.F.);
#17662 = EDGE_CURVE('',#17663,#17655,#17665,.T.);
#17663 = VERTEX_POINT('',#17664);
#17664 = CARTESIAN_POINT('',(0.32,5.5,0.32));
#17665 = LINE('',#17666,#17667);
#17666 = CARTESIAN_POINT('',(0.32,5.5,0.32));
#17667 = VECTOR('',#17668,1.);
#17668 = DIRECTION('',(0.,0.,-1.));
#17669 = ORIENTED_EDGE('',*,*,#17670,.F.);
#17670 = EDGE_CURVE('',#17362,#17663,#17671,.T.);
#17671 = LINE('',#17672,#17673);
#17672 = CARTESIAN_POINT('',(0.32,1.5,0.320000000436));
#17673 = VECTOR('',#17674,1.);
#17674 = DIRECTION('',(0.,1.,-1.0892987E-10));
#17675 = PLANE('',#17676);
#17676 = AXIS2_PLACEMENT_3D('',#17677,#17678,#17679);
#17677 = CARTESIAN_POINT('',(0.32,3.5,0.));
#17678 = DIRECTION('',(1.,0.,0.));
#17679 = DIRECTION('',(0.,0.,-1.));
#17680 = ADVANCED_FACE('',(#17681),#17699,.T.);
#17681 = FACE_BOUND('',#17682,.T.);
#17682 = EDGE_LOOP('',(#17683,#17684,#17685,#17693));
#17683 = ORIENTED_EDGE('',*,*,#17369,.F.);
#17684 = ORIENTED_EDGE('',*,*,#17670,.T.);
#17685 = ORIENTED_EDGE('',*,*,#17686,.F.);
#17686 = EDGE_CURVE('',#17687,#17663,#17689,.T.);
#17687 = VERTEX_POINT('',#17688);
#17688 = CARTESIAN_POINT('',(-0.32,5.5,0.32));
#17689 = LINE('',#17690,#17691);
#17690 = CARTESIAN_POINT('',(-0.32,5.5,0.32));
#17691 = VECTOR('',#17692,1.);
#17692 = DIRECTION('',(1.,0.,0.));
#17693 = ORIENTED_EDGE('',*,*,#17694,.F.);
#17694 = EDGE_CURVE('',#17370,#17687,#17695,.T.);
#17695 = LINE('',#17696,#17697);
#17696 = CARTESIAN_POINT('',(-0.32,1.5,0.320000000436));
#17697 = VECTOR('',#17698,1.);
#17698 = DIRECTION('',(0.,1.,-1.0892987E-10));
#17699 = PLANE('',#17700);
#17700 = AXIS2_PLACEMENT_3D('',#17701,#17702,#17703);
#17701 = CARTESIAN_POINT('',(0.,3.5,0.32));
#17702 = DIRECTION('',(0.,0.,1.));
#17703 = DIRECTION('',(1.,0.,-0.));
#17704 = ADVANCED_FACE('',(#17705),#17723,.F.);
#17705 = FACE_BOUND('',#17706,.T.);
#17706 = EDGE_LOOP('',(#17707,#17708,#17709,#17717));
#17707 = ORIENTED_EDGE('',*,*,#17377,.F.);
#17708 = ORIENTED_EDGE('',*,*,#17694,.T.);
#17709 = ORIENTED_EDGE('',*,*,#17710,.F.);
#17710 = EDGE_CURVE('',#17711,#17687,#17713,.T.);
#17711 = VERTEX_POINT('',#17712);
#17712 = CARTESIAN_POINT('',(-0.32,5.5,-0.32));
#17713 = LINE('',#17714,#17715);
#17714 = CARTESIAN_POINT('',(-0.32,5.5,-0.32));
#17715 = VECTOR('',#17716,1.);
#17716 = DIRECTION('',(0.,0.,1.));
#17717 = ORIENTED_EDGE('',*,*,#17718,.T.);
#17718 = EDGE_CURVE('',#17711,#17378,#17719,.T.);
#17719 = LINE('',#17720,#17721);
#17720 = CARTESIAN_POINT('',(-0.32,5.5,-0.32));
#17721 = VECTOR('',#17722,1.);
#17722 = DIRECTION('',(0.,-1.,-8.786216E-11));
#17723 = PLANE('',#17724);
#17724 = AXIS2_PLACEMENT_3D('',#17725,#17726,#17727);
#17725 = CARTESIAN_POINT('',(-0.32,3.5,0.));
#17726 = DIRECTION('',(1.,0.,0.));
#17727 = DIRECTION('',(0.,0.,1.));
#17728 = ADVANCED_FACE('',(#17729),#17740,.F.);
#17729 = FACE_BOUND('',#17730,.T.);
#17730 = EDGE_LOOP('',(#17731,#17732,#17733,#17739));
#17731 = ORIENTED_EDGE('',*,*,#17385,.F.);
#17732 = ORIENTED_EDGE('',*,*,#17718,.F.);
#17733 = ORIENTED_EDGE('',*,*,#17734,.F.);
#17734 = EDGE_CURVE('',#17655,#17711,#17735,.T.);
#17735 = LINE('',#17736,#17737);
#17736 = CARTESIAN_POINT('',(0.32,5.5,-0.32));
#17737 = VECTOR('',#17738,1.);
#17738 = DIRECTION('',(-1.,0.,0.));
#17739 = ORIENTED_EDGE('',*,*,#17654,.F.);
#17740 = PLANE('',#17741);
#17741 = AXIS2_PLACEMENT_3D('',#17742,#17743,#17744);
#17742 = CARTESIAN_POINT('',(0.,3.5,-0.32));
#17743 = DIRECTION('',(0.,0.,1.));
#17744 = DIRECTION('',(-1.,0.,0.));
#17745 = ADVANCED_FACE('',(#17746),#17752,.T.);
#17746 = FACE_BOUND('',#17747,.T.);
#17747 = EDGE_LOOP('',(#17748,#17749,#17750,#17751));
#17748 = ORIENTED_EDGE('',*,*,#17734,.T.);
#17749 = ORIENTED_EDGE('',*,*,#17710,.T.);
#17750 = ORIENTED_EDGE('',*,*,#17686,.T.);
#17751 = ORIENTED_EDGE('',*,*,#17662,.T.);
#17752 = PLANE('',#17753);
#17753 = AXIS2_PLACEMENT_3D('',#17754,#17755,#17756);
#17754 = CARTESIAN_POINT('',(0.,5.5,0.));
#17755 = DIRECTION('',(0.,1.,0.));
#17756 = DIRECTION('',(0.,0.,-1.));
#17757 = ADVANCED_FACE('',(#17758),#17783,.T.);
#17758 = FACE_BOUND('',#17759,.T.);
#17759 = EDGE_LOOP('',(#17760,#17761,#17769,#17777));
#17760 = ORIENTED_EDGE('',*,*,#17393,.F.);
#17761 = ORIENTED_EDGE('',*,*,#17762,.T.);
#17762 = EDGE_CURVE('',#17394,#17763,#17765,.T.);
#17763 = VERTEX_POINT('',#17764);
#17764 = CARTESIAN_POINT('',(-2.18,5.5,-0.32));
#17765 = LINE('',#17766,#17767);
#17766 = CARTESIAN_POINT('',(-2.18,1.5,-0.320000000351));
#17767 = VECTOR('',#17768,1.);
#17768 = DIRECTION('',(0.,1.,8.786218E-11));
#17769 = ORIENTED_EDGE('',*,*,#17770,.F.);
#17770 = EDGE_CURVE('',#17771,#17763,#17773,.T.);
#17771 = VERTEX_POINT('',#17772);
#17772 = CARTESIAN_POINT('',(-2.18,5.5,0.32));
#17773 = LINE('',#17774,#17775);
#17774 = CARTESIAN_POINT('',(-2.18,5.5,0.32));
#17775 = VECTOR('',#17776,1.);
#17776 = DIRECTION('',(0.,0.,-1.));
#17777 = ORIENTED_EDGE('',*,*,#17778,.F.);
#17778 = EDGE_CURVE('',#17396,#17771,#17779,.T.);
#17779 = LINE('',#17780,#17781);
#17780 = CARTESIAN_POINT('',(-2.18,1.5,0.320000000436));
#17781 = VECTOR('',#17782,1.);
#17782 = DIRECTION('',(0.,1.,-1.0892987E-10));
#17783 = PLANE('',#17784);
#17784 = AXIS2_PLACEMENT_3D('',#17785,#17786,#17787);
#17785 = CARTESIAN_POINT('',(-2.18,3.5,0.));
#17786 = DIRECTION('',(1.,0.,0.));
#17787 = DIRECTION('',(0.,0.,-1.));
#17788 = ADVANCED_FACE('',(#17789),#17807,.T.);
#17789 = FACE_BOUND('',#17790,.T.);
#17790 = EDGE_LOOP('',(#17791,#17792,#17793,#17801));
#17791 = ORIENTED_EDGE('',*,*,#17403,.F.);
#17792 = ORIENTED_EDGE('',*,*,#17778,.T.);
#17793 = ORIENTED_EDGE('',*,*,#17794,.F.);
#17794 = EDGE_CURVE('',#17795,#17771,#17797,.T.);
#17795 = VERTEX_POINT('',#17796);
#17796 = CARTESIAN_POINT('',(-2.82,5.5,0.32));
#17797 = LINE('',#17798,#17799);
#17798 = CARTESIAN_POINT('',(-2.82,5.5,0.32));
#17799 = VECTOR('',#17800,1.);
#17800 = DIRECTION('',(1.,0.,0.));
#17801 = ORIENTED_EDGE('',*,*,#17802,.F.);
#17802 = EDGE_CURVE('',#17404,#17795,#17803,.T.);
#17803 = LINE('',#17804,#17805);
#17804 = CARTESIAN_POINT('',(-2.82,1.5,0.320000000436));
#17805 = VECTOR('',#17806,1.);
#17806 = DIRECTION('',(0.,1.,-1.0892987E-10));
#17807 = PLANE('',#17808);
#17808 = AXIS2_PLACEMENT_3D('',#17809,#17810,#17811);
#17809 = CARTESIAN_POINT('',(-2.5,3.5,0.32));
#17810 = DIRECTION('',(0.,0.,1.));
#17811 = DIRECTION('',(1.,0.,-0.));
#17812 = ADVANCED_FACE('',(#17813),#17831,.F.);
#17813 = FACE_BOUND('',#17814,.T.);
#17814 = EDGE_LOOP('',(#17815,#17816,#17817,#17825));
#17815 = ORIENTED_EDGE('',*,*,#17411,.F.);
#17816 = ORIENTED_EDGE('',*,*,#17802,.T.);
#17817 = ORIENTED_EDGE('',*,*,#17818,.F.);
#17818 = EDGE_CURVE('',#17819,#17795,#17821,.T.);
#17819 = VERTEX_POINT('',#17820);
#17820 = CARTESIAN_POINT('',(-2.82,5.5,-0.32));
#17821 = LINE('',#17822,#17823);
#17822 = CARTESIAN_POINT('',(-2.82,5.5,-0.32));
#17823 = VECTOR('',#17824,1.);
#17824 = DIRECTION('',(0.,0.,1.));
#17825 = ORIENTED_EDGE('',*,*,#17826,.T.);
#17826 = EDGE_CURVE('',#17819,#17412,#17827,.T.);
#17827 = LINE('',#17828,#17829);
#17828 = CARTESIAN_POINT('',(-2.82,5.5,-0.32));
#17829 = VECTOR('',#17830,1.);
#17830 = DIRECTION('',(0.,-1.,-8.786218E-11));
#17831 = PLANE('',#17832);
#17832 = AXIS2_PLACEMENT_3D('',#17833,#17834,#17835);
#17833 = CARTESIAN_POINT('',(-2.82,3.5,0.));
#17834 = DIRECTION('',(1.,0.,0.));
#17835 = DIRECTION('',(0.,0.,1.));
#17836 = ADVANCED_FACE('',(#17837),#17848,.F.);
#17837 = FACE_BOUND('',#17838,.T.);
#17838 = EDGE_LOOP('',(#17839,#17840,#17841,#17847));
#17839 = ORIENTED_EDGE('',*,*,#17419,.F.);
#17840 = ORIENTED_EDGE('',*,*,#17826,.F.);
#17841 = ORIENTED_EDGE('',*,*,#17842,.F.);
#17842 = EDGE_CURVE('',#17763,#17819,#17843,.T.);
#17843 = LINE('',#17844,#17845);
#17844 = CARTESIAN_POINT('',(-2.18,5.5,-0.32));
#17845 = VECTOR('',#17846,1.);
#17846 = DIRECTION('',(-1.,0.,0.));
#17847 = ORIENTED_EDGE('',*,*,#17762,.F.);
#17848 = PLANE('',#17849);
#17849 = AXIS2_PLACEMENT_3D('',#17850,#17851,#17852);
#17850 = CARTESIAN_POINT('',(-2.5,3.5,-0.32));
#17851 = DIRECTION('',(0.,0.,1.));
#17852 = DIRECTION('',(-1.,0.,0.));
#17853 = ADVANCED_FACE('',(#17854),#17860,.T.);
#17854 = FACE_BOUND('',#17855,.T.);
#17855 = EDGE_LOOP('',(#17856,#17857,#17858,#17859));
#17856 = ORIENTED_EDGE('',*,*,#17842,.T.);
#17857 = ORIENTED_EDGE('',*,*,#17818,.T.);
#17858 = ORIENTED_EDGE('',*,*,#17794,.T.);
#17859 = ORIENTED_EDGE('',*,*,#17770,.T.);
#17860 = PLANE('',#17861);
#17861 = AXIS2_PLACEMENT_3D('',#17862,#17863,#17864);
#17862 = CARTESIAN_POINT('',(-2.5,5.5,0.));
#17863 = DIRECTION('',(0.,1.,0.));
#17864 = DIRECTION('',(0.,0.,-1.));
#17865 = ADVANCED_FACE('',(#17866),#17877,.F.);
#17866 = FACE_BOUND('',#17867,.T.);
#17867 = EDGE_LOOP('',(#17868,#17874,#17875,#17876));
#17868 = ORIENTED_EDGE('',*,*,#17869,.T.);
#17869 = EDGE_CURVE('',#17029,#16786,#17870,.T.);
#17870 = LINE('',#17871,#17872);
#17871 = CARTESIAN_POINT('',(5.,0.,-1.6));
#17872 = VECTOR('',#17873,1.);
#17873 = DIRECTION('',(-1.,0.,0.));
#17874 = ORIENTED_EDGE('',*,*,#16785,.T.);
#17875 = ORIENTED_EDGE('',*,*,#17123,.T.);
#17876 = ORIENTED_EDGE('',*,*,#17036,.T.);
#17877 = PLANE('',#17878);
#17878 = AXIS2_PLACEMENT_3D('',#17879,#17880,#17881);
#17879 = CARTESIAN_POINT('',(0.,3.,-1.6));
#17880 = DIRECTION('',(0.,0.,1.));
#17881 = DIRECTION('',(0.,-1.,0.));
#17882 = ADVANCED_FACE('',(#17883,#17889,#17923,#17957),#17991,.F.);
#17883 = FACE_BOUND('',#17884,.T.);
#17884 = EDGE_LOOP('',(#17885,#17886,#17887,#17888));
#17885 = ORIENTED_EDGE('',*,*,#16842,.T.);
#17886 = ORIENTED_EDGE('',*,*,#16793,.T.);
#17887 = ORIENTED_EDGE('',*,*,#17869,.F.);
#17888 = ORIENTED_EDGE('',*,*,#17028,.T.);
#17889 = FACE_BOUND('',#17890,.T.);
#17890 = EDGE_LOOP('',(#17891,#17901,#17909,#17917));
#17891 = ORIENTED_EDGE('',*,*,#17892,.T.);
#17892 = EDGE_CURVE('',#17893,#17895,#17897,.T.);
#17893 = VERTEX_POINT('',#17894);
#17894 = CARTESIAN_POINT('',(2.82,0.,0.320000000133));
#17895 = VERTEX_POINT('',#17896);
#17896 = CARTESIAN_POINT('',(2.82,0.,-0.320000000333));
#17897 = LINE('',#17898,#17899);
#17898 = CARTESIAN_POINT('',(2.82,0.,0.320000000133));
#17899 = VECTOR('',#17900,1.);
#17900 = DIRECTION('',(0.,0.,-1.));
#17901 = ORIENTED_EDGE('',*,*,#17902,.T.);
#17902 = EDGE_CURVE('',#17895,#17903,#17905,.T.);
#17903 = VERTEX_POINT('',#17904);
#17904 = CARTESIAN_POINT('',(2.18,0.,-0.320000000333));
#17905 = LINE('',#17906,#17907);
#17906 = CARTESIAN_POINT('',(2.82,0.,-0.320000000333));
#17907 = VECTOR('',#17908,1.);
#17908 = DIRECTION('',(-1.,0.,0.));
#17909 = ORIENTED_EDGE('',*,*,#17910,.T.);
#17910 = EDGE_CURVE('',#17903,#17911,#17913,.T.);
#17911 = VERTEX_POINT('',#17912);
#17912 = CARTESIAN_POINT('',(2.18,0.,0.320000000133));
#17913 = LINE('',#17914,#17915);
#17914 = CARTESIAN_POINT('',(2.18,0.,-0.320000000333));
#17915 = VECTOR('',#17916,1.);
#17916 = DIRECTION('',(0.,0.,1.));
#17917 = ORIENTED_EDGE('',*,*,#17918,.T.);
#17918 = EDGE_CURVE('',#17911,#17893,#17919,.T.);
#17919 = LINE('',#17920,#17921);
#17920 = CARTESIAN_POINT('',(2.18,0.,0.320000000133));
#17921 = VECTOR('',#17922,1.);
#17922 = DIRECTION('',(1.,0.,0.));
#17923 = FACE_BOUND('',#17924,.T.);
#17924 = EDGE_LOOP('',(#17925,#17935,#17943,#17951));
#17925 = ORIENTED_EDGE('',*,*,#17926,.T.);
#17926 = EDGE_CURVE('',#17927,#17929,#17931,.T.);
#17927 = VERTEX_POINT('',#17928);
#17928 = CARTESIAN_POINT('',(0.32,0.,0.320000000133));
#17929 = VERTEX_POINT('',#17930);
#17930 = CARTESIAN_POINT('',(0.32,0.,-0.320000000333));
#17931 = LINE('',#17932,#17933);
#17932 = CARTESIAN_POINT('',(0.32,0.,0.320000000133));
#17933 = VECTOR('',#17934,1.);
#17934 = DIRECTION('',(0.,0.,-1.));
#17935 = ORIENTED_EDGE('',*,*,#17936,.T.);
#17936 = EDGE_CURVE('',#17929,#17937,#17939,.T.);
#17937 = VERTEX_POINT('',#17938);
#17938 = CARTESIAN_POINT('',(-0.32,0.,-0.320000000333));
#17939 = LINE('',#17940,#17941);
#17940 = CARTESIAN_POINT('',(0.32,0.,-0.320000000333));
#17941 = VECTOR('',#17942,1.);
#17942 = DIRECTION('',(-1.,0.,0.));
#17943 = ORIENTED_EDGE('',*,*,#17944,.T.);
#17944 = EDGE_CURVE('',#17937,#17945,#17947,.T.);
#17945 = VERTEX_POINT('',#17946);
#17946 = CARTESIAN_POINT('',(-0.32,0.,0.320000000133));
#17947 = LINE('',#17948,#17949);
#17948 = CARTESIAN_POINT('',(-0.32,0.,-0.320000000333));
#17949 = VECTOR('',#17950,1.);
#17950 = DIRECTION('',(0.,0.,1.));
#17951 = ORIENTED_EDGE('',*,*,#17952,.T.);
#17952 = EDGE_CURVE('',#17945,#17927,#17953,.T.);
#17953 = LINE('',#17954,#17955);
#17954 = CARTESIAN_POINT('',(-0.32,0.,0.320000000133));
#17955 = VECTOR('',#17956,1.);
#17956 = DIRECTION('',(1.,0.,0.));
#17957 = FACE_BOUND('',#17958,.T.);
#17958 = EDGE_LOOP('',(#17959,#17969,#17977,#17985));
#17959 = ORIENTED_EDGE('',*,*,#17960,.T.);
#17960 = EDGE_CURVE('',#17961,#17963,#17965,.T.);
#17961 = VERTEX_POINT('',#17962);
#17962 = CARTESIAN_POINT('',(-2.18,0.,0.320000000133));
#17963 = VERTEX_POINT('',#17964);
#17964 = CARTESIAN_POINT('',(-2.18,0.,-0.320000000333));
#17965 = LINE('',#17966,#17967);
#17966 = CARTESIAN_POINT('',(-2.18,0.,0.320000000133));
#17967 = VECTOR('',#17968,1.);
#17968 = DIRECTION('',(0.,0.,-1.));
#17969 = ORIENTED_EDGE('',*,*,#17970,.T.);
#17970 = EDGE_CURVE('',#17963,#17971,#17973,.T.);
#17971 = VERTEX_POINT('',#17972);
#17972 = CARTESIAN_POINT('',(-2.82,0.,-0.320000000333));
#17973 = LINE('',#17974,#17975);
#17974 = CARTESIAN_POINT('',(-2.18,0.,-0.320000000333));
#17975 = VECTOR('',#17976,1.);
#17976 = DIRECTION('',(-1.,0.,0.));
#17977 = ORIENTED_EDGE('',*,*,#17978,.T.);
#17978 = EDGE_CURVE('',#17971,#17979,#17981,.T.);
#17979 = VERTEX_POINT('',#17980);
#17980 = CARTESIAN_POINT('',(-2.82,0.,0.320000000133));
#17981 = LINE('',#17982,#17983);
#17982 = CARTESIAN_POINT('',(-2.82,0.,-0.320000000333));
#17983 = VECTOR('',#17984,1.);
#17984 = DIRECTION('',(0.,0.,1.));
#17985 = ORIENTED_EDGE('',*,*,#17986,.T.);
#17986 = EDGE_CURVE('',#17979,#17961,#17987,.T.);
#17987 = LINE('',#17988,#17989);
#17988 = CARTESIAN_POINT('',(-2.82,0.,0.320000000133));
#17989 = VECTOR('',#17990,1.);
#17990 = DIRECTION('',(1.,0.,0.));
#17991 = PLANE('',#17992);
#17992 = AXIS2_PLACEMENT_3D('',#17993,#17994,#17995);
#17993 = CARTESIAN_POINT('',(0.,0.,0.3));
#17994 = DIRECTION('',(0.,1.,0.));
#17995 = DIRECTION('',(0.,-0.,1.));
#17996 = ADVANCED_FACE('',(#17997),#18022,.T.);
#17997 = FACE_BOUND('',#17998,.T.);
#17998 = EDGE_LOOP('',(#17999,#18000,#18008,#18016));
#17999 = ORIENTED_EDGE('',*,*,#17892,.F.);
#18000 = ORIENTED_EDGE('',*,*,#18001,.T.);
#18001 = EDGE_CURVE('',#17893,#18002,#18004,.T.);
#18002 = VERTEX_POINT('',#18003);
#18003 = CARTESIAN_POINT('',(2.82,-3.2,0.32));
#18004 = LINE('',#18005,#18006);
#18005 = CARTESIAN_POINT('',(2.82,0.,0.320000000133));
#18006 = VECTOR('',#18007,1.);
#18007 = DIRECTION('',(0.,-1.,-4.166662E-11));
#18008 = ORIENTED_EDGE('',*,*,#18009,.F.);
#18009 = EDGE_CURVE('',#18010,#18002,#18012,.T.);
#18010 = VERTEX_POINT('',#18011);
#18011 = CARTESIAN_POINT('',(2.82,-3.2,-0.32));
#18012 = LINE('',#18013,#18014);
#18013 = CARTESIAN_POINT('',(2.82,-3.2,-0.32));
#18014 = VECTOR('',#18015,1.);
#18015 = DIRECTION('',(0.,0.,1.));
#18016 = ORIENTED_EDGE('',*,*,#18017,.F.);
#18017 = EDGE_CURVE('',#17895,#18010,#18018,.T.);
#18018 = LINE('',#18019,#18020);
#18019 = CARTESIAN_POINT('',(2.82,0.,-0.320000000333));
#18020 = VECTOR('',#18021,1.);
#18021 = DIRECTION('',(0.,-1.,1.0416662E-10));
#18022 = PLANE('',#18023);
#18023 = AXIS2_PLACEMENT_3D('',#18024,#18025,#18026);
#18024 = CARTESIAN_POINT('',(2.82,-1.6,0.));
#18025 = DIRECTION('',(1.,0.,0.));
#18026 = DIRECTION('',(0.,0.,-1.));
#18027 = ADVANCED_FACE('',(#18028),#18046,.F.);
#18028 = FACE_BOUND('',#18029,.T.);
#18029 = EDGE_LOOP('',(#18030,#18031,#18032,#18040));
#18030 = ORIENTED_EDGE('',*,*,#17902,.F.);
#18031 = ORIENTED_EDGE('',*,*,#18017,.T.);
#18032 = ORIENTED_EDGE('',*,*,#18033,.F.);
#18033 = EDGE_CURVE('',#18034,#18010,#18036,.T.);
#18034 = VERTEX_POINT('',#18035);
#18035 = CARTESIAN_POINT('',(2.18,-3.2,-0.32));
#18036 = LINE('',#18037,#18038);
#18037 = CARTESIAN_POINT('',(2.18,-3.2,-0.32));
#18038 = VECTOR('',#18039,1.);
#18039 = DIRECTION('',(1.,0.,0.));
#18040 = ORIENTED_EDGE('',*,*,#18041,.T.);
#18041 = EDGE_CURVE('',#18034,#17903,#18042,.T.);
#18042 = LINE('',#18043,#18044);
#18043 = CARTESIAN_POINT('',(2.18,-3.2,-0.32));
#18044 = VECTOR('',#18045,1.);
#18045 = DIRECTION('',(0.,1.,-1.0416662E-10));
#18046 = PLANE('',#18047);
#18047 = AXIS2_PLACEMENT_3D('',#18048,#18049,#18050);
#18048 = CARTESIAN_POINT('',(2.5,-1.6,-0.32));
#18049 = DIRECTION('',(0.,0.,1.));
#18050 = DIRECTION('',(-1.,0.,0.));
#18051 = ADVANCED_FACE('',(#18052),#18070,.F.);
#18052 = FACE_BOUND('',#18053,.T.);
#18053 = EDGE_LOOP('',(#18054,#18055,#18056,#18064));
#18054 = ORIENTED_EDGE('',*,*,#17910,.F.);
#18055 = ORIENTED_EDGE('',*,*,#18041,.F.);
#18056 = ORIENTED_EDGE('',*,*,#18057,.F.);
#18057 = EDGE_CURVE('',#18058,#18034,#18060,.T.);
#18058 = VERTEX_POINT('',#18059);
#18059 = CARTESIAN_POINT('',(2.18,-3.2,0.32));
#18060 = LINE('',#18061,#18062);
#18061 = CARTESIAN_POINT('',(2.18,-3.2,0.32));
#18062 = VECTOR('',#18063,1.);
#18063 = DIRECTION('',(0.,0.,-1.));
#18064 = ORIENTED_EDGE('',*,*,#18065,.F.);
#18065 = EDGE_CURVE('',#17911,#18058,#18066,.T.);
#18066 = LINE('',#18067,#18068);
#18067 = CARTESIAN_POINT('',(2.18,0.,0.320000000133));
#18068 = VECTOR('',#18069,1.);
#18069 = DIRECTION('',(0.,-1.,-4.166662E-11));
#18070 = PLANE('',#18071);
#18071 = AXIS2_PLACEMENT_3D('',#18072,#18073,#18074);
#18072 = CARTESIAN_POINT('',(2.18,-1.6,0.));
#18073 = DIRECTION('',(1.,0.,0.));
#18074 = DIRECTION('',(0.,0.,1.));
#18075 = ADVANCED_FACE('',(#18076),#18087,.T.);
#18076 = FACE_BOUND('',#18077,.T.);
#18077 = EDGE_LOOP('',(#18078,#18079,#18080,#18086));
#18078 = ORIENTED_EDGE('',*,*,#17918,.F.);
#18079 = ORIENTED_EDGE('',*,*,#18065,.T.);
#18080 = ORIENTED_EDGE('',*,*,#18081,.F.);
#18081 = EDGE_CURVE('',#18002,#18058,#18082,.T.);
#18082 = LINE('',#18083,#18084);
#18083 = CARTESIAN_POINT('',(2.82,-3.2,0.32));
#18084 = VECTOR('',#18085,1.);
#18085 = DIRECTION('',(-1.,0.,0.));
#18086 = ORIENTED_EDGE('',*,*,#18001,.F.);
#18087 = PLANE('',#18088);
#18088 = AXIS2_PLACEMENT_3D('',#18089,#18090,#18091);
#18089 = CARTESIAN_POINT('',(2.5,-1.6,0.32));
#18090 = DIRECTION('',(0.,0.,1.));
#18091 = DIRECTION('',(1.,0.,-0.));
#18092 = ADVANCED_FACE('',(#18093),#18099,.F.);
#18093 = FACE_BOUND('',#18094,.T.);
#18094 = EDGE_LOOP('',(#18095,#18096,#18097,#18098));
#18095 = ORIENTED_EDGE('',*,*,#18057,.T.);
#18096 = ORIENTED_EDGE('',*,*,#18033,.T.);
#18097 = ORIENTED_EDGE('',*,*,#18009,.T.);
#18098 = ORIENTED_EDGE('',*,*,#18081,.T.);
#18099 = PLANE('',#18100);
#18100 = AXIS2_PLACEMENT_3D('',#18101,#18102,#18103);
#18101 = CARTESIAN_POINT('',(2.5,-3.2,0.));
#18102 = DIRECTION('',(0.,1.,0.));
#18103 = DIRECTION('',(0.,0.,-1.));
#18104 = ADVANCED_FACE('',(#18105),#18130,.T.);
#18105 = FACE_BOUND('',#18106,.T.);
#18106 = EDGE_LOOP('',(#18107,#18108,#18116,#18124));
#18107 = ORIENTED_EDGE('',*,*,#17926,.F.);
#18108 = ORIENTED_EDGE('',*,*,#18109,.T.);
#18109 = EDGE_CURVE('',#17927,#18110,#18112,.T.);
#18110 = VERTEX_POINT('',#18111);
#18111 = CARTESIAN_POINT('',(0.32,-3.2,0.32));
#18112 = LINE('',#18113,#18114);
#18113 = CARTESIAN_POINT('',(0.32,0.,0.320000000133));
#18114 = VECTOR('',#18115,1.);
#18115 = DIRECTION('',(0.,-1.,-4.166662E-11));
#18116 = ORIENTED_EDGE('',*,*,#18117,.F.);
#18117 = EDGE_CURVE('',#18118,#18110,#18120,.T.);
#18118 = VERTEX_POINT('',#18119);
#18119 = CARTESIAN_POINT('',(0.32,-3.2,-0.32));
#18120 = LINE('',#18121,#18122);
#18121 = CARTESIAN_POINT('',(0.32,-3.2,-0.32));
#18122 = VECTOR('',#18123,1.);
#18123 = DIRECTION('',(0.,0.,1.));
#18124 = ORIENTED_EDGE('',*,*,#18125,.F.);
#18125 = EDGE_CURVE('',#17929,#18118,#18126,.T.);
#18126 = LINE('',#18127,#18128);
#18127 = CARTESIAN_POINT('',(0.32,0.,-0.320000000333));
#18128 = VECTOR('',#18129,1.);
#18129 = DIRECTION('',(0.,-1.,1.0416662E-10));
#18130 = PLANE('',#18131);
#18131 = AXIS2_PLACEMENT_3D('',#18132,#18133,#18134);
#18132 = CARTESIAN_POINT('',(0.32,-1.6,0.));
#18133 = DIRECTION('',(1.,0.,0.));
#18134 = DIRECTION('',(0.,0.,-1.));
#18135 = ADVANCED_FACE('',(#18136),#18154,.F.);
#18136 = FACE_BOUND('',#18137,.T.);
#18137 = EDGE_LOOP('',(#18138,#18139,#18140,#18148));
#18138 = ORIENTED_EDGE('',*,*,#17936,.F.);
#18139 = ORIENTED_EDGE('',*,*,#18125,.T.);
#18140 = ORIENTED_EDGE('',*,*,#18141,.F.);
#18141 = EDGE_CURVE('',#18142,#18118,#18144,.T.);
#18142 = VERTEX_POINT('',#18143);
#18143 = CARTESIAN_POINT('',(-0.32,-3.2,-0.32));
#18144 = LINE('',#18145,#18146);
#18145 = CARTESIAN_POINT('',(-0.32,-3.2,-0.32));
#18146 = VECTOR('',#18147,1.);
#18147 = DIRECTION('',(1.,0.,0.));
#18148 = ORIENTED_EDGE('',*,*,#18149,.T.);
#18149 = EDGE_CURVE('',#18142,#17937,#18150,.T.);
#18150 = LINE('',#18151,#18152);
#18151 = CARTESIAN_POINT('',(-0.32,-3.2,-0.32));
#18152 = VECTOR('',#18153,1.);
#18153 = DIRECTION('',(0.,1.,-1.0416662E-10));
#18154 = PLANE('',#18155);
#18155 = AXIS2_PLACEMENT_3D('',#18156,#18157,#18158);
#18156 = CARTESIAN_POINT('',(0.,-1.6,-0.32));
#18157 = DIRECTION('',(0.,0.,1.));
#18158 = DIRECTION('',(-1.,0.,0.));
#18159 = ADVANCED_FACE('',(#18160),#18178,.F.);
#18160 = FACE_BOUND('',#18161,.T.);
#18161 = EDGE_LOOP('',(#18162,#18163,#18164,#18172));
#18162 = ORIENTED_EDGE('',*,*,#17944,.F.);
#18163 = ORIENTED_EDGE('',*,*,#18149,.F.);
#18164 = ORIENTED_EDGE('',*,*,#18165,.F.);
#18165 = EDGE_CURVE('',#18166,#18142,#18168,.T.);
#18166 = VERTEX_POINT('',#18167);
#18167 = CARTESIAN_POINT('',(-0.32,-3.2,0.32));
#18168 = LINE('',#18169,#18170);
#18169 = CARTESIAN_POINT('',(-0.32,-3.2,0.32));
#18170 = VECTOR('',#18171,1.);
#18171 = DIRECTION('',(0.,0.,-1.));
#18172 = ORIENTED_EDGE('',*,*,#18173,.F.);
#18173 = EDGE_CURVE('',#17945,#18166,#18174,.T.);
#18174 = LINE('',#18175,#18176);
#18175 = CARTESIAN_POINT('',(-0.32,0.,0.320000000133));
#18176 = VECTOR('',#18177,1.);
#18177 = DIRECTION('',(0.,-1.,-4.166662E-11));
#18178 = PLANE('',#18179);
#18179 = AXIS2_PLACEMENT_3D('',#18180,#18181,#18182);
#18180 = CARTESIAN_POINT('',(-0.32,-1.6,0.));
#18181 = DIRECTION('',(1.,0.,0.));
#18182 = DIRECTION('',(0.,0.,1.));
#18183 = ADVANCED_FACE('',(#18184),#18195,.T.);
#18184 = FACE_BOUND('',#18185,.T.);
#18185 = EDGE_LOOP('',(#18186,#18187,#18188,#18194));
#18186 = ORIENTED_EDGE('',*,*,#17952,.F.);
#18187 = ORIENTED_EDGE('',*,*,#18173,.T.);
#18188 = ORIENTED_EDGE('',*,*,#18189,.F.);
#18189 = EDGE_CURVE('',#18110,#18166,#18190,.T.);
#18190 = LINE('',#18191,#18192);
#18191 = CARTESIAN_POINT('',(0.32,-3.2,0.32));
#18192 = VECTOR('',#18193,1.);
#18193 = DIRECTION('',(-1.,0.,0.));
#18194 = ORIENTED_EDGE('',*,*,#18109,.F.);
#18195 = PLANE('',#18196);
#18196 = AXIS2_PLACEMENT_3D('',#18197,#18198,#18199);
#18197 = CARTESIAN_POINT('',(0.,-1.6,0.32));
#18198 = DIRECTION('',(0.,0.,1.));
#18199 = DIRECTION('',(1.,0.,-0.));
#18200 = ADVANCED_FACE('',(#18201),#18207,.F.);
#18201 = FACE_BOUND('',#18202,.T.);
#18202 = EDGE_LOOP('',(#18203,#18204,#18205,#18206));
#18203 = ORIENTED_EDGE('',*,*,#18165,.T.);
#18204 = ORIENTED_EDGE('',*,*,#18141,.T.);
#18205 = ORIENTED_EDGE('',*,*,#18117,.T.);
#18206 = ORIENTED_EDGE('',*,*,#18189,.T.);
#18207 = PLANE('',#18208);
#18208 = AXIS2_PLACEMENT_3D('',#18209,#18210,#18211);
#18209 = CARTESIAN_POINT('',(0.,-3.2,0.));
#18210 = DIRECTION('',(0.,1.,0.));
#18211 = DIRECTION('',(0.,0.,-1.));
#18212 = ADVANCED_FACE('',(#18213),#18238,.T.);
#18213 = FACE_BOUND('',#18214,.T.);
#18214 = EDGE_LOOP('',(#18215,#18216,#18224,#18232));
#18215 = ORIENTED_EDGE('',*,*,#17960,.F.);
#18216 = ORIENTED_EDGE('',*,*,#18217,.T.);
#18217 = EDGE_CURVE('',#17961,#18218,#18220,.T.);
#18218 = VERTEX_POINT('',#18219);
#18219 = CARTESIAN_POINT('',(-2.18,-3.2,0.32));
#18220 = LINE('',#18221,#18222);
#18221 = CARTESIAN_POINT('',(-2.18,0.,0.320000000133));
#18222 = VECTOR('',#18223,1.);
#18223 = DIRECTION('',(0.,-1.,-4.166662E-11));
#18224 = ORIENTED_EDGE('',*,*,#18225,.F.);
#18225 = EDGE_CURVE('',#18226,#18218,#18228,.T.);
#18226 = VERTEX_POINT('',#18227);
#18227 = CARTESIAN_POINT('',(-2.18,-3.2,-0.32));
#18228 = LINE('',#18229,#18230);
#18229 = CARTESIAN_POINT('',(-2.18,-3.2,-0.32));
#18230 = VECTOR('',#18231,1.);
#18231 = DIRECTION('',(0.,0.,1.));
#18232 = ORIENTED_EDGE('',*,*,#18233,.F.);
#18233 = EDGE_CURVE('',#17963,#18226,#18234,.T.);
#18234 = LINE('',#18235,#18236);
#18235 = CARTESIAN_POINT('',(-2.18,0.,-0.320000000333));
#18236 = VECTOR('',#18237,1.);
#18237 = DIRECTION('',(0.,-1.,1.0416662E-10));
#18238 = PLANE('',#18239);
#18239 = AXIS2_PLACEMENT_3D('',#18240,#18241,#18242);
#18240 = CARTESIAN_POINT('',(-2.18,-1.6,0.));
#18241 = DIRECTION('',(1.,0.,0.));
#18242 = DIRECTION('',(0.,0.,-1.));
#18243 = ADVANCED_FACE('',(#18244),#18262,.F.);
#18244 = FACE_BOUND('',#18245,.T.);
#18245 = EDGE_LOOP('',(#18246,#18247,#18248,#18256));
#18246 = ORIENTED_EDGE('',*,*,#17970,.F.);
#18247 = ORIENTED_EDGE('',*,*,#18233,.T.);
#18248 = ORIENTED_EDGE('',*,*,#18249,.F.);
#18249 = EDGE_CURVE('',#18250,#18226,#18252,.T.);
#18250 = VERTEX_POINT('',#18251);
#18251 = CARTESIAN_POINT('',(-2.82,-3.2,-0.32));
#18252 = LINE('',#18253,#18254);
#18253 = CARTESIAN_POINT('',(-2.82,-3.2,-0.32));
#18254 = VECTOR('',#18255,1.);
#18255 = DIRECTION('',(1.,0.,0.));
#18256 = ORIENTED_EDGE('',*,*,#18257,.T.);
#18257 = EDGE_CURVE('',#18250,#17971,#18258,.T.);
#18258 = LINE('',#18259,#18260);
#18259 = CARTESIAN_POINT('',(-2.82,-3.2,-0.32));
#18260 = VECTOR('',#18261,1.);
#18261 = DIRECTION('',(0.,1.,-1.0416662E-10));
#18262 = PLANE('',#18263);
#18263 = AXIS2_PLACEMENT_3D('',#18264,#18265,#18266);
#18264 = CARTESIAN_POINT('',(-2.5,-1.6,-0.32));
#18265 = DIRECTION('',(0.,0.,1.));
#18266 = DIRECTION('',(-1.,0.,0.));
#18267 = ADVANCED_FACE('',(#18268),#18286,.F.);
#18268 = FACE_BOUND('',#18269,.T.);
#18269 = EDGE_LOOP('',(#18270,#18271,#18272,#18280));
#18270 = ORIENTED_EDGE('',*,*,#17978,.F.);
#18271 = ORIENTED_EDGE('',*,*,#18257,.F.);
#18272 = ORIENTED_EDGE('',*,*,#18273,.F.);
#18273 = EDGE_CURVE('',#18274,#18250,#18276,.T.);
#18274 = VERTEX_POINT('',#18275);
#18275 = CARTESIAN_POINT('',(-2.82,-3.2,0.32));
#18276 = LINE('',#18277,#18278);
#18277 = CARTESIAN_POINT('',(-2.82,-3.2,0.32));
#18278 = VECTOR('',#18279,1.);
#18279 = DIRECTION('',(0.,0.,-1.));
#18280 = ORIENTED_EDGE('',*,*,#18281,.F.);
#18281 = EDGE_CURVE('',#17979,#18274,#18282,.T.);
#18282 = LINE('',#18283,#18284);
#18283 = CARTESIAN_POINT('',(-2.82,0.,0.320000000133));
#18284 = VECTOR('',#18285,1.);
#18285 = DIRECTION('',(0.,-1.,-4.166662E-11));
#18286 = PLANE('',#18287);
#18287 = AXIS2_PLACEMENT_3D('',#18288,#18289,#18290);
#18288 = CARTESIAN_POINT('',(-2.82,-1.6,0.));
#18289 = DIRECTION('',(1.,0.,0.));
#18290 = DIRECTION('',(0.,0.,1.));
#18291 = ADVANCED_FACE('',(#18292),#18303,.T.);
#18292 = FACE_BOUND('',#18293,.T.);
#18293 = EDGE_LOOP('',(#18294,#18295,#18296,#18302));
#18294 = ORIENTED_EDGE('',*,*,#17986,.F.);
#18295 = ORIENTED_EDGE('',*,*,#18281,.T.);
#18296 = ORIENTED_EDGE('',*,*,#18297,.F.);
#18297 = EDGE_CURVE('',#18218,#18274,#18298,.T.);
#18298 = LINE('',#18299,#18300);
#18299 = CARTESIAN_POINT('',(-2.18,-3.2,0.32));
#18300 = VECTOR('',#18301,1.);
#18301 = DIRECTION('',(-1.,0.,0.));
#18302 = ORIENTED_EDGE('',*,*,#18217,.F.);
#18303 = PLANE('',#18304);
#18304 = AXIS2_PLACEMENT_3D('',#18305,#18306,#18307);
#18305 = CARTESIAN_POINT('',(-2.5,-1.6,0.32));
#18306 = DIRECTION('',(0.,0.,1.));
#18307 = DIRECTION('',(1.,0.,-0.));
#18308 = ADVANCED_FACE('',(#18309),#18315,.F.);
#18309 = FACE_BOUND('',#18310,.T.);
#18310 = EDGE_LOOP('',(#18311,#18312,#18313,#18314));
#18311 = ORIENTED_EDGE('',*,*,#18273,.T.);
#18312 = ORIENTED_EDGE('',*,*,#18249,.T.);
#18313 = ORIENTED_EDGE('',*,*,#18225,.T.);
#18314 = ORIENTED_EDGE('',*,*,#18297,.T.);
#18315 = PLANE('',#18316);
#18316 = AXIS2_PLACEMENT_3D('',#18317,#18318,#18319);
#18317 = CARTESIAN_POINT('',(-2.5,-3.2,0.));
#18318 = DIRECTION('',(0.,1.,0.));
#18319 = DIRECTION('',(0.,0.,-1.));
#18320 = ADVANCED_FACE('',(#18321),#18332,.F.);
#18321 = FACE_BOUND('',#18322,.T.);
#18322 = EDGE_LOOP('',(#18323,#18324,#18330,#18331));
#18323 = ORIENTED_EDGE('',*,*,#16754,.F.);
#18324 = ORIENTED_EDGE('',*,*,#18325,.F.);
#18325 = EDGE_CURVE('',#16678,#16747,#18326,.T.);
#18326 = LINE('',#18327,#18328);
#18327 = CARTESIAN_POINT('',(-3.95,4.2,0.60236887));
#18328 = VECTOR('',#18329,1.);
#18329 = DIRECTION('',(-1.,0.,-3.1746045E-10));
#18330 = ORIENTED_EDGE('',*,*,#16677,.F.);
#18331 = ORIENTED_EDGE('',*,*,#16724,.T.);
#18332 = PLANE('',#18333);
#18333 = AXIS2_PLACEMENT_3D('',#18334,#18335,#18336);
#18334 = CARTESIAN_POINT('',(-4.475,4.2,0.751184435));
#18335 = DIRECTION('',(0.,1.,0.));
#18336 = DIRECTION('',(0.,0.,-1.));
#18337 = ADVANCED_FACE('',(#18338),#18344,.F.);
#18338 = FACE_BOUND('',#18339,.T.);
#18339 = EDGE_LOOP('',(#18340,#18341,#18342,#18343));
#18340 = ORIENTED_EDGE('',*,*,#16685,.T.);
#18341 = ORIENTED_EDGE('',*,*,#18325,.T.);
#18342 = ORIENTED_EDGE('',*,*,#16746,.F.);
#18343 = ORIENTED_EDGE('',*,*,#16637,.F.);
#18344 = PLANE('',#18345);
#18345 = AXIS2_PLACEMENT_3D('',#18346,#18347,#18348);
#18346 = CARTESIAN_POINT('',(-4.475,4.65,0.60236887));
#18347 = DIRECTION('',(0.,0.,1.));
#18348 = DIRECTION('',(-1.,0.,0.));
#18349 = ( GEOMETRIC_REPRESENTATION_CONTEXT(3) 
GLOBAL_UNCERTAINTY_ASSIGNED_CONTEXT((#18353)) 
GLOBAL_UNIT_ASSIGNED_CONTEXT((#18350,#18351,#18352)) 
REPRESENTATION_CONTEXT('Context #1',
  '3D Context with UNIT and UNCERTAINTY') );
#18350 = ( LENGTH_UNIT() NAMED_UNIT(*) SI_UNIT(.MILLI.,.METRE.) );
#18351 = ( NAMED_UNIT(*) PLANE_ANGLE_UNIT() SI_UNIT($,.RADIAN.) );
#18352 = ( NAMED_UNIT(*) SI_UNIT($,.STERADIAN.) SOLID_ANGLE_UNIT() );
#18353 = UNCERTAINTY_MEASURE_WITH_UNIT(LENGTH_MEASURE(1.E-07),#18350,
  'distance_accuracy_value','confusion accuracy');
#18354 = CONTEXT_DEPENDENT_SHAPE_REPRESENTATION(#18355,#18357);
#18355 = ( REPRESENTATION_RELATIONSHIP('','',#16620,#10) 
REPRESENTATION_RELATIONSHIP_WITH_TRANSFORMATION(#18356) 
SHAPE_REPRESENTATION_RELATIONSHIP() );
#18356 = ITEM_DEFINED_TRANSFORMATION('','',#11,#59);
#18357 = PRODUCT_DEFINITION_SHAPE('Placement','Placement of an item',
  #18358);
#18358 = NEXT_ASSEMBLY_USAGE_OCCURRENCE('22','B3B-EH025','',#5,#16615,$
  );
#18359 = PRODUCT_RELATED_PRODUCT_CATEGORY('part',$,(#16617));
#18360 = MECHANICAL_DESIGN_GEOMETRIC_PRESENTATION_REPRESENTATION('',(
    #18361),#12318);
#18361 = STYLED_ITEM('color',(#18362),#12263);
#18362 = PRESENTATION_STYLE_ASSIGNMENT((#18363,#18369));
#18363 = SURFACE_STYLE_USAGE(.BOTH.,#18364);
#18364 = SURFACE_SIDE_STYLE('',(#18365));
#18365 = SURFACE_STYLE_FILL_AREA(#18366);
#18366 = FILL_AREA_STYLE('',(#18367));
#18367 = FILL_AREA_STYLE_COLOUR('',#18368);
#18368 = COLOUR_RGB('',0.627451011593,0.627451011593,0.627451011593);
#18369 = CURVE_STYLE('',#18370,POSITIVE_LENGTH_MEASURE(0.1),#18371);
#18370 = DRAUGHTING_PRE_DEFINED_CURVE_FONT('continuous');
#18371 = COLOUR_RGB('',9.803921802644E-02,9.803921802644E-02,
  9.803921802644E-02);
#18372 = MECHANICAL_DESIGN_GEOMETRIC_PRESENTATION_REPRESENTATION('',(
    #18373),#14855);
#18373 = STYLED_ITEM('color',(#18374),#14119);
#18374 = PRESENTATION_STYLE_ASSIGNMENT((#18375,#18380));
#18375 = SURFACE_STYLE_USAGE(.BOTH.,#18376);
#18376 = SURFACE_SIDE_STYLE('',(#18377));
#18377 = SURFACE_STYLE_FILL_AREA(#18378);
#18378 = FILL_AREA_STYLE('',(#18379));
#18379 = FILL_AREA_STYLE_COLOUR('',#18368);
#18380 = CURVE_STYLE('',#18381,POSITIVE_LENGTH_MEASURE(0.1),#18371);
#18381 = DRAUGHTING_PRE_DEFINED_CURVE_FONT('continuous');
#18382 = MECHANICAL_DESIGN_GEOMETRIC_PRESENTATION_REPRESENTATION('',(
    #18383),#8751);
#18383 = STYLED_ITEM('color',(#18384),#4876);
#18384 = PRESENTATION_STYLE_ASSIGNMENT((#18385,#18390));
#18385 = SURFACE_STYLE_USAGE(.BOTH.,#18386);
#18386 = SURFACE_SIDE_STYLE('',(#18387));
#18387 = SURFACE_STYLE_FILL_AREA(#18388);
#18388 = FILL_AREA_STYLE('',(#18389));
#18389 = FILL_AREA_STYLE_COLOUR('',#18368);
#18390 = CURVE_STYLE('',#18391,POSITIVE_LENGTH_MEASURE(0.1),#18371);
#18391 = DRAUGHTING_PRE_DEFINED_CURVE_FONT('continuous');
#18392 = MECHANICAL_DESIGN_GEOMETRIC_PRESENTATION_REPRESENTATION('',(
    #18393),#13118);
#18393 = STYLED_ITEM('color',(#18394),#12337);
#18394 = PRESENTATION_STYLE_ASSIGNMENT((#18395,#18400));
#18395 = SURFACE_STYLE_USAGE(.BOTH.,#18396);
#18396 = SURFACE_SIDE_STYLE('',(#18397));
#18397 = SURFACE_STYLE_FILL_AREA(#18398);
#18398 = FILL_AREA_STYLE('',(#18399));
#18399 = FILL_AREA_STYLE_COLOUR('',#18368);
#18400 = CURVE_STYLE('',#18401,POSITIVE_LENGTH_MEASURE(0.1),#18371);
#18401 = DRAUGHTING_PRE_DEFINED_CURVE_FONT('continuous');
#18402 = MECHANICAL_DESIGN_GEOMETRIC_PRESENTATION_REPRESENTATION('',(
    #18403),#16602);
#18403 = STYLED_ITEM('color',(#18404),#14874);
#18404 = PRESENTATION_STYLE_ASSIGNMENT((#18405,#18410));
#18405 = SURFACE_STYLE_USAGE(.BOTH.,#18406);
#18406 = SURFACE_SIDE_STYLE('',(#18407));
#18407 = SURFACE_STYLE_FILL_AREA(#18408);
#18408 = FILL_AREA_STYLE('',(#18409));
#18409 = FILL_AREA_STYLE_COLOUR('',#18368);
#18410 = CURVE_STYLE('',#18411,POSITIVE_LENGTH_MEASURE(0.1),#18371);
#18411 = DRAUGHTING_PRE_DEFINED_CURVE_FONT('continuous');
#18412 = MECHANICAL_DESIGN_GEOMETRIC_PRESENTATION_REPRESENTATION('',(
    #18413),#1827);
#18413 = STYLED_ITEM('color',(#18414),#77);
#18414 = PRESENTATION_STYLE_ASSIGNMENT((#18415,#18420));
#18415 = SURFACE_STYLE_USAGE(.BOTH.,#18416);
#18416 = SURFACE_SIDE_STYLE('',(#18417));
#18417 = SURFACE_STYLE_FILL_AREA(#18418);
#18418 = FILL_AREA_STYLE('',(#18419));
#18419 = FILL_AREA_STYLE_COLOUR('',#18368);
#18420 = CURVE_STYLE('',#18421,POSITIVE_LENGTH_MEASURE(0.1),#18371);
#18421 = DRAUGHTING_PRE_DEFINED_CURVE_FONT('continuous');
#18422 = MECHANICAL_DESIGN_GEOMETRIC_PRESENTATION_REPRESENTATION('',(
    #18423),#14019);
#18423 = STYLED_ITEM('color',(#18424),#13238);
#18424 = PRESENTATION_STYLE_ASSIGNMENT((#18425,#18430));
#18425 = SURFACE_STYLE_USAGE(.BOTH.,#18426);
#18426 = SURFACE_SIDE_STYLE('',(#18427));
#18427 = SURFACE_STYLE_FILL_AREA(#18428);
#18428 = FILL_AREA_STYLE('',(#18429));
#18429 = FILL_AREA_STYLE_COLOUR('',#18368);
#18430 = CURVE_STYLE('',#18431,POSITIVE_LENGTH_MEASURE(0.1),#18371);
#18431 = DRAUGHTING_PRE_DEFINED_CURVE_FONT('continuous');
#18432 = MECHANICAL_DESIGN_GEOMETRIC_PRESENTATION_REPRESENTATION('',(
    #18433),#13219);
#18433 = STYLED_ITEM('color',(#18434),#13164);
#18434 = PRESENTATION_STYLE_ASSIGNMENT((#18435,#18440));
#18435 = SURFACE_STYLE_USAGE(.BOTH.,#18436);
#18436 = SURFACE_SIDE_STYLE('',(#18437));
#18437 = SURFACE_STYLE_FILL_AREA(#18438);
#18438 = FILL_AREA_STYLE('',(#18439));
#18439 = FILL_AREA_STYLE_COLOUR('',#18368);
#18440 = CURVE_STYLE('',#18441,POSITIVE_LENGTH_MEASURE(0.1),#18371);
#18441 = DRAUGHTING_PRE_DEFINED_CURVE_FONT('continuous');
#18442 = MECHANICAL_DESIGN_GEOMETRIC_PRESENTATION_REPRESENTATION('',(
    #18443),#12217);
#18443 = STYLED_ITEM('color',(#18444),#11436);
#18444 = PRESENTATION_STYLE_ASSIGNMENT((#18445,#18450));
#18445 = SURFACE_STYLE_USAGE(.BOTH.,#18446);
#18446 = SURFACE_SIDE_STYLE('',(#18447));
#18447 = SURFACE_STYLE_FILL_AREA(#18448);
#18448 = FILL_AREA_STYLE('',(#18449));
#18449 = FILL_AREA_STYLE_COLOUR('',#18368);
#18450 = CURVE_STYLE('',#18451,POSITIVE_LENGTH_MEASURE(0.1),#18371);
#18451 = DRAUGHTING_PRE_DEFINED_CURVE_FONT('continuous');
#18452 = MECHANICAL_DESIGN_GEOMETRIC_PRESENTATION_REPRESENTATION('',(
    #18453),#14100);
#18453 = STYLED_ITEM('color',(#18454),#14065);
#18454 = PRESENTATION_STYLE_ASSIGNMENT((#18455,#18460));
#18455 = SURFACE_STYLE_USAGE(.BOTH.,#18456);
#18456 = SURFACE_SIDE_STYLE('',(#18457));
#18457 = SURFACE_STYLE_FILL_AREA(#18458);
#18458 = FILL_AREA_STYLE('',(#18459));
#18459 = FILL_AREA_STYLE_COLOUR('',#18368);
#18460 = CURVE_STYLE('',#18461,POSITIVE_LENGTH_MEASURE(0.1),#18371);
#18461 = DRAUGHTING_PRE_DEFINED_CURVE_FONT('continuous');
#18462 = MECHANICAL_DESIGN_GEOMETRIC_PRESENTATION_REPRESENTATION('',(
    #18463),#10516);
#18463 = STYLED_ITEM('color',(#18464),#10461);
#18464 = PRESENTATION_STYLE_ASSIGNMENT((#18465,#18470));
#18465 = SURFACE_STYLE_USAGE(.BOTH.,#18466);
#18466 = SURFACE_SIDE_STYLE('',(#18467));
#18467 = SURFACE_STYLE_FILL_AREA(#18468);
#18468 = FILL_AREA_STYLE('',(#18469));
#18469 = FILL_AREA_STYLE_COLOUR('',#18368);
#18470 = CURVE_STYLE('',#18471,POSITIVE_LENGTH_MEASURE(0.1),#18371);
#18471 = DRAUGHTING_PRE_DEFINED_CURVE_FONT('continuous');
#18472 = MECHANICAL_DESIGN_GEOMETRIC_PRESENTATION_REPRESENTATION('',(
    #18473),#10415);
#18473 = STYLED_ITEM('color',(#18474),#10100);
#18474 = PRESENTATION_STYLE_ASSIGNMENT((#18475,#18480));
#18475 = SURFACE_STYLE_USAGE(.BOTH.,#18476);
#18476 = SURFACE_SIDE_STYLE('',(#18477));
#18477 = SURFACE_STYLE_FILL_AREA(#18478);
#18478 = FILL_AREA_STYLE('',(#18479));
#18479 = FILL_AREA_STYLE_COLOUR('',#18368);
#18480 = CURVE_STYLE('',#18481,POSITIVE_LENGTH_MEASURE(0.1),#18371);
#18481 = DRAUGHTING_PRE_DEFINED_CURVE_FONT('continuous');
#18482 = MECHANICAL_DESIGN_GEOMETRIC_PRESENTATION_REPRESENTATION('',(
    #18483),#11417);
#18483 = STYLED_ITEM('color',(#18484),#11362);
#18484 = PRESENTATION_STYLE_ASSIGNMENT((#18485,#18490));
#18485 = SURFACE_STYLE_USAGE(.BOTH.,#18486);
#18486 = SURFACE_SIDE_STYLE('',(#18487));
#18487 = SURFACE_STYLE_FILL_AREA(#18488);
#18488 = FILL_AREA_STYLE('',(#18489));
#18489 = FILL_AREA_STYLE_COLOUR('',#18368);
#18490 = CURVE_STYLE('',#18491,POSITIVE_LENGTH_MEASURE(0.1),#18371);
#18491 = DRAUGHTING_PRE_DEFINED_CURVE_FONT('continuous');
#18492 = MECHANICAL_DESIGN_GEOMETRIC_PRESENTATION_REPRESENTATION('',(
    #18493),#4857);
#18493 = STYLED_ITEM('color',(#18494),#1846);
#18494 = PRESENTATION_STYLE_ASSIGNMENT((#18495,#18500));
#18495 = SURFACE_STYLE_USAGE(.BOTH.,#18496);
#18496 = SURFACE_SIDE_STYLE('',(#18497));
#18497 = SURFACE_STYLE_FILL_AREA(#18498);
#18498 = FILL_AREA_STYLE('',(#18499));
#18499 = FILL_AREA_STYLE_COLOUR('',#18368);
#18500 = CURVE_STYLE('',#18501,POSITIVE_LENGTH_MEASURE(0.1),#18371);
#18501 = DRAUGHTING_PRE_DEFINED_CURVE_FONT('continuous');
#18502 = MECHANICAL_DESIGN_GEOMETRIC_PRESENTATION_REPRESENTATION('',(
    #18503),#10081);
#18503 = STYLED_ITEM('color',(#18504),#8770);
#18504 = PRESENTATION_STYLE_ASSIGNMENT((#18505,#18510));
#18505 = SURFACE_STYLE_USAGE(.BOTH.,#18506);
#18506 = SURFACE_SIDE_STYLE('',(#18507));
#18507 = SURFACE_STYLE_FILL_AREA(#18508);
#18508 = FILL_AREA_STYLE('',(#18509));
#18509 = FILL_AREA_STYLE_COLOUR('',#18368);
#18510 = CURVE_STYLE('',#18511,POSITIVE_LENGTH_MEASURE(0.1),#18371);
#18511 = DRAUGHTING_PRE_DEFINED_CURVE_FONT('continuous');
#18512 = MECHANICAL_DESIGN_GEOMETRIC_PRESENTATION_REPRESENTATION('',(
    #18513),#18349);
#18513 = STYLED_ITEM('color',(#18514),#16621);
#18514 = PRESENTATION_STYLE_ASSIGNMENT((#18515,#18520));
#18515 = SURFACE_STYLE_USAGE(.BOTH.,#18516);
#18516 = SURFACE_SIDE_STYLE('',(#18517));
#18517 = SURFACE_STYLE_FILL_AREA(#18518);
#18518 = FILL_AREA_STYLE('',(#18519));
#18519 = FILL_AREA_STYLE_COLOUR('',#18368);
#18520 = CURVE_STYLE('',#18521,POSITIVE_LENGTH_MEASURE(0.1),#18371);
#18521 = DRAUGHTING_PRE_DEFINED_CURVE_FONT('continuous');
#18522 = MECHANICAL_DESIGN_GEOMETRIC_PRESENTATION_REPRESENTATION('',(
    #18523),#11316);
#18523 = STYLED_ITEM('color',(#18524),#10535);
#18524 = PRESENTATION_STYLE_ASSIGNMENT((#18525,#18530));
#18525 = SURFACE_STYLE_USAGE(.BOTH.,#18526);
#18526 = SURFACE_SIDE_STYLE('',(#18527));
#18527 = SURFACE_STYLE_FILL_AREA(#18528);
#18528 = FILL_AREA_STYLE('',(#18529));
#18529 = FILL_AREA_STYLE_COLOUR('',#18368);
#18530 = CURVE_STYLE('',#18531,POSITIVE_LENGTH_MEASURE(0.1),#18371);
#18531 = DRAUGHTING_PRE_DEFINED_CURVE_FONT('continuous');
ENDSEC;
END-ISO-10303-21;
